bootstrap,N,C
0,1,0.8004402054292002
0,2,0.7994619711420885
0,3,0.8769870383956961
0,4,0.8955123502078748
0,5,0.915431645879188
0,6,0.9204369446482433
0,7,0.9281812994212114
0,8,0.9347028613352898
0,9,0.9361702127659575
0,10,0.9391252955082742
0,11,0.9439008480104372
0,12,0.9429491884838105
0,13,0.9459724950884086
0,14,0.9452717795979151
0,15,0.9468726450640542
0,16,0.9462103734085278
0,17,0.9458388375165125
0,18,0.9461080586080586
0,19,0.9429925330269959
0,20,0.9422322775263952
0,21,0.941908713692946
1,1,0.8148691611640988
1,2,0.8158473954512105
1,3,0.8890519279367415
1,4,0.9050501345072145
1,5,0.9190511127415016
1,6,0.9248797587022092
1,7,0.9336838672862151
1,8,0.9355180565745497
1,9,0.9405315072959974
1,10,0.9408983451536643
1,11,0.9427185257664709
1,12,0.9465131471500898
1,13,0.9470814887686505
1,14,0.948434393638171
1,15,0.9481976304512226
1,16,0.9473911168607158
1,17,0.948714550755367
1,18,0.9478993919292427
1,19,0.948901205756515
1,20,0.9468643805993203
1,21,0.9494637634059149
2,1,0.8156028368794326
2,2,0.8072878454389827
2,3,0.878617428874216
2,4,0.8906823184152605
2,5,0.9066275372951822
2,6,0.9116328360642374
2,7,0.9152080494707052
2,8,0.9211910002445587
2,9,0.9275495231107849
2,10,0.9285481372788783
2,11,0.9318163281950902
2,12,0.9375204048318643
2,13,0.9394162374294824
2,14,0.9408203607610576
2,15,0.9422868119936524
2,16,0.9402870322911328
2,17,0.942429022082019
2,18,0.9395684768696287
2,19,0.9385234128124103
2,20,0.9362745098039215
2,21,0.93616
3,1,0.8200048911714356
3,2,0.8118121790168745
3,3,0.8822858074508844
3,4,0.896429444852042
3,5,0.9118366348740523
3,6,0.9203961848862803
3,7,0.9337653868101411
3,8,0.9318904377598435
3,9,0.937963642292329
3,10,0.9389011168174779
3,11,0.9428816046966731
3,12,0.9441997063142438
3,13,0.9456584008511334
3,14,0.945049504950495
3,15,0.9478228228228228
3,16,0.949216087252897
3,17,0.9492259249540803
3,18,0.9485495347564313
3,19,0.9502294893861158
3,20,0.9474004256612952
3,21,0.9460245636716225
4,1,0.826118855465884
4,2,0.8213499633162142
4,3,0.8892964865085193
4,4,0.9015651748593788
4,5,0.9196869650281242
4,6,0.9270807858482106
4,7,0.9351512187168828
4,8,0.9391456753892556
4,9,0.9416320208689981
4,10,0.9415912611070352
4,11,0.9429363332518138
4,12,0.9412484700122399
4,13,0.942957688845241
4,14,0.9448019801980198
4,15,0.9464017991004497
4,16,0.9476640285933112
4,17,0.9478703945649334
4,18,0.9463299846139921
4,19,0.9464897260273972
4,20,0.9445775913720791
4,21,0.9472187104930467
5,1,0.818048422597212
5,2,0.8175593054536562
5,3,0.8867693812668137
5,4,0.8999755441428222
5,5,0.9129126925898752
5,6,0.926061791799136
5,7,0.9309122034727318
5,8,0.9362517322898833
5,9,0.9401646694383305
5,10,0.9424879758702209
5,11,0.9483981413548543
5,12,0.9468788249694002
5,13,0.9479651875459671
5,14,0.9474682500412337
5,15,0.94725
5,16,0.9456623332483642
5,17,0.9481598041786868
5,18,0.9421277181392789
5,19,0.9399766899766899
5,20,0.9410500460546515
5,21,0.9406504065040651
6,1,0.8124235754463194
6,2,0.8143800440205429
6,3,0.8937800603244479
6,4,0.9129982880899975
6,5,0.9261188554658841
6,6,0.9325833537132143
6,7,0.9378821227684029
6,8,0.9433439308714436
6,9,0.9427732942039618
6,10,0.9473180076628351
6,11,0.9479370515329419
6,12,0.9511388684790595
6,13,0.9506886374815543
6,14,0.9521857923497268
6,15,0.9504764292878636
6,16,0.9524357989932599
6,17,0.9551990180606698
6,18,0.9537062551667126
6,19,0.950536698578474
6,20,0.950519242516799
6,21,0.946595676024524
7,1,0.818048422597212
7,2,0.8195157740278797
7,3,0.8875845765060737
7,4,0.9040719002201028
7,5,0.9201760821716801
7,6,0.9296078910899161
7,7,0.9335208282383629
7,8,0.9379432624113475
7,9,0.9438330480149997
7,10,0.9450150811119262
7,11,0.9463062622309197
7,12,0.9476132190942472
7,13,0.9494317717275774
7,14,0.9517153224476331
7,15,0.9496124031007752
7,16,0.9506958587915818
7,17,0.9533350794482276
7,18,0.9512729263618943
7,19,0.9498567335243553
7,20,0.9469079939668175
7,21,0.9475691134413727
8,1,0.82660797260944
8,2,0.8174370261677671
8,3,0.8892149669845932
8,4,0.904866715578381
8,5,0.9258742968941062
8,6,0.929159533708323
8,7,0.9368631287193282
8,8,0.9406537865818863
8,9,0.9443425450395371
8,10,0.9455041982554822
8,11,0.9491521969511698
8,12,0.9520313264806657
8,13,0.9512543924164419
8,14,0.9543803154157378
8,15,0.9546893220056638
8,16,0.9538147486603725
8,17,0.95263710312254
8,18,0.9530992868897422
8,19,0.9521183981427742
8,20,0.9509803921568627
8,21,0.9480012999675008
9,1,0.8131572511616532
9,2,0.8162142333088774
9,3,0.8870139398385919
9,4,0.9052946930789925
9,5,0.9188310100269013
9,6,0.9275699029917664
9,7,0.9344990625254748
9,8,0.9394106138420152
9,9,0.94261025515611
9,10,0.9438126681340181
9,11,0.9449743213499632
9,12,0.9455599085863532
9,13,0.949243353783231
9,14,0.9532525352461044
9,15,0.9537037037037037
9,16,0.9527268093781855
9,17,0.955196665798385
9,18,0.9524070021881839
9,19,0.9528138528138528
9,20,0.9519963425784822
9,21,0.9520746220649726
10,1,0.8114453411592076
10,2,0.8102225483003179
10,3,0.885954186027554
10,4,0.9068231841526045
10,5,0.9170457324529225
10,6,0.9285481372788782
10,7,0.9351104589549197
10,8,0.936109073123013
10,9,0.9395532730088856
10,10,0.9404499877720714
10,11,0.9457487568272602
10,12,0.945315050603983
10,13,0.9473770357639741
10,14,0.949686313356447
10,15,0.9516290726817043
10,16,0.9499358151476252
10,17,0.9490387147748223
10,18,0.9483200585919618
10,19,0.9447995351539803
10,20,0.945438011518642
10,21,0.946382842509603
11,1,0.8153582783076547
11,2,0.8130349718757642
11,3,0.8821227684030327
11,4,0.9016874541452677
11,5,0.9180973343115677
11,6,0.9249612782261353
11,7,0.9335907021160139
11,8,0.9429363332518139
11,9,0.942732534441999
11,10,0.9445422678731556
11,11,0.9453819189695933
11,12,0.9447572419420645
11,13,0.9468616846935431
11,14,0.9483832384723253
11,15,0.9478853853853854
11,16,0.9465199590583419
11,17,0.9458069620253164
11,18,0.9472100656455142
11,19,0.9465156294809292
11,20,0.9437086092715232
11,21,0.9446207553157727
12,1,0.8124235754463194
12,2,0.8143800440205429
12,3,0.881389092687699
12,4,0.9037662020053803
12,5,0.9220102714600147
12,6,0.9281405396592486
12,7,0.9336023477622891
12,8,0.9361702127659576
12,9,0.9426510149180728
12,10,0.946237873970816
12,11,0.9470271592855395
12,12,0.948271635204707
12,13,0.9497991967871486
12,14,0.9514767932489452
12,15,0.950037565740045
12,16,0.9500042767941153
12,17,0.9514255543822597
12,18,0.9487993375655535
12,19,0.9476439790575916
12,20,0.9464615384615385
12,21,0.9468567725210628
13,1,0.8285644411836635
13,2,0.8175593054536562
13,3,0.887584576506074
13,4,0.9022377109317682
13,5,0.9174125703105893
13,6,0.925857992989321
13,7,0.9302192875193609
13,8,0.93211461645064
13,9,0.9348251406211787
13,10,0.9408779652726829
13,11,0.9441046966731899
13,12,0.949669360764144
13,13,0.9485257985257985
13,14,0.9507603781339908
13,15,0.9483532934131735
13,16,0.9518461800238217
13,17,0.9498950682056663
13,18,0.9461496300356262
13,19,0.945102571511124
13,20,0.9461678832116789
13,21,0.9483537766300839
14,1,0.8143800440205429
14,2,0.8143800440205429
14,3,0.8822858074508847
14,4,0.9011983370017119
14,5,0.9139153827341648
14,6,0.9190103529795386
14,7,0.9308306839488057
14,8,0.9314420803782507
14,9,0.9403888481291269
14,10,0.9413059427732942
14,11,0.9429770930137769
14,12,0.9443763783386425
14,13,0.9457440696051875
14,14,0.9467247097844113
14,15,0.9461674230963187
14,16,0.9459725792630677
14,17,0.9446791655664114
14,18,0.9447793916141408
14,19,0.943150225290001
14,20,0.9406351132686085
14,21,0.9389031430404106
15,1,0.8026412325752018
15,2,0.8108339447297628
15,3,0.8839977174533307
15,4,0.9016874541452677
15,5,0.9223771093176817
15,6,0.9246759598923944
15,7,0.9333577891905113
15,8,0.9365778103855874
15,9,0.9384119996739219
15,10,0.9412651830113312
15,11,0.9423656965843319
15,12,0.9450289535926922
15,13,0.9465963880035956
15,14,0.9484175914508837
15,15,0.950548081714001
15,16,0.948711405970911
15,17,0.9512002110261145
15,18,0.9509185632026323
15,19,0.9486143187066974
15,20,0.9512750455373407
15,21,0.9558264724509183
16,1,0.8158473954512105
16,2,0.8159696747370996
16,3,0.8886443303171111
16,4,0.9035827830765468
16,5,0.9183908045977011
16,6,0.9247574794163201
16,7,0.933806146572104
16,8,0.9363128719328279
16,9,0.9426306350370912
16,10,0.9456876171843157
16,11,0.9472847358121331
16,12,0.9475081699346405
16,13,0.9491400491400491
16,14,0.9499381953028431
16,15,0.9486986986986987
16,16,0.9485706993363962
16,17,0.9476028294472099
16,18,0.9487004103967168
16,19,0.9475433526011561
16,20,0.9442744978076885
16,21,0.9457111834961999
17,1,0.8231841526045488
17,2,0.8186598190266569
17,3,0.8820412488791066
17,4,0.8988750305698214
17,5,0.9166299828809
17,6,0.9261433113230617
17,7,0.9360071737181054
17,8,0.9410206244395533
17,9,0.9476848455205021
17,10,0.9462786337327789
17,11,0.9498817388467499
17,12,0.9503389692068936
17,13,0.9536287023400426
17,14,0.9530592023780035
17,15,0.9541093032957864
17,16,0.9533196791261307
17,17,0.9526191102921822
17,18,0.9498764075803351
17,19,0.9490326306670517
17,20,0.9464939024390244
17,21,0.946382842509603
18,1,0.8214722426021032
18,2,0.8151137197358768
18,3,0.8852205103122206
18,4,0.9056003912937148
18,5,0.9150158963071656
18,6,0.9211298606016142
18,7,0.9292818129942122
18,8,0.9352123583598272
18,9,0.9377190837205511
18,10,0.9411429037254424
18,11,0.9453411592076302
18,12,0.9484544490661447
18,13,0.9503720055596436
18,14,0.9518802572983671
18,15,0.9499250749250749
18,16,0.9491849210392257
18,17,0.9496205181889558
18,18,0.9496607869742199
18,19,0.9487505893446486
18,20,0.9446929039952295
18,21,0.945839874411303
19,1,0.8109562240156517
19,2,0.814135485448765
19,3,0.8879921741257041
19,4,0.9004646612863781
19,5,0.9142088530202983
19,6,0.9233716475095785
19,7,0.9268362272764329
19,8,0.9292614331132306
19,9,0.9320127170457324
19,10,0.9375152849107361
19,11,0.9396868118424272
19,12,0.9428396572827419
19,13,0.9437965463622227
19,14,0.9449128027109679
19,15,0.9467951927891838
19,16,0.947584789311408
19,17,0.9456914004048939
19,18,0.9439418859649122
19,19,0.9456793687451887
19,20,0.9461213401750679
19,21,0.9461710990067286
20,1,0.8026412325752018
20,2,0.8114453411592076
20,3,0.8781283117306596
20,4,0.8945952555637076
20,5,0.9113475177304965
20,6,0.9210075813157252
20,7,0.9286704165647672
20,8,0.9340507051438819
20,9,0.9389826363414039
20,10,0.9408575853917013
20,11,0.9424879758702209
20,12,0.9444580376804502
20,13,0.945139911634757
20,14,0.9441425866469088
20,15,0.9451940696318507
20,16,0.9419677171406611
20,17,0.9421223273746934
20,18,0.9437146506112024
20,19,0.9423631123919308
20,20,0.9407305657305658
20,21,0.9400172767519707
21,1,0.8229395940327708
21,2,0.8195157740278797
21,3,0.8822042879269587
21,4,0.8982024944974322
21,5,0.9146246025923209
21,6,0.921292899649466
21,7,0.9301377679954349
21,8,0.9334393087144371
21,9,0.9351512187168827
21,10,0.9355588163365126
21,11,0.9409917624989804
21,12,0.945627345407081
21,13,0.9471704285246973
21,14,0.9478393534553851
21,15,0.947451963241437
21,16,0.9459943690811364
21,17,0.9473058637083994
21,18,0.943590447433434
21,19,0.9415490930031672
21,20,0.9410519951632407
21,21,0.9409162717219589
22,1,0.8200048911714356
22,2,0.8120567375886525
22,3,0.886280264123258
22,4,0.90498899486427
22,5,0.9182440694546343
22,6,0.9268362272764327
22,7,0.9334800684764001
22,8,0.9390437759843483
22,9,0.9450558408738893
22,10,0.9448112823021113
22,11,0.949119373776908
22,12,0.9482279928139801
22,13,0.9491490754377353
22,14,0.9496085702513392
22,15,0.9518805770994913
22,16,0.9532141336739038
22,17,0.9549502357255107
22,18,0.952710027100271
22,19,0.9528840662478584
22,20,0.9530160654743862
22,21,0.9537900718344592
23,1,0.797505502567865
23,2,0.805698214722426
23,3,0.8765794407760661
23,4,0.888481291269259
23,5,0.9082660797260943
23,6,0.9151381755930547
23,7,0.9182359175022419
23,8,0.9203146653623544
23,9,0.9259598923942284
23,10,0.9300562484715089
23,11,0.9339368730119892
23,12,0.9372246696035242
23,13,0.9394794991406825
23,14,0.9396636993076162
23,15,0.9412059044283212
23,16,0.939471007121058
23,17,0.94
23,18,0.93741533459767
23,19,0.9390934844192634
23,20,0.9393263992075285
23,21,0.93765625
24,1,0.818048422597212
24,2,0.8165810711665444
24,3,0.8876660960299998
24,4,0.9076791391538274
24,5,0.921252139887503
24,6,0.929485611804027
24,7,0.9318496779978805
24,8,0.9401646694383305
24,9,0.9437107687291106
24,10,0.946482432542594
24,11,0.9485611804027064
24,12,0.9500448576788191
24,13,0.9503433055419324
24,14,0.9543209876543209
24,15,0.9537637088733799
24,16,0.9543181625561488
24,17,0.9516185476815398
24,18,0.9532876712328767
24,19,0.9529173887926055
24,20,0.949918896999189
24,21,0.949608663021336
25,1,0.8175593054536562
25,2,0.8070432868672047
25,3,0.8801662998288099
25,4,0.9030325262900465
25,5,0.9140865737344095
25,6,0.9194179505991685
25,7,0.9290780141843972
25,8,0.9307899241868427
25,9,0.9366797097904949
25,10,0.9384935191978478
25,11,0.9373369210697978
25,12,0.9411260709914321
25,13,0.9442671249693101
25,14,0.9458724666337123
25,15,0.946119973413094
25,16,0.9471410419313849
25,17,0.9472930765226445
25,18,0.9462978030919447
25,19,0.944745859508852
25,20,0.9435943594359436
25,21,0.9424338624338624
26,1,0.8209831254585473
26,2,0.8173147468818782
26,3,0.8845683541208125
26,4,0.9013206162876009
26,5,0.9211543164587919
26,6,0.9250427977500612
26,7,0.9327463927610663
26,8,0.9372299665769952
26,9,0.9408168256297385
26,10,0.9449743213499633
26,11,0.9488339856490542
26,12,0.9493799967368249
26,13,0.951627412495911
26,14,0.9547406673273868
26,15,0.9570820820820821
26,16,0.9585241730279899
26,17,0.9569527785024785
26,18,0.9590810222947254
26,19,0.9591194968553459
26,20,0.9590949955049446
26,21,0.956364209199748
27,1,0.8050868182929811
27,2,0.8075324040107605
27,3,0.8817966903073292
27,4,0.9027879677182685
27,5,0.9192712154561018
27,6,0.9245129208445425
27,7,0.9306676449009538
27,8,0.9321349963316214
27,9,0.9375152849107362
27,10,0.9385342789598108
27,11,0.9446074834922965
27,12,0.9483708966193043
27,13,0.947594501718213
27,14,0.9478444003964321
27,15,0.949970767560344
27,16,0.9475741354405642
27,17,0.9496979248752299
27,18,0.9487074084223988
27,19,0.9486735870818915
27,20,0.9475129691791272
27,21,0.9461604461604463
28,1,0.8204940083149914
28,2,0.8208608461726583
28,3,0.8904377598434828
28,4,0.900709219858156
28,5,0.9218146246025923
28,6,0.9263471101328768
28,7,0.9327463927610664
28,8,0.9359052743131979
28,9,0.9396551724137931
28,10,0.9416727806309612
28,11,0.9443085453359426
28,12,0.9455183100888996
28,13,0.9484126984126985
28,14,0.95042481234018
28,15,0.9512602236688367
28,16,0.9511758691206544
28,17,0.9490144546649146
28,18,0.9479166666666666
28,19,0.9482461184588844
28,20,0.9459909228441755
28,21,0.9473007712082262
29,1,0.813890926876987
29,2,0.8142577647346539
29,3,0.8828564441183671
29,4,0.8959403277084862
29,5,0.9106627537295182
29,6,0.921007581315725
29,7,0.9289091523134076
29,8,0.9370261677671804
29,9,0.9392679546751447
29,10,0.9430178527757398
29,11,0.9431530870238969
29,12,0.9465247185511503
29,13,0.9482391482391481
29,14,0.949888365169933
29,15,0.9506381381381381
29,16,0.9514864979981259
29,17,0.9544377139847248
29,18,0.9513217279174726
29,19,0.9505238649592549
29,20,0.9479070719476
29,21,0.9484486102133161
30,1,0.8222059183174371
30,2,0.8203717290291025
30,3,0.8848944322165159
30,4,0.9037662020053803
30,5,0.9160674981658109
30,6,0.9234939267954677
30,7,0.9309122034727318
30,8,0.9358441346702536
30,9,0.9405315072959975
30,10,0.9442406456346295
30,11,0.9465639520665199
30,12,0.9483602545276554
30,13,0.9490559097596861
30,14,0.9501650165016501
30,15,0.9507623094226444
30,16,0.9523017902813299
30,17,0.9503806773431347
30,18,0.950082056892779
30,19,0.9484709040360464
30,20,0.9477881432440566
30,21,0.9491094147582697
31,1,0.8251406211787723
31,2,0.8107116654438739
31,3,0.8862802641232574
31,4,0.9035827830765468
31,5,0.9182196135974566
31,6,0.9236162060813565
31,7,0.9303415668052498
31,8,0.9356810956224016
31,9,0.9394717534849595
31,10,0.9431401320616288
31,11,0.9434654919236418
31,12,0.9461996897705934
31,13,0.9476915520628684
31,14,0.9480766055803203
31,15,0.9480340596043076
31,16,0.9484848484848485
31,17,0.9477081138040042
31,18,0.9489665847218429
31,19,0.9499141385231826
31,20,0.9499547784142297
31,21,0.9508957133717211
32,1,0.8153582783076547
32,2,0.8157251161653216
32,3,0.8853835493600726
32,4,0.9041941795059917
32,5,0.9140865737344094
32,6,0.9234124072715415
32,7,0.9254911551316539
32,8,0.9340303252629004
32,9,0.937882122768403
32,10,0.941835819678813
32,11,0.941917339202739
32,12,0.9450428396572828
32,13,0.9484710980295968
32,14,0.9460917552096203
32,15,0.9462768615692154
32,16,0.9464285714285714
32,17,0.9487785657998424
32,18,0.9460717218724336
32,19,0.9448944171246746
32,20,0.9424131627056673
32,21,0.9457115322839704
33,1,0.8063096111518708
33,2,0.8059427732942039
33,3,0.8878291350778512
33,4,0.9095133284421619
33,5,0.9235754463193934
33,6,0.9337653868101411
33,7,0.9395940327708486
33,8,0.9392068150322002
33,9,0.9410817640824977
33,10,0.9428344338469062
33,11,0.9476644656395207
33,12,0.9471494984095914
33,13,0.9497055937193327
33,14,0.9497897600791492
33,15,0.9483532934131736
33,16,0.9497699386503068
33,17,0.9491703976823809
33,18,0.9472602739726027
33,19,0.9456018518518519
33,20,0.9433617539585871
33,21,0.9418604651162791
34,1,0.8033749082905356
34,2,0.8077769625825385
34,3,0.8719328279122852
34,4,0.8967351430667645
34,5,0.9085350941550502
34,6,0.9156272927366105
34,7,0.9203146653623544
34,8,0.9262248308469878
34,9,0.9294448520420641
34,10,0.9327871525230294
34,11,0.9363621520124092
34,12,0.9383729478069102
34,13,0.9397215397215398
34,14,0.9414726762423643
34,15,0.9429000751314801
34,16,0.9427962489343564
34,17,0.9437007874015748
34,18,0.9412086409625376
34,19,0.9403903470820114
34,20,0.9403929909855161
34,21,0.9397106109324759
35,1,0.8131572511616532
35,2,0.8070432868672047
35,3,0.8791880655416979
35,4,0.894656395206652
35,5,0.9092687698703839
35,6,0.9160348903562405
35,7,0.9230863291758377
35,8,0.9273253444199885
35,9,0.9327463927610664
35,10,0.9360886932420315
35,11,0.9372553816046967
35,12,0.9424710109423486
35,13,0.9435028248587569
35,14,0.9448011854778958
35,15,0.9439719859929965
35,16,0.943649373881932
35,17,0.9444736151220793
35,18,0.9437821728528853
35,19,0.9440203562340967
35,20,0.9452054794520548
35,21,0.9465130956137583
36,1,0.8063096111518708
36,2,0.8118121790168745
36,3,0.8840792369772564
36,4,0.9024211298606016
36,5,0.9176082171680116
36,6,0.9239830439390233
36,7,0.9296078910899161
36,8,0.9323387951414362
36,9,0.9374337653868101
36,10,0.9440776065867775
36,11,0.944043542074364
36,12,0.9448661443029709
36,13,0.9479882237487733
36,14,0.9515054294175715
36,15,0.9497380892990771
36,16,0.9519695044472681
36,17,0.9511652264990835
36,18,0.9510795299262094
36,19,0.9490914335160081
36,20,0.945573074590661
36,21,0.9442115446630119
37,1,0.8023966740034238
37,2,0.8093665932990951
37,3,0.8870954593625171
37,4,0.9102470041574957
37,5,0.9267547077525067
37,6,0.9316051194261026
37,7,0.9318438551747429
37,8,0.9361294530039945
37,9,0.9390641558653297
37,10,0.9406537865818863
37,11,0.9436424435201044
37,12,0.9463920895644357
37,13,0.9479832759468766
37,14,0.9490040499214811
37,15,0.9474059173581427
37,16,0.9464820039326324
37,17,0.9477848101265823
37,18,0.9455735603771857
37,19,0.9432634300488365
37,20,0.9427319431852523
37,21,0.9455477258167841
38,1,0.7994619711420885
38,2,0.7915138175593055
38,3,0.863617836471835
38,4,0.884690633406701
38,5,0.9064074345805819
38,6,0.9119996739219044
38,7,0.9197847884568353
38,8,0.9236773457243009
38,9,0.9281609195402298
38,10,0.9287926958506562
38,11,0.9318571079031074
38,12,0.9395022439820481
38,13,0.94162166584847
38,14,0.9403491354347647
38,15,0.9418502754131197
38,16,0.9429153924566769
38,17,0.9386102403343782
38,18,0.9382884109265814
38,19,0.9390290519877676
38,20,0.9370359221352599
38,21,0.9400725101300916
39,1,0.8124235754463194
39,2,0.8170701883101003
39,3,0.8916605527023724
39,4,0.9058449498654928
39,5,0.921032037172903
39,6,0.9316051194261026
39,7,0.9408168256297385
39,8,0.9463805331376864
39,9,0.9473791473057798
39,10,0.950476889214967
39,11,0.9535338713621913
39,12,0.953733170134639
39,13,0.9541994106090373
39,14,0.9564732142857143
39,15,0.9562040748162992
39,16,0.9549284984678243
39,17,0.9563387690689111
39,18,0.957978187150582
39,19,0.9563377572610117
39,20,0.9551651014843987
39,21,0.95424
40,1,0.8119344583027636
40,2,0.8165810711665444
40,3,0.8896225646042233
40,4,0.9042553191489362
40,5,0.9187087307410124
40,6,0.9215374582212441
40,7,0.9293633325181382
40,8,0.935864514551235
40,9,0.9421415178935356
40,10,0.9421415178935356
40,11,0.9433846906334067
40,12,0.9444308445532436
40,13,0.9495581737849779
40,14,0.9493067590987868
40,15,0.950713034776082
40,16,0.9492864424057085
40,17,0.9491480996068152
40,18,0.9502276867030964
40,19,0.9489678899082569
40,20,0.9492424242424242
40,21,0.9477491961414791
41,1,0.8385913426265591
41,2,0.8251406211787723
41,3,0.887176978886444
41,4,0.9067009048667156
41,5,0.9181217901687455
41,6,0.9299339691856202
41,7,0.9346621015733269
41,8,0.9368427488383468
41,9,0.9402461889622564
41,10,0.9456468574223527
41,11,0.9474199070677427
41,12,0.9467694566813509
41,13,0.9472263132056946
41,14,0.9469827941055404
41,15,0.9453483521068002
41,16,0.9458492975734355
41,17,0.9450678496868476
41,18,0.9459239130434782
41,19,0.9455928797014068
41,20,0.9426577669902912
41,21,0.9435552710200599
42,1,0.8102225483003179
42,2,0.8151137197358768
42,3,0.8879106546017776
42,4,0.9076179995108828
42,5,0.9171191000244558
42,6,0.9261840710850249
42,7,0.9329909513328443
42,8,0.9331132306187332
42,9,0.9368631287193283
42,10,0.9388195972935517
42,11,0.9427592954990214
42,12,0.9455465752306311
42,13,0.9459614596145961
42,14,0.9481307254270859
42,15,0.9489099683807622
42,16,0.9497792494481235
42,17,0.9500350324049746
42,18,0.9488543371522095
42,19,0.9475783475783476
42,20,0.94662638469285
42,21,0.9463981244671782
43,1,0.8160919540229885
43,2,0.8174370261677671
43,3,0.8811445341159215
43,4,0.900709219858156
43,5,0.9103937393005624
43,6,0.9197847884568356
43,7,0.9287926958506563
43,8,0.9354976766935681
43,9,0.9428955734898509
43,10,0.9454022988505747
43,11,0.944642857142857
43,12,0.9471922951354881
43,13,0.9506309406751884
43,14,0.9499463563588346
43,15,0.9540043290043291
43,16,0.9517197452229299
43,17,0.9536281477581819
43,18,0.9546747408019085
43,19,0.9556907037358818
43,20,0.955851224674932
43,21,0.9582266325224071
44,1,0.7989728539985327
44,2,0.8092443140132062
44,3,0.8835086003097744
44,4,0.8985693323550991
44,5,0.9131083394472977
44,6,0.9187250346457977
44,7,0.9280590201353226
44,8,0.9329501915708812
44,9,0.9383101002690143
44,10,0.942121138012554
44,11,0.9455724070450098
44,12,0.9456015682430777
44,13,0.9496600311296797
44,14,0.9503010805906128
44,15,0.9536944583125312
44,16,0.9525198714696432
44,17,0.9533559380977222
44,18,0.9494184473897755
44,19,0.9506962205171924
44,20,0.9497744360902256
44,21,0.9465130956137583
45,1,0.81829298116899
45,2,0.8169479090242113
45,3,0.888155213173555
45,4,0.9008926387869894
45,5,0.9152849107361213
45,6,0.9238607646531344
45,7,0.9327463927610664
45,8,0.9358848944322167
45,9,0.9395940327708487
45,10,0.9429363332518139
45,11,0.9443221651585554
45,12,0.9494368266405485
45,13,0.949914068254358
45,14,0.9500124038700075
45,15,0.9512846179512846
45,16,0.9511479591836735
45,17,0.9509701101206084
45,18,0.9495362793235134
45,19,0.9497286489574407
45,20,0.9484821069561722
45,21,0.9508615188257817
46,1,0.8156028368794326
46,2,0.8147468818782099
46,3,0.8841607565011818
46,4,0.9039496209342137
46,5,0.9199070677427245
46,6,0.9239830439390235
46,7,0.934132224667808
46,8,0.9317681584739547
46,9,0.9371484470530693
46,10,0.9391456753892556
46,11,0.9419296957833782
46,12,0.944267645858833
46,13,0.9438587889188526
46,14,0.9449666089537472
46,15,0.9485735735735735
46,16,0.9480020491803278
46,17,0.9463692038495187
46,18,0.9455986878075451
46,19,0.9441412981045376
46,20,0.9424591156874621
46,21,0.9413452343002869
47,1,0.8048422597212033
47,2,0.8004402054292002
47,3,0.8812260536398474
47,4,0.9044998777207142
47,5,0.9202739056003912
47,6,0.9278144615635444
47,7,0.9329909513328443
47,8,0.9373114861009212
47,9,0.9395532730088857
47,10,0.9400831499144044
47,11,0.942080378250591
47,12,0.9470957741882853
47,13,0.9469120654396728
47,14,0.9481435643564357
47,15,0.9496619083395943
47,16,0.9470980996404725
47,17,0.9470338983050848
47,18,0.9462809917355371
47,19,0.9483648881239243
47,20,0.946487790171842
47,21,0.9477113795295613
48,1,0.8209831254585473
48,2,0.8179261433113231
48,3,0.892883345561262
48,4,0.9106138420151626
48,5,0.9234776228906824
48,6,0.9287111763267303
48,7,0.9362517322898836
48,8,0.9400831499144046
48,9,0.9443221651585554
48,10,0.9460136952800194
48,11,0.9475293542074364
48,12,0.9505915952672379
48,13,0.9519364611479572
48,14,0.954819775132275
48,15,0.9566934068688895
48,16,0.9543250829293187
48,17,0.9527009222661397
48,18,0.9511153952079316
48,19,0.9507652324574069
48,20,0.9495104039167687
48,21,0.9472750725572396
49,1,0.8175593054536562
49,2,0.8153582783076547
49,3,0.8866063422189614
49,4,0.9062729273661042
49,5,0.9220347273171925
49,6,0.9283443384690634
49,7,0.937556044672699
49,8,0.9402054292002935
49,9,0.9443221651585554
49,10,0.9425287356321839
49,11,0.9490095377842993
49,12,0.9497186200146807
49,13,0.9497179298503802
49,14,0.9503090234857849
49,15,0.9515968063872255
49,16,0.9507758839989825
49,17,0.9529657695322707
49,18,0.9519152404237978
49,19,0.9510279840091377
49,20,0.9507106138494104
49,21,0.9495974235104669
50,1,0.80997798972854
50,2,0.805820494008315
50,3,0.8882367326974818
50,4,0.9034605037906579
50,5,0.9201271704573244
50,6,0.925450395369691
50,7,0.9322980353794735
50,8,0.9373318659819027
50,9,0.9413059427732942
50,10,0.9433439308714437
50,11,0.9471624266144814
50,12,0.949734802121583
50,13,0.9518900343642611
50,14,0.9509172037679723
50,15,0.9520290581162325
50,16,0.9503028751812984
50,17,0.9525997899159664
50,18,0.9513144636804983
50,19,0.9505050505050505
50,20,0.9478499542543458
50,21,0.9480645161290323
51,1,0.8234287111763268
51,2,0.8156028368794326
51,3,0.8873400179342954
51,4,0.9016263145023233
51,5,0.9200293470286135
51,6,0.925654194179506
51,7,0.9337653868101411
51,8,0.9360071737181054
51,9,0.9380044020542919
51,10,0.9428140539659249
51,11,0.9443493150684932
51,12,0.9457782132941369
51,13,0.9496438221567183
51,14,0.9516956162117451
51,15,0.9534767383691846
51,16,0.9489562118126272
51,17,0.9465879265091863
51,18,0.948784485113357
51,19,0.9470369310048669
51,20,0.9470268638696046
51,21,0.9433269476372924
52,1,0.8246515040352165
52,2,0.8215945218879922
52,3,0.8928018260373365
52,4,0.9040107605771582
52,5,0.9199804353142577
52,6,0.9223526534605039
52,7,0.9316458791880656
52,8,0.9390845357463112
52,9,0.9428548137278878
52,10,0.9429567131327953
52,11,0.9462328767123287
52,12,0.9496490368919359
52,13,0.9537800687285223
52,14,0.9545867393278837
52,15,0.9535669586983729
52,16,0.9531887755102041
52,17,0.9527139966569895
52,18,0.9531479441997063
52,19,0.9500723589001447
52,20,0.9511677282377919
52,21,0.9507855081756973
53,1,0.8043531425776473
53,2,0.8010516018586451
53,3,0.8706285155294696
53,4,0.8922719491318171
53,5,0.9110051357300072
53,6,0.917583761310834
53,7,0.9237268397209704
53,8,0.9307491644248798
53,9,0.9350289394309937
53,10,0.9373522458628842
53,11,0.9392233643334965
53,12,0.9420298726738492
53,13,0.9425675675675675
53,14,0.9482986455236206
53,15,0.9468768242848804
53,16,0.9488679725260748
53,17,0.9506221178108413
53,18,0.9508686210640608
53,19,0.9505141994527786
53,20,0.9458816532857568
53,21,0.949623352165725
54,1,0.8175593054536562
54,2,0.814013206162876
54,3,0.8829379636422925
54,4,0.8961848862802642
54,5,0.9179750550256788
54,6,0.9253281160838023
54,7,0.9306676449009538
54,8,0.933683867286215
54,9,0.9375560446726992
54,10,0.9382285807450884
54,11,0.9404598825831703
54,12,0.9431790350232672
54,13,0.9440897184020957
54,14,0.9463123197363
54,15,0.9494055042820321
54,16,0.9496153521007693
54,17,0.951038961038961
54,18,0.94674050063029
54,19,0.9477040816326531
54,20,0.9464232265788686
54,21,0.9434589800443459
55,1,0.8175593054536562
55,2,0.8147468818782099
55,3,0.8902747207956307
55,4,0.9122034727317192
55,5,0.9242357544631938
55,6,0.9309122034727317
55,7,0.9372707263389581
55,8,0.9409594847966087
55,9,0.9473791473057798
55,10,0.9479090242112986
55,11,0.9487116764514025
55,12,0.9504736240405031
55,13,0.9520419019559703
55,14,0.9536120732310738
55,15,0.9538403802852139
55,16,0.953755748594788
55,17,0.9540214828399266
55,18,0.9512561441835062
55,19,0.9486370157819225
55,20,0.9500251382604324
55,21,0.9483860658357303
56,1,0.8077769625825385
56,2,0.8105893861579848
56,3,0.879758702209179
56,4,0.8992418684274884
56,5,0.9175593054536562
56,6,0.9274068639439146
56,7,0.9320534768076956
56,8,0.9377598434825142
56,9,0.9386973180076629
56,10,0.9388195972935518
56,11,0.9446074834922964
56,12,0.9454916360669116
56,13,0.9461890742558065
56,14,0.9452150937164562
56,15,0.9458416750083416
56,16,0.9464664460846697
56,17,0.9459812108559499
56,18,0.9442182410423453
56,19,0.9470453896660007
56,20,0.9442113674957547
56,21,0.9449057809006707
57,1,0.8173147468818782
57,2,0.8191489361702128
57,3,0.8938615798483736
57,4,0.9090853509415505
57,5,0.9223281976033261
57,6,0.9351104589549197
57,7,0.9384119996739219
57,8,0.9404092280101085
57,9,0.9448724219450557
57,10,0.9446074834922964
57,11,0.9467564259485924
57,12,0.9503919647231749
57,13,0.9523108384458078
57,14,0.9556680661891825
57,15,0.9538423153692615
57,16,0.9543944813490036
57,17,0.9538136711533386
57,18,0.9514482758620689
57,19,0.9518840579710145
57,20,0.9506870229007633
57,21,0.9502431118314425
58,1,0.8234287111763268
58,2,0.8173147468818782
58,3,0.8883997717453332
58,4,0.90676204450966
58,5,0.9178283198826119
58,6,0.9284666177549524
58,7,0.92993396918562
58,8,0.9340914649058449
58,9,0.9378413630064399
58,10,0.9392883345561261
58,11,0.9437240029361391
58,12,0.9476155479340194
58,13,0.9487368162864852
58,14,0.950222882615156
58,15,0.9502381549260468
58,16,0.9489247311827957
58,17,0.949260134839331
58,18,0.9473901098901099
58,19,0.948155678187627
58,20,0.9476904252064852
58,21,0.9483933787731256
59,1,0.8173147468818782
59,2,0.8121790168745414
59,3,0.8742153745822128
59,4,0.8949009537784299
59,5,0.914722426021032
59,6,0.9219858156028369
59,7,0.9281812994212114
59,8,0.9312382815684356
59,9,0.9364962908616613
59,10,0.9391864351512187
59,11,0.942718525766471
59,12,0.9464723174914259
59,13,0.9484692206941715
59,14,0.9475989751219108
59,15,0.9517017017017017
59,16,0.9522589461098301
59,17,0.9502677552453692
59,18,0.949341021416804
59,19,0.949020737327189
59,20,0.9440048691418138
59,21,0.9446047008547008
60,1,0.8178038640254341
60,2,0.8217168011738811
60,3,0.8933724627048182
60,4,0.9030936659329909
60,5,0.9228906823184153
60,6,0.9241460829868754
60,7,0.929689410613842
60,8,0.9367408494334393
60,9,0.9411225238444607
60,10,0.9427732942039618
60,11,0.9490661446864039
60,12,0.947370569982035
60,13,0.9478424629493164
60,14,0.9492216456634545
60,15,0.948865053629334
60,16,0.9468864468864469
60,17,0.9453444821879627
60,18,0.9452607709750568
60,19,0.9439066059225513
60,20,0.9423540036122817
60,21,0.9419642857142857
61,1,0.8114453411592076
61,2,0.8110785033015407
61,3,0.8759272845846581
61,4,0.8942895573489851
61,5,0.9152849107361213
61,6,0.9227602510801339
61,7,0.9282628189451374
61,8,0.9326648732371404
61,9,0.9398793511045895
61,10,0.9395940327708485
61,11,0.9417950599168501
61,12,0.9473533969496778
61,13,0.9492149165848871
61,14,0.951162215628091
61,15,0.9516196186193688
61,16,0.9507227891156463
61,17,0.9487920168067226
61,18,0.950204081632653
61,19,0.9508009153318078
61,20,0.9493708807669263
61,21,0.9462875197472354
62,1,0.8134018097334311
62,2,0.8110785033015407
62,3,0.8859541860275538
62,4,0.9048055759354365
62,5,0.9165321594521889
62,6,0.9178690796445752
62,7,0.9225972120322818
62,8,0.9297097904948234
62,9,0.9339284258579931
62,10,0.9355791962174941
62,11,0.9370923026744945
62,12,0.9403216589109316
62,13,0.9404966805999508
62,14,0.9420074349442379
62,15,0.9423237903900887
62,16,0.943246019517206
62,17,0.9425453589271627
62,18,0.9422657952069716
62,19,0.9412943871706758
62,20,0.9392298435619735
62,21,0.935179257362356
63,1,0.8104671068720959
63,2,0.8103448275862069
63,3,0.8836716393576268
63,4,0.9000366837857667
63,5,0.9210564930300807
63,6,0.9285888970408412
63,7,0.9336780444630776
63,8,0.9337246270481782
63,9,0.9386973180076629
63,10,0.9408168256297383
63,11,0.9424879758702208
63,12,0.9432884536923705
63,13,0.9454538014567476
63,14,0.9463696369636964
63,15,0.947151424287856
63,16,0.9468148526656446
63,17,0.9472811381688051
63,18,0.9470153340635268
63,19,0.9480631276901005
63,20,0.9455370650529501
63,21,0.9451395572666025
64,1,0.8158473954512105
64,2,0.813890926876987
64,3,0.8920681503220022
64,4,0.9073734409391049
64,5,0.9194179505991685
64,6,0.9260210320371729
64,7,0.929607891089916
64,8,0.9344990625254748
64,9,0.9420396184886279
64,10,0.9451373603978153
64,11,0.9468085106382979
64,12,0.9485563983361879
64,13,0.9479985265225933
64,14,0.9470389588995964
64,15,0.9462191165460444
64,16,0.9479485869935308
64,17,0.9496468741825791
64,18,0.9462394786858539
64,19,0.9453125
64,20,0.9461800340442575
64,21,0.9463321689425215
65,1,0.8085106382978723
65,2,0.8049645390070922
65,3,0.8777207141110303
65,4,0.9023599902176571
65,5,0.9193201271704573
65,6,0.9241460829868754
65,7,0.9281230711898357
65,8,0.9301377679954349
65,9,0.9344175430015489
65,10,0.9362924920518464
65,11,0.9399983684124653
65,12,0.9390672220860901
65,13,0.9405405405405406
65,14,0.9421491011050636
65,15,0.9429967426710097
65,16,0.9438044034818228
65,17,0.945044807590933
65,18,0.9434711196277032
65,19,0.9395827296435816
65,20,0.9377114733928023
65,21,0.9417157825802227
66,1,0.8028857911469797
66,2,0.8072878454389827
66,3,0.8863617836471841
66,4,0.9017485937882123
66,5,0.9196135974565909
66,6,0.9233716475095783
66,7,0.9287111763267303
66,8,0.9313605608543246
66,9,0.9393494741990706
66,10,0.9409391049156273
66,11,0.9427045102357067
66,12,0.945861956166176
66,13,0.9491469816272965
66,14,0.9467873976680724
66,15,0.9497414080747413
66,16,0.9537084398976982
66,17,0.9515662016320084
66,18,0.9512665198237885
66,19,0.9497109826589596
66,20,0.9466323336362719
66,21,0.9480830670926518
67,1,0.8197603325996576
67,2,0.8185375397407679
67,3,0.8883182522214079
67,4,0.9035216434336023
67,5,0.9222303741746148
67,6,0.9307084046629168
67,7,0.93784136300644
67,8,0.9413670824162387
67,9,0.942039618488628
67,10,0.9455857177794081
67,11,0.9464154636652802
67,12,0.9490944689182575
67,13,0.9518264280460897
67,14,0.955404290429043
67,15,0.9556946182728411
67,16,0.9564717896349247
67,17,0.957035680013958
67,18,0.9535392183656737
67,19,0.9524964336661912
67,20,0.9526804432464809
67,21,0.9521780303030303
68,1,0.8077769625825385
68,2,0.8124235754463194
68,3,0.8702209179098396
68,4,0.8930056248471508
68,5,0.9111518708730741
68,6,0.9139969022580908
68,7,0.920844542267873
68,8,0.9239015244150974
68,9,0.9274068639439147
68,10,0.929893209423657
68,11,0.9381779626457875
68,12,0.9422385620915031
68,13,0.943064436792917
68,14,0.9479089334323187
68,15,0.9487946799667497
68,16,0.9492107942973523
68,17,0.9484158156585494
68,18,0.9481532147742818
68,19,0.9458369346009795
68,20,0.9451807228915663
68,21,0.9441987786902506
69,1,0.813890926876987
69,2,0.8089997554414282
69,3,0.8820412488791071
69,4,0.9038273416483248
69,5,0.9128393250183419
69,6,0.9223118936985408
69,7,0.9312382815684355
69,8,0.9365370506236245
69,9,0.9416727806309612
69,10,0.9433031711094807
69,11,0.9436969993476844
69,12,0.9451383786431545
69,13,0.9449357242282813
69,14,0.9447614322335236
69,15,0.9477836213373404
69,16,0.9493105209397344
69,17,0.9467471143756558
69,18,0.9443835616438356
69,19,0.946917808219178
69,20,0.9467509025270758
69,21,0.9481162196679438
70,1,0.8116898997309856
70,2,0.814135485448765
70,3,0.8830194831662184
70,4,0.8971631205673759
70,5,0.9108828564441185
70,6,0.9178283198826122
70,7,0.921170620363577
70,8,0.9263471101328767
70,9,0.9301377679954349
70,10,0.9346417216923453
70,11,0.938371239911959
70,12,0.941548376570403
70,13,0.9425639767803123
70,14,0.9450631031922792
70,15,0.9471250000000001
70,16,0.9465167773803441
70,17,0.9484074756514872
70,18,0.9469717730885174
70,19,0.9470198675496688
70,20,0.945619335347432
70,21,0.9457215836526182
71,1,0.7992174125703105
71,2,0.8081438004402054
71,3,0.8844868345968859
71,4,0.9002201027146002
71,5,0.9169479090242113
71,6,0.9190918725034646
71,7,0.9269177468003587
71,8,0.9334189288334556
71,9,0.9369650281242358
71,10,0.9390030162223852
71,11,0.9405227958567818
71,12,0.9401149987766088
71,13,0.9397659382928226
71,14,0.943936021106439
71,15,0.9447504590218662
71,16,0.9460358056265985
71,17,0.9441528907548324
71,18,0.9450369155045119
71,19,0.9442373853211009
71,20,0.9436044753553069
71,21,0.9417760700181449
72,1,0.8067987282954268
72,2,0.8061873318659819
72,3,0.8835086003097747
72,4,0.9015040352164343
72,5,0.9178527757397897
72,6,0.9234939267954676
72,7,0.9321757560935845
72,8,0.9365370506236244
72,9,0.9405315072959974
72,10,0.9441183663487406
72,11,0.9446890030162224
72,12,0.9444444444444443
72,13,0.9459581083292424
72,14,0.9448292924294903
72,15,0.9489005497251374
72,16,0.9502804691483937
72,17,0.9500703234880451
72,18,0.9476872246696035
72,19,0.9465682015638576
72,20,0.9431055521659548
72,21,0.9414996767937944
73,1,0.7945707997065297
73,2,0.7968941061384202
73,3,0.8731556207711756
73,4,0.8885424309122034
73,5,0.9075324040107606
73,6,0.917543001548871
73,7,0.9225972120322817
73,8,0.9264693894187658
73,9,0.9331336104997147
73,10,0.937882122768403
73,11,0.9400073385518591
73,12,0.9429760156632403
73,13,0.9454947213356248
73,14,0.9449107216325188
73,15,0.9446388402899275
73,16,0.9458088172593161
73,17,0.9439043615344194
73,18,0.9435638152500683
73,19,0.9418270611893134
73,20,0.9431544028950543
73,21,0.943170964660936
74,1,0.806065052580093
74,2,0.8159696747370996
74,3,0.8923127088937803
74,4,0.9058449498654928
74,5,0.9231107850330154
74,6,0.9270807858482106
74,7,0.9324203146653625
74,8,0.93824896062607
74,9,0.93824896062607
74,10,0.9396347925328117
74,11,0.9458302763511861
74,12,0.9490729396389774
74,13,0.9515032358482839
74,14,0.9510631256722099
74,15,0.9485895509931564
74,16,0.950822466547345
74,17,0.949433763497498
74,18,0.9523153252480706
74,19,0.952497834247762
74,20,0.9535304767652384
74,21,0.9534477279949158
75,1,0.8075324040107605
75,2,0.810100269014429
75,3,0.8777207141110299
75,4,0.8937393005624847
75,5,0.9124235754463195
75,6,0.9122442324936824
75,7,0.9236919027821447
75,8,0.9277737018015815
75,9,0.9307084046629167
75,10,0.9360071737181055
75,11,0.9433031711094807
75,12,0.9425006116956203
75,13,0.9446349828515433
75,14,0.9462962962962963
75,15,0.9442778610694653
75,16,0.9432253125797397
75,17,0.9428396358543416
75,18,0.9415727247731647
75,19,0.9379889886989279
75,20,0.9368324687213915
75,21,0.9357728842832469
76,1,0.805575935436537
76,2,0.8125458547322084
76,3,0.8782913507785116
76,4,0.9010149180728785
76,5,0.9170701883101003
76,6,0.9234531670335047
76,7,0.9266324284666179
76,8,0.92993396918562
76,9,0.9317273987119915
76,10,0.9368835086003098
76,11,0.938085921578218
76,12,0.9414811189951879
76,13,0.942291973189472
76,14,0.9437830687830688
76,15,0.9444583646538043
76,16,0.946579014551953
76,17,0.9465275944019013
76,18,0.9455418381344307
76,19,0.9449740034662045
76,20,0.9413908290312785
76,21,0.942499196916158
77,1,0.814135485448765
77,2,0.8127904133039863
77,3,0.8853020298361463
77,4,0.8997921252139888
77,5,0.9181217901687455
77,6,0.925083557512024
77,7,0.9328686720469552
77,8,0.9368427488383468
77,9,0.9411021439634794
77,10,0.9432012717045734
77,11,0.945097079458313
77,12,0.9487430623571661
77,13,0.9494726514594064
77,14,0.9503598907917598
77,15,0.9522495400568658
77,16,0.9514816718054128
77,17,0.9496947172816564
77,18,0.9502617801047121
77,19,0.9458837075417387
77,20,0.9457070707070707
77,21,0.9435310552331829
78,1,0.8045977011494253
78,2,0.810100269014429
78,3,0.886280264123258
78,4,0.9040107605771582
78,5,0.919589141599413
78,6,0.925939512513247
78,7,0.9338061465721039
78,8,0.9389011168174778
78,9,0.9447297627781853
78,10,0.9447705225401484
78,11,0.9481535827830766
78,12,0.9490944689182574
78,13,0.9516683022571149
78,14,0.9519159456118665
78,15,0.9532017653426597
78,16,0.9521861416517514
78,17,0.9511554621848739
78,18,0.9511305616338439
78,19,0.952285523427808
78,20,0.9515298394425932
78,21,0.9511411121825779
79,1,0.8160919540229885
79,2,0.8160919540229885
79,3,0.881389092687699
79,4,0.9043775984348251
79,5,0.9252384446074835
79,6,0.9292002934702861
79,7,0.9356403358604385
79,8,0.9363332518138093
79,9,0.9395940327708486
79,10,0.9428955734898509
79,11,0.9462654924983692
79,12,0.9483117200880842
79,13,0.9495296523517383
79,14,0.9535620269825601
79,15,0.9530651340996169
79,16,0.9553351978981269
79,17,0.9551416579223505
79,18,0.9536124794745484
79,19,0.9543227665706052
79,20,0.9516373559733171
79,21,0.9494835377663008
80,1,0.8019075568598679
80,2,0.8069210075813157
80,3,0.8829379636422926
80,4,0.9015651748593788
80,5,0.919466862313524
80,6,0.9237792451292085
80,7,0.9316866389500286
80,8,0.9335208282383631
80,9,0.9386973180076628
80,10,0.9400016303904785
80,11,0.9415912611070351
80,12,0.9457629883370036
80,13,0.9485763377515954
80,14,0.9491588322612569
80,15,0.950608029318674
80,16,0.9513218098627352
80,17,0.9535676810073452
80,18,0.9490740740740741
80,19,0.9471649484536082
80,20,0.9449359365466748
80,21,0.9469623915139826
81,1,0.8063096111518708
81,2,0.8174370261677671
81,3,0.8923127088937804
81,4,0.9056615309366594
81,5,0.9229885057471263
81,6,0.9267547077525067
81,7,0.9323795549033993
81,8,0.936109073123013
81,9,0.9392271949131816
81,10,0.9435273498002771
81,11,0.9465843319475014
81,12,0.9472181432533856
81,13,0.9476691974855089
81,14,0.9476308199423156
81,15,0.9494798168955472
81,16,0.9509679062659195
81,17,0.9496450170917696
81,18,0.9479996338002381
81,19,0.9487882285054818
81,20,0.9482706310679612
81,21,0.9493102341995509
82,1,0.8226950354609929
82,2,0.8222059183174371
82,3,0.8931279041330407
82,4,0.9006480802152116
82,5,0.915920763022744
82,6,0.9249205184641721
82,7,0.9320127170457324
82,8,0.9344583027635118
82,9,0.9364147713377355
82,10,0.9384935191978478
82,11,0.9425554468362688
82,12,0.943791329904482
82,13,0.9468990345279005
82,14,0.9476072607260726
82,15,0.9461853430266567
82,16,0.9468085106382979
82,17,0.9435654008438819
82,18,0.9421917808219178
82,19,0.9417966493356442
82,20,0.9384046968316632
82,21,0.9393451422436929
83,1,0.8153582783076547
83,2,0.8121790168745414
83,3,0.8866063422189618
83,4,0.9050501345072145
83,5,0.9231596967473711
83,6,0.9245944403684682
83,7,0.9330724708567703
83,8,0.9324203146653625
83,9,0.9368631287193283
83,10,0.9383304801499959
83,11,0.9428408349641226
83,12,0.9429084087757933
83,13,0.9447852760736195
83,14,0.9452951346011361
83,15,0.9486156148665502
83,16,0.9479034307496823
83,17,0.9481423475158792
83,18,0.9514076881429345
83,19,0.9518381305215161
83,20,0.9492492492492492
83,21,0.9478801402613962
84,1,0.8129126925898753
84,2,0.8174370261677671
84,3,0.8876660960299991
84,4,0.9035216434336023
84,5,0.9201027146001467
84,6,0.929811689899731
84,7,0.934091464905845
84,8,0.9369038884812912
84,9,0.9403277084861824
84,10,0.9447297627781852
84,11,0.9447842753445884
84,12,0.9473039215686274
84,13,0.9486548556430446
84,14,0.950885468387951
84,15,0.9507613788487281
84,16,0.9523444160272805
84,17,0.9536818142019087
84,18,0.9517543859649122
84,19,0.9522016222479722
84,20,0.9513952308472857
84,21,0.9519354838709677
85,1,0.8146246025923208
85,2,0.8143800440205429
85,3,0.8800032607809575
85,4,0.8970408412814869
85,5,0.9114942528735633
85,6,0.9198663079807614
85,7,0.9236569658433194
85,8,0.9286500366837859
85,9,0.9359664139561426
85,10,0.9386565582456998
85,11,0.9425146771037181
85,12,0.9446348429212565
85,13,0.9461771447282253
85,14,0.9465642550379915
85,15,0.9479322994830748
85,16,0.9475363798825632
85,17,0.9462154864558837
85,18,0.9480718865709382
85,19,0.9475783475783476
85,20,0.9449279711884754
85,21,0.9457327403642525
86,1,0.8148691611640988
86,2,0.8168256297383223
86,3,0.8870954593625177
86,4,0.9045610173636586
86,5,0.9164343360234776
86,6,0.9173392027390561
86,7,0.9276106627537295
86,8,0.9333781690714926
86,9,0.9369446482432542
86,10,0.9414282220591832
86,11,0.9431808918235917
86,12,0.9484418339043889
86,13,0.950012281994596
86,14,0.9497275879148093
86,15,0.9483462467716405
86,16,0.9480419759406195
86,17,0.9473126820227694
86,18,0.9450261780104712
86,19,0.9441091954022989
86,20,0.9411141386618226
86,21,0.943574168797954
87,1,0.8087551968696503
87,2,0.8123012961604305
87,3,0.8888888888888892
87,4,0.902849107361213
87,5,0.9153582783076546
87,6,0.9228010108420971
87,7,0.9292410532322491
87,8,0.9310344827586207
87,9,0.9348659003831419
87,10,0.9348251406211787
87,11,0.937866927592955
87,12,0.9417503469670995
87,13,0.9438450220696418
87,14,0.9468646864686467
87,15,0.9493243243243243
87,16,0.9508126967917624
87,17,0.9488591660110149
87,18,0.9485113357006283
87,19,0.9478360561765549
87,20,0.9470907446487791
87,21,0.9466050366592286
88,1,0.8104671068720959
88,2,0.8108339447297628
88,3,0.8801662998288098
88,4,0.8977745169968208
88,5,0.9110295915871851
88,6,0.9211706203635772
88,7,0.9311160022825468
88,8,0.9347028613352898
88,9,0.937474525148773
88,10,0.9427732942039618
88,11,0.9428128569097732
88,12,0.9462536728697356
88,13,0.9527375398968819
88,14,0.950285147532854
88,15,0.9520645269140755
88,16,0.9483423284502699
88,17,0.9496822033898306
88,18,0.9497798569069895
88,19,0.9479436295657175
88,20,0.9455400485436893
88,21,0.9456904838192887
89,1,0.8033749082905356
89,2,0.8091220347273171
89,3,0.8834270807858486
89,4,0.8922719491318171
89,5,0.9058938615798484
89,6,0.9177060405967229
89,7,0.9237093712515575
89,8,0.9329909513328444
89,9,0.9364147713377354
89,10,0.9386973180076628
89,11,0.9424879758702209
89,12,0.943424702235275
89,13,0.9435437648407435
89,14,0.9451330358618409
89,15,0.9476584022038568
89,16,0.9472115793954875
89,17,0.9442975497972853
89,18,0.9415494899365867
89,19,0.9455258570598489
89,20,0.9402090378112512
89,21,0.9400193485972267
90,1,0.8080215211543165
90,2,0.806065052580093
90,3,0.881389092687699
90,4,0.8950232330643189
90,5,0.9128393250183418
90,6,0.9252465965598761
90,7,0.9311567620445097
90,8,0.9351104589549197
90,9,0.9411429037254422
90,10,0.9428955734898508
90,11,0.9446754729288975
90,12,0.9449546901787901
90,13,0.9447852760736196
90,14,0.9443482562453623
90,15,0.9471951321163623
90,16,0.9471867007672634
90,17,0.9449855225059226
90,18,0.943590447433434
90,19,0.9416594641313742
90,20,0.9455370650529501
90,21,0.9461538461538461
91,1,0.813890926876987
91,2,0.8125458547322084
91,3,0.8950028531833383
91,4,0.907251161653216
91,5,0.9183908045977011
91,6,0.9238607646531345
91,7,0.9315527140178644
91,8,0.9350696991929567
91,9,0.9381674411021439
91,10,0.9428955734898508
91,11,0.9461024135681669
91,12,0.948645782346223
91,13,0.9498608382449246
91,14,0.9504750103263114
91,15,0.9504583333333333
91,16,0.950822466547345
91,17,0.9506059009483667
91,18,0.950082056892779
91,19,0.9512264689104393
91,20,0.9491423412578995
91,21,0.9478205536111995
92,1,0.8070432868672047
92,2,0.814013206162876
92,3,0.8786989483981418
92,4,0.8975299584250428
92,5,0.9131327953044754
92,6,0.9182766772642049
92,7,0.9336431075242522
92,8,0.9360071737181054
92,9,0.9375560446726992
92,10,0.9424064563462949
92,11,0.9406537865818864
92,12,0.9457364341085271
92,13,0.9479217803960073
92,14,0.9493399339933993
92,15,0.9495871903927946
92,16,0.9501402703391992
92,17,0.950139470013947
92,18,0.9496050122582402
92,19,0.9477029760184917
92,20,0.9457376058041113
92,21,0.9443913320586361
93,1,0.8116898997309856
93,2,0.8107116654438739
93,3,0.8836716393576263
93,4,0.90676204450966
93,5,0.9165077035950111
93,6,0.921374419173392
93,7,0.9294448520420641
93,8,0.9324203146653625
93,9,0.9368223689573654
93,10,0.9371076872911062
93,11,0.9394421335943235
93,12,0.9414932680538556
93,13,0.9447985617389884
93,14,0.9441557370287883
93,15,0.9429681624467285
93,16,0.9434356351236147
93,17,0.942284112804344
93,18,0.9420072661217076
93,19,0.9423351413074508
93,20,0.9414171656686626
93,21,0.943322818086225
94,1,0.805575935436537
94,2,0.7956713132795304
94,3,0.8683459688595427
94,4,0.8930667644900954
94,5,0.9056003912937147
94,6,0.9166870465476482
94,7,0.9283792754078888
94,8,0.9298422597212032
94,9,0.9335412081193447
94,10,0.937556044672699
94,11,0.9403277084861824
94,12,0.9433569855639834
94,13,0.9440382728164868
94,14,0.9450917203767972
94,15,0.9442355889724311
94,16,0.9439765186319551
94,17,0.9448085998951232
94,18,0.9452975047984645
94,19,0.9442053930005737
94,20,0.9428099669768838
94,21,0.9407537527946344
95,1,0.8041085840058694
95,2,0.8075324040107605
95,3,0.8809814950680697
95,4,0.9021154316458792
95,5,0.9181217901687454
95,6,0.9232086084617266
95,7,0.9307084046629165
95,8,0.9370261677671803
95,9,0.9394717534849596
95,10,0.9450966006358523
95,11,0.947516515781747
95,12,0.949669360764144
95,13,0.9512524557956779
95,14,0.9516674921578339
95,15,0.9505709760773526
95,16,0.9513003569607343
95,17,0.9499563699825481
95,18,0.9488901068785969
95,19,0.9487363584147042
95,20,0.9443602183141298
95,21,0.9439627488760437
96,1,0.8031303497187576
96,2,0.8091220347273171
96,3,0.8754381674411027
96,4,0.8987527512839325
96,5,0.9171435558816338
96,6,0.9211706203635771
96,7,0.9311567620445097
96,8,0.9352327382408088
96,9,0.9402461889622564
96,10,0.941998858726665
96,11,0.942121138012554
96,12,0.9434793246880352
96,13,0.9462022729130897
96,14,0.945832302745486
96,15,0.948
96,16,0.9475229826353422
96,17,0.948195831143808
96,18,0.9471311475409836
96,19,0.9467353951890034
96,20,0.9454135338345865
96,21,0.9461300968806559
97,1,0.8114453411592076
97,2,0.8075324040107605
97,3,0.8754381674411028
97,4,0.8999144044998777
97,5,0.9191733920273907
97,6,0.9225972120322818
97,7,0.9319719572837695
97,8,0.9367612293144206
97,9,0.9443017852775739
97,10,0.9462378739708159
97,11,0.9480313034971876
97,12,0.9484700122399021
97,13,0.9494391222467862
97,14,0.951667492157834
97,15,0.9509235936188075
97,16,0.9511745541838135
97,17,0.9505256648113791
97,18,0.951099457171773
97,19,0.9516330451488954
97,20,0.9522225582098579
97,21,0.9521140294682896
98,1,0.8031303497187576
98,2,0.8050868182929811
98,3,0.880492377924513
98,4,0.8963683052090976
98,5,0.9147713377353877
98,6,0.9235754463193935
98,7,0.9293982694569638
98,8,0.9306880247819352
98,9,0.9387992174125703
98,10,0.9390641558653297
98,11,0.9423923679060665
98,12,0.9438316993464052
98,13,0.9451948264571055
98,14,0.9460529571888147
98,15,0.9474737368684342
98,16,0.9471596724667349
98,17,0.9457578145521408
98,18,0.9446866485013624
98,19,0.945
98,20,0.9439126533054143
98,21,0.9456934768841039
99,1,0.8102225483003179
99,2,0.8107116654438739
99,3,0.8874215374582218
99,4,0.9056003912937148
99,5,0.922328197603326
99,6,0.9245129208445423
99,7,0.9321757560935844
99,8,0.9351715985978643
99,9,0.9391049156272928
99,10,0.9437107687291106
99,11,0.9487116764514025
99,12,0.9467581251020741
99,13,0.9487053425106523
99,14,0.9489114299851559
99,15,0.9491666666666666
99,16,0.9525873056334438
99,17,0.9489155996864385
99,18,0.9491132332878581
99,19,0.9491940126655153
99,20,0.9453909339823547
99,21,0.9455651617034903
100,1,0.8072878454389827
100,2,0.8043531425776473
100,3,0.8763348822042885
100,4,0.8915382734164833
100,5,0.9056493030080704
100,6,0.9187657944077606
100,7,0.9272845846580255
100,8,0.9367000896714763
100,9,0.942895573489851
100,10,0.9453003994456671
100,11,0.9483981413548545
100,12,0.9495716034271726
100,13,0.9520536737031582
100,14,0.9556873404167696
100,15,0.9563094641962945
100,16,0.9557684120902511
100,17,0.956835476252952
100,18,0.9541621327529923
100,19,0.956403659233848
100,20,0.9560770156438027
100,21,0.9523658304223563
101,1,0.8207385668867694
101,2,0.8164587918806554
101,3,0.8907638379391866
101,4,0.9083516752262166
101,5,0.9266324284666178
101,6,0.9323795549033994
101,7,0.9386507354225623
101,8,0.941835819678813
101,9,0.9454226787315562
101,10,0.9453411592076302
101,11,0.9480313034971876
101,12,0.9467286669929841
101,13,0.9503929273084479
101,14,0.9496411779262559
101,15,0.9504504504504504
101,16,0.9506520071592943
101,17,0.9518625393494229
101,18,0.9515118496322528
101,19,0.9511288939697057
101,20,0.9496553790830087
101,21,0.9494917407878017
102,1,0.8151137197358768
102,2,0.8153582783076547
102,3,0.8866878617428877
102,4,0.9032159452188799
102,5,0.9283198826118856
102,6,0.9326241134751773
102,7,0.9351512187168827
102,8,0.9384935191978478
102,9,0.9407353061058124
102,10,0.9466047118284829
102,11,0.9469863795775223
102,12,0.94739634345413
102,13,0.9494837758112095
102,14,0.9497649096758228
102,15,0.9527331995987964
102,16,0.9509152830991912
102,17,0.9518751639129295
102,18,0.9506020799124247
102,19,0.9463976945244956
102,20,0.9454075425790754
102,21,0.9473257698541329
103,1,0.8143800440205429
103,2,0.8108339447297628
103,3,0.8835901198337006
103,4,0.8991195891415994
103,5,0.9134996331621423
103,6,0.9192956713132797
103,7,0.9247574794163202
103,8,0.9318904377598435
103,9,0.9314013206162876
103,10,0.9333170294285482
103,11,0.9375254873175107
103,12,0.9374693477194704
103,13,0.9386223862238624
103,14,0.9395441030723489
103,15,0.9398229349369415
103,16,0.9399931518575587
103,17,0.9393636602682093
103,18,0.9403292181069959
103,19,0.94015868463818
103,20,0.9409090909090909
103,21,0.9416211000321647
104,1,0.8143800440205429
104,2,0.8107116654438739
104,3,0.8826934050705146
104,4,0.8968574223526534
104,5,0.9111763267302518
104,6,0.917543001548871
104,7,0.9238200048911714
104,8,0.9303415668052499
104,9,0.9360479334800684
104,10,0.9401239096763676
104,11,0.9410996899983683
104,12,0.9435627398154952
104,13,0.9483688987000245
104,14,0.948559161093221
104,15,0.9520296740851879
104,16,0.9513994910941476
104,17,0.9510086455331412
104,18,0.9509562841530055
104,19,0.9500723589001447
104,20,0.9486123818237268
104,21,0.9457577720207254
105,1,0.8070432868672047
105,2,0.802029836145757
105,3,0.8734816988668788
105,4,0.8980190755685987
105,5,0.9080215211543164
105,6,0.9163609684519441
105,7,0.9261433113230618
105,8,0.9261636912040433
105,9,0.9327463927610664
105,10,0.9329501915708812
105,11,0.9355022831050228
105,12,0.9359445124439005
105,13,0.9396319018404908
105,14,0.9408030340506226
105,15,0.9427109335996006
105,16,0.9419957537154988
105,17,0.9423194480831368
105,18,0.9406224406224406
105,19,0.9436464617447095
105,20,0.9422382671480144
105,21,0.9414000633512829
106,1,0.8067987282954268
106,2,0.8083883590119834
106,3,0.8817151707834031
106,4,0.8970408412814869
106,5,0.9094155050134507
106,6,0.9169316051194262
106,7,0.9274476237058776
106,8,0.9328686720469552
106,9,0.9334393087144371
106,10,0.9393902339610336
106,11,0.943452380952381
106,12,0.9428653107898392
106,13,0.9455765610933792
106,14,0.9466979965372249
106,15,0.9478489244622311
106,16,0.9455652025876745
106,17,0.9460063058328955
106,18,0.9452185792349727
106,19,0.9462119040794879
106,20,0.9467697907188353
106,21,0.945933014354067
107,1,0.809733431156762
107,2,0.8108339447297628
107,3,0.8840792369772564
107,4,0.9075568598679383
107,5,0.9204940083149914
107,6,0.9271623053721367
107,7,0.9342777952462472
107,8,0.9380145919947829
107,9,0.9421415178935355
107,10,0.9437107687291105
107,11,0.946183953033268
107,12,0.9477916564617519
107,13,0.9520997375328083
107,14,0.9525815778603882
107,15,0.9519859225741578
107,16,0.9520020533880903
107,17,0.9505944517833553
107,18,0.950839988983751
107,19,0.9494186046511628
107,20,0.9477634803921569
107,21,0.9478726859369925
108,1,0.8134018097334311
108,2,0.8145023233064319
108,3,0.8922311893698547
108,4,0.902849107361213
108,5,0.9234042553191489
108,6,0.9300154887095459
108,7,0.9345805820494009
108,8,0.9401646694383305
108,9,0.9447501426591668
108,10,0.9456672373033342
108,11,0.9487242194505584
108,12,0.9494368266405485
108,13,0.9505355244869594
108,14,0.9497902788058229
108,15,0.9484484484484484
108,16,0.9469872289363161
108,17,0.9459994718774756
108,18,0.9460824836961514
108,19,0.9467343976777939
108,20,0.9420245398773006
108,21,0.9426441996111471
109,1,0.8094888725849841
109,2,0.8127904133039863
109,3,0.8817151707834026
109,4,0.9033382245047689
109,5,0.9151137197358767
109,6,0.9220265753647998
109,7,0.9290780141843973
109,8,0.9309122034727318
109,9,0.9371076872911064
109,10,0.941876579440776
109,11,0.9423656965843319
109,12,0.9490287300032648
109,13,0.950920245398773
109,14,0.9503826215749198
109,15,0.9537245110278819
109,16,0.9532349698973969
109,17,0.9532881002087683
109,18,0.9515646258503402
109,19,0.9503707929264119
109,20,0.9483736198149806
109,21,0.9486452425960933
110,1,0.8023966740034238
110,2,0.8078992418684275
110,3,0.8826934050705147
110,4,0.9037662020053803
110,5,0.9187331865981904
110,6,0.9265916687046548
110,7,0.933724627048178
110,8,0.9355995760984755
110,9,0.9395532730088857
110,10,0.941835819678813
110,11,0.9449473941766577
110,12,0.9458057665604834
110,13,0.9485571405148384
110,14,0.9466898090751302
110,15,0.9472695390781564
110,16,0.9471731900741878
110,17,0.944984243697479
110,18,0.9450054585152838
110,19,0.9443649885583524
110,20,0.9428139183055976
110,21,0.9420520999468368
111,1,0.8063096111518708
111,2,0.80997798972854
111,3,0.8766609602999924
111,4,0.8936781609195402
111,5,0.9116898997309855
111,6,0.9191733920273906
111,7,0.9287461132655557
111,8,0.9336023477622893
111,9,0.9353142577647346
111,10,0.9409391049156273
111,11,0.9408023483365949
111,12,0.9451791983019021
111,13,0.9495085995085996
111,14,0.9490385408929602
111,15,0.9479088404708239
111,16,0.9488292890591742
111,17,0.9504846738276133
111,18,0.9505584309452465
111,19,0.9495582787118837
111,20,0.9489795918367347
111,21,0.950174547762615
112,1,0.8094888725849841
112,2,0.8120567375886525
112,3,0.8855465884079237
112,4,0.8990584494986549
112,5,0.9173636585962339
112,6,0.9250835575120242
112,7,0.9316458791880656
112,8,0.9314828401402138
112,9,0.9391864351512188
112,10,0.9420803782505911
112,11,0.9419580989647022
112,12,0.9457772337821297
112,13,0.9481827111984283
112,14,0.9495249896736886
112,15,0.9495570043463725
112,16,0.948076923076923
112,17,0.9494234800838575
112,18,0.9468085106382979
112,19,0.9441268933981137
112,20,0.9399213075060533
112,21,0.9375800256081946
113,1,0.806065052580093
113,2,0.8082660797260944
113,3,0.8801662998288096
113,4,0.9002201027146002
113,5,0.9171191000244557
113,6,0.9243091220347274
113,7,0.9326648732371404
113,8,0.9382285807450885
113,9,0.9415505013450721
113,10,0.9444852042064075
113,11,0.9482505505260582
113,12,0.9471385419217895
113,13,0.9506051684658161
113,14,0.9512687427912342
113,15,0.9523869032741814
113,16,0.9501910828025478
113,17,0.9510755508919203
113,18,0.9489518105091206
113,19,0.9470588235294117
113,20,0.9463148316651502
113,21,0.9469116080937168
114,1,0.813890926876987
114,2,0.8158473954512105
114,3,0.878861987445994
114,4,0.8968574223526534
114,5,0.9111029591587185
114,6,0.9172169234531673
114,7,0.9275291432298035
114,8,0.9321349963316214
114,9,0.9324203146653625
114,10,0.9312790413303986
114,11,0.9358441346702535
114,12,0.9401500326157861
114,13,0.9422652610934054
114,14,0.9448159154697046
114,15,0.946181424045356
114,16,0.946843853820598
114,17,0.9488929727837577
114,18,0.9465554948059047
114,19,0.9448765965619897
114,20,0.9416767922235723
114,21,0.9411196911196911
115,1,0.8251406211787723
115,2,0.8193934947419907
115,3,0.8877476155539249
115,4,0.900831499144045
115,5,0.9172169234531671
115,6,0.9283443384690634
115,7,0.9318089182359175
115,8,0.9336431075242521
115,9,0.9372299665769952
115,10,0.9414689818211461
115,11,0.9407208088714938
115,12,0.944893131016479
115,13,0.9494069529652353
115,14,0.9499136442141624
115,15,0.9507112553032193
115,16,0.9527268093781855
115,17,0.9510912437549304
115,18,0.948686030428769
115,19,0.9490418118466899
115,20,0.9473764958576251
115,21,0.9444082519001086
116,1,0.826118855465884
116,2,0.8217168011738811
116,3,0.8950843727072637
116,4,0.9094521887992174
116,5,0.9234287111763267
116,6,0.930586125377028
116,7,0.9371076872911062
116,8,0.9402869487242194
116,9,0.9436700089671477
116,10,0.94220265753648
116,11,0.9443764782644156
116,12,0.9461720535422788
116,13,0.9478093836848129
116,14,0.9490603363006924
116,15,0.9539769884942472
116,16,0.9531715623669648
116,17,0.9518246258860593
116,18,0.9519309778142975
116,19,0.9486882716049382
116,20,0.9470730967546254
116,21,0.9462209302325582
117,1,0.8067987282954268
117,2,0.8151137197358768
117,3,0.889296486508519
117,4,0.9019931523599902
117,5,0.9172658351675225
117,6,0.9274068639439147
117,7,0.9322572756175104
117,8,0.9360886932420315
117,9,0.9424879758702209
117,10,0.9452188799217411
117,11,0.9465916503587736
117,12,0.9448664543004166
117,13,0.9469548133595285
117,14,0.9474009900990099
117,15,0.9497130022460694
117,16,0.9507508271824892
117,17,0.949407871821665
117,18,0.9477726574500769
117,19,0.9484521442771939
117,20,0.944544095665172
117,21,0.9433396464646465
118,1,0.8077769625825385
118,2,0.8074101247248716
118,3,0.8767424798239178
118,4,0.898936170212766
118,5,0.9138175593054536
118,6,0.9230455694138746
118,7,0.9313605608543245
118,8,0.9353550175266977
118,9,0.938004402054292
118,10,0.9439960870628515
118,11,0.9455041982554823
118,12,0.9479549350967426
118,13,0.9513991163475699
118,14,0.9495537927615271
118,15,0.9498706068954003
118,16,0.9497313891020721
118,17,0.9506962576153177
118,18,0.9492240675197385
118,19,0.9483843294252217
118,20,0.945661963374362
118,21,0.9462880238247181
119,1,0.814135485448765
119,2,0.8105893861579848
119,3,0.8937800603244482
119,4,0.9056615309366594
119,5,0.9216678894595256
119,6,0.9270400260862476
119,7,0.9319486659912191
119,8,0.9331336104997148
119,9,0.9427936740849434
119,10,0.9454022988505747
119,11,0.947570123939987
119,12,0.9500367376928729
119,13,0.9512814214361746
119,14,0.9523396880415944
119,15,0.9497876592555583
119,16,0.9472810824610671
119,17,0.9469895287958116
119,18,0.9472010178117047
119,19,0.9487033342832716
119,20,0.9471326164874552
119,21,0.9473933649289099
120,1,0.8173147468818782
120,2,0.8091220347273171
120,3,0.8784543898263634
120,4,0.8966128637808756
120,5,0.9062606994375153
120,6,0.9149343767832395
120,7,0.9223934132224668
120,8,0.9301581478764165
120,9,0.9327871525230292
120,10,0.9336838672862151
120,11,0.9385138990788294
120,12,0.9430017965049812
120,13,0.9443078436193755
120,14,0.9440732491957436
120,15,0.9457374040707374
120,16,0.9466258711541731
120,17,0.9454951405306016
120,18,0.9427826564215148
120,19,0.9414310444316215
120,20,0.9390878481787572
120,21,0.9369487095720352
121,1,0.805575935436537
121,2,0.8070432868672047
121,3,0.8843237955490341
121,4,0.8978967962827097
121,5,0.9182929811689899
121,6,0.9266324284666179
121,7,0.9341729844297709
121,8,0.9350696991929567
121,9,0.9391456753892556
121,10,0.9390233961033668
121,11,0.9393494741990707
121,12,0.9446211565125194
121,13,0.9463394683026585
121,14,0.9468796433878157
121,15,0.9496784431637852
121,16,0.9482229608795705
121,17,0.9492392444910808
121,18,0.9470819612147824
121,19,0.9443008900373241
121,20,0.9427966101694916
121,21,0.9413659793814433
122,1,0.814135485448765
122,2,0.8083883590119834
122,3,0.8805738974484393
122,4,0.8945952555637076
122,5,0.9145023233064319
122,6,0.9240645634629494
122,7,0.9321233506853465
122,8,0.9410410043205347
122,9,0.9418765794407761
122,10,0.9450966006358523
122,11,0.9485204206407435
122,12,0.9493639921722113
122,13,0.9514451813641202
122,14,0.9521986166007905
122,15,0.9510611735330836
122,16,0.9525324510053449
122,17,0.9514740412209758
122,18,0.9500498594869006
122,19,0.9496389205625236
122,20,0.9492644851395977
122,21,0.9502868068833652
123,1,0.8278307654683297
123,2,0.8207385668867694
123,3,0.8934539822287443
123,4,0.909146490584495
123,5,0.9208119344583028
123,6,0.9272845846580255
123,7,0.9349066601451048
123,8,0.9369038884812912
123,9,0.9396347925328116
123,10,0.941754300154887
123,11,0.9429631441617743
123,12,0.9455049763419808
123,13,0.9454656862745098
123,14,0.9463492846571288
123,15,0.9467165419783874
123,16,0.9468139121604469
123,17,0.9462083442665967
123,18,0.9476332970620239
123,19,0.9457641671436748
123,20,0.9462834787842311
123,21,0.9432216905901116
124,1,0.8195157740278797
124,2,0.8229395940327708
124,3,0.8988342708078586
124,4,0.9104304230863292
124,5,0.927317192467596
124,6,0.9304230863291759
124,7,0.9400831499144044
124,8,0.9395125132469228
124,9,0.9450150811119262
124,10,0.94220265753648
124,11,0.9465916503587736
124,12,0.9483068135454916
124,13,0.9457288080013116
124,14,0.9480820105820106
124,15,0.9506513026052105
124,16,0.9510832480382121
124,17,0.9520745798319328
124,18,0.9504393190554641
124,19,0.9510225535168195
124,20,0.9466224366706876
124,21,0.9463430213989141
125,1,0.8251406211787723
125,2,0.8112007825874297
125,3,0.8746229722018427
125,4,0.8926999266324285
125,5,0.9075568598679383
125,6,0.9140784217820169
125,7,0.929404092280101
125,8,0.933683867286215
125,9,0.9352327382408087
125,10,0.9413874622972203
125,11,0.9429631441617742
125,12,0.9440773372491433
125,13,0.9477300613496933
125,14,0.9463402571711177
125,15,0.9474384564204923
125,16,0.9479326186830015
125,17,0.9458005249343832
125,18,0.9464089912280702
125,19,0.9453733064283655
125,20,0.9434968017057569
125,21,0.9452495974235104
126,1,0.8063096111518708
126,2,0.810100269014429
126,3,0.8749490502975472
126,4,0.8922108094888725
126,5,0.9103692834433846
126,6,0.9177468003586857
126,7,0.9279775006113964
126,8,0.9304638460911387
126,9,0.9355384364555311
126,10,0.942161897774517
126,11,0.9439008480104372
126,12,0.9441111655239961
126,13,0.9408443789887089
126,14,0.9428395061728395
126,15,0.9422997094229971
126,16,0.9441896024464832
126,17,0.944400734329924
126,18,0.9447322970639033
126,19,0.9435560632019798
126,20,0.9409961112772959
126,21,0.9412044374009508
127,1,0.813890926876987
127,2,0.8129126925898753
127,3,0.8801662998288093
127,4,0.9021154316458792
127,5,0.9155783810222549
127,6,0.9179505991685009
127,7,0.9224749327463929
127,8,0.9262044509660063
127,9,0.9342952637156599
127,10,0.934213744191734
127,11,0.9367253750815394
127,12,0.9409773209332681
127,13,0.9425484900564695
127,14,0.9437706270627062
127,15,0.9448753231590359
127,16,0.9452984883423008
127,17,0.9460242232754081
127,18,0.9465426017150156
127,19,0.9462272333044233
127,20,0.9450035579953238
127,21,0.9476481958762887
128,1,0.8048422597212033
128,2,0.8145023233064319
128,3,0.8847313931686639
128,4,0.9024211298606016
128,5,0.9177549523110786
128,6,0.926184071085025
128,7,0.9380451618162551
128,8,0.9365370506236244
128,9,0.9425898752751284
128,10,0.9429363332518138
128,11,0.9455857177794081
128,12,0.9477484092021536
128,13,0.9496276291022178
128,14,0.9502714708785784
128,15,0.9508114856429465
128,16,0.9519427402862985
128,17,0.9536136662286465
128,18,0.9513736263736263
128,19,0.9517493271818531
128,20,0.9505444646098004
128,21,0.9522821576763485
129,1,0.8048422597212033
129,2,0.8083883590119834
129,3,0.8725034645797672
129,4,0.8931890437759844
129,5,0.9071411102959158
129,6,0.917094644167278
129,7,0.9246468457767063
129,8,0.9300562484715089
129,9,0.9367000896714763
129,10,0.9378006032444771
129,11,0.9398034898891064
129,12,0.9415197518772445
129,13,0.9461205134494317
129,14,0.9474377986488712
129,15,0.948939545758183
129,16,0.947523736207339
129,17,0.9433763497498024
129,18,0.9417758369723436
129,19,0.9422745548535324
129,20,0.939854191980559
129,21,0.938895979578813
130,1,0.8038640254340914
130,2,0.8054536561506481
130,3,0.8861987445993313
130,4,0.9043775984348251
130,5,0.9210809488872586
130,6,0.9316866389500286
130,7,0.9376783239585882
130,8,0.9384935191978478
130,9,0.9404092280101084
130,10,0.9482758620689655
130,11,0.9493639921722113
130,12,0.9499673522690173
130,13,0.9523692609869875
130,14,0.9528114936834283
130,15,0.9528649100794646
130,16,0.952061855670103
130,17,0.952914798206278
130,18,0.9521839080459771
130,19,0.9517492711370262
130,20,0.9515581610614008
130,21,0.9509132420091324
131,1,0.8209831254585473
131,2,0.8286867204695525
131,3,0.89353550175267
131,4,0.9060283687943262
131,5,0.9207874786011251
131,6,0.9267547077525067
131,7,0.9343243778313477
131,8,0.9410206244395533
131,9,0.9429567131327953
131,10,0.9444036846824814
131,11,0.9474070450097848
131,12,0.9490196078431372
131,13,0.9506597819850833
131,14,0.9526820398380033
131,15,0.9523928839889751
131,16,0.9522773797338793
131,17,0.9509442248572684
131,18,0.947634824222345
131,19,0.9489677231753416
131,20,0.9468864468864469
131,21,0.946146404385682
132,1,0.8136463683052091
132,2,0.8185375397407679
132,3,0.8904377598434825
132,4,0.9078625580826608
132,5,0.9268036194668624
132,6,0.9289964946604712
132,7,0.9418765794407761
132,8,0.9406945463438494
132,9,0.9441387462297219
132,10,0.9477052254014836
132,11,0.950481318322728
132,12,0.9519725557461407
132,13,0.9561187664041995
132,14,0.9559482329517173
132,15,0.9570394681477742
132,16,0.9555154018241266
132,17,0.9560105680317041
132,18,0.956094424543033
132,19,0.9565405717585909
132,20,0.956548347613219
132,21,0.9561175961954171
133,1,0.8070432868672047
133,2,0.8110785033015407
133,3,0.8898671231760009
133,4,0.9080459770114943
133,5,0.9194424064563462
133,6,0.9273661041819516
133,7,0.9351919784788458
133,8,0.940185049319312
133,9,0.9449335615880003
133,10,0.9460748349229641
133,11,0.9471494984095915
133,12,0.9482026143790849
133,13,0.9481008513425015
133,14,0.9479089334323187
133,15,0.947096559193535
133,16,0.9475971370143149
133,17,0.9463395434269221
133,18,0.9468027210884353
133,19,0.9477255351681958
133,20,0.9475672408582654
133,21,0.94851769206248
134,1,0.8158473954512105
134,2,0.8093665932990951
134,3,0.8838346784054784
134,4,0.8993030080704328
134,5,0.9113719735876742
134,6,0.925328116083802
134,7,0.9284666177549523
134,8,0.9350696991929567
134,9,0.9401646694383305
134,10,0.9436292492051847
134,11,0.9478580171358629
134,12,0.9495592556317336
134,13,0.9513513513513514
134,14,0.9529470034670628
134,15,0.9517258629314658
134,16,0.9489247311827957
134,17,0.9494456177402323
134,18,0.9465859030837004
134,19,0.9468240093240093
134,20,0.9454656862745098
134,21,0.9453631647211413
135,1,0.8209831254585473
135,2,0.8120567375886525
135,3,0.8822042879269586
135,4,0.8971631205673759
135,5,0.9114697970163854
135,6,0.918113638216353
135,7,0.9294448520420641
135,8,0.9325425939512513
135,9,0.9377598434825141
135,10,0.9415505013450721
135,11,0.9452054794520548
135,12,0.9493428034941628
135,13,0.9519419862340216
135,14,0.952776400594943
135,15,0.9520593630148407
135,16,0.9528883183568678
135,17,0.9534760771874174
135,18,0.9525767543859649
135,19,0.9520114942528736
135,20,0.9495287321374278
135,21,0.9459721772889033
136,1,0.8102225483003179
136,2,0.8130349718757642
136,3,0.8914159941305948
136,4,0.9044998777207142
136,5,0.9211298606016141
136,6,0.9285481372788783
136,7,0.9337246270481779
136,8,0.9406945463438494
136,9,0.9467473709953534
136,10,0.9489361702127659
136,11,0.9500856373868363
136,12,0.9512324518445968
136,13,0.9545937551087135
136,14,0.9531366228613936
136,15,0.9547761690797139
136,16,0.9550480564769924
136,17,0.9553641346906813
136,18,0.9555645963294459
136,19,0.9557648401826484
136,20,0.9511976047904191
136,21,0.951312045526399
137,1,0.8185375397407679
137,2,0.8118121790168745
137,3,0.8836716393576267
137,4,0.9020542920029347
137,5,0.9194179505991685
137,6,0.9244314013206162
137,7,0.9302600472813238
137,8,0.9347028613352897
137,9,0.9432624113475179
137,10,0.9432216515855548
137,11,0.9484136693581273
137,12,0.9491103493307215
137,13,0.9490672557682867
137,14,0.9511166253101737
137,15,0.9514847344207445
137,16,0.9520395972008875
137,17,0.9515111695137977
137,18,0.9490271307207454
137,19,0.9454989933851021
137,20,0.9438729198184569
137,21,0.9444444444444444
138,1,0.8156028368794326
138,2,0.8187820983125459
138,3,0.8927203065134105
138,4,0.9099413059427733
138,5,0.9193445830276351
138,6,0.9282220591831742
138,7,0.9323387951414364
138,8,0.9365981902665688
138,9,0.9446278633732779
138,10,0.9433846906334067
138,11,0.9456131767775603
138,12,0.9495839451786589
138,13,0.9515456329735035
138,14,0.9524691358024692
138,15,0.9542156617463098
138,16,0.9527198779867819
138,17,0.9515357173931959
138,18,0.9516260162601626
138,19,0.9506260671599317
138,20,0.9499201118434193
138,21,0.9487711458665815
139,1,0.8209831254585473
139,2,0.8102225483003179
139,3,0.8868509007907402
139,4,0.8989973098557105
139,5,0.9121545610173636
139,6,0.9213336594114291
139,7,0.9274883834678407
139,8,0.9340099453819191
139,9,0.938126681340181
139,10,0.9406130268199234
139,11,0.942569495394147
139,12,0.9452876376988986
139,13,0.9502823471642524
139,14,0.9476225854383358
139,15,0.9497916666666666
139,16,0.9499872416432763
139,17,0.9504846738276133
139,18,0.9473612250478535
139,19,0.9477142857142857
139,20,0.943892900120337
139,21,0.9421909932928777
140,1,0.8033749082905356
140,2,0.8082660797260944
140,3,0.8750305698214721
140,4,0.8912325752017608
140,5,0.9118610907312301
140,6,0.9198255482187985
140,7,0.9286704165647673
140,8,0.9324610744273254
140,9,0.9364147713377353
140,10,0.9391049156272928
140,11,0.9427045102357068
140,12,0.9417115353238701
140,13,0.9428056374959031
140,14,0.9422933730454207
140,15,0.944918444165621
140,16,0.9459355828220859
140,17,0.9453329837441007
140,18,0.9441712204007287
140,19,0.9429092304739974
140,20,0.9408373786407767
140,21,0.9382321618743343
141,1,0.8190266568843237
141,2,0.8153582783076547
141,3,0.8888073693649633
141,4,0.9026045487894351
141,5,0.9183663487405234
141,6,0.921252139887503
141,7,0.9306618220778163
141,8,0.9346111518708731
141,9,0.9398385913426266
141,10,0.9437922882530366
141,11,0.9449608610567514
141,12,0.9447842753445885
141,13,0.9460255152109912
141,14,0.9479295809571039
141,15,0.9489497029040087
141,16,0.9485570355191256
141,17,0.9507116499736425
141,18,0.9453943739658025
141,19,0.9440438419382752
141,20,0.9437136739063934
141,21,0.9421251348435815
142,1,0.8031303497187576
142,2,0.80997798972854
142,3,0.8905192793674089
142,4,0.902849107361213
142,5,0.9178283198826119
142,6,0.9228417706040596
142,7,0.9292759901710747
142,8,0.9353142577647346
142,9,0.9369854080052172
142,10,0.9398793511045895
142,11,0.9419580989647022
142,12,0.9449408404732762
142,13,0.9469176682200966
142,14,0.946313706086096
142,15,0.9496211174952119
142,16,0.9504837067209776
142,17,0.9547475804342139
142,18,0.9528945931185144
142,19,0.9497605363984675
142,20,0.9502879660503183
142,21,0.9505758157389635
143,1,0.8187820983125459
143,2,0.8162142333088774
143,3,0.8887258498410372
143,4,0.9040719002201028
143,5,0.9223771093176818
143,6,0.9296486508518791
143,7,0.9334393087144371
143,8,0.9366185701475503
143,9,0.9433031711094807
143,10,0.941835819678813
143,11,0.9422967131555338
143,12,0.9419562734540708
143,13,0.9443898846059415
143,14,0.9465642550379914
143,15,0.9507101086048455
143,16,0.9501278772378516
143,17,0.952537470418091
143,18,0.9525897506166073
143,19,0.9511494252873564
143,20,0.9504654928152196
143,21,0.9488252333440618
144,1,0.806065052580093
144,2,0.8012961604304231
144,3,0.870302437433766
144,4,0.8908045977011494
144,5,0.9064808021521156
144,6,0.9122442324936824
144,7,0.9204777044102062
144,8,0.9271623053721366
144,9,0.9290780141843972
144,10,0.9344175430015489
144,11,0.939783105022831
144,12,0.9421194322075378
144,13,0.9460255152109912
144,14,0.9468479604449939
144,15,0.947125
144,16,0.9483640081799591
144,17,0.9448230668414155
144,18,0.9452354874041621
144,19,0.9449383424146831
144,20,0.9423309178743962
144,21,0.9419600380589914
145,1,0.7967718268525312
145,2,0.7998288089997554
145,3,0.8760088041085843
145,4,0.8961848862802642
145,5,0.9084372707263391
145,6,0.9197032689329094
145,7,0.9289557348985081
145,8,0.9309937229966577
145,9,0.9346621015733267
145,10,0.9389214966984594
145,11,0.939620026092629
145,12,0.9432884536923705
145,13,0.943721881390593
145,14,0.9441831683168317
145,15,0.944569852019062
145,16,0.9433222534731099
145,17,0.945203679369251
145,18,0.9428846683181943
145,19,0.9430964760254188
145,20,0.9431508920471726
145,21,0.9449261400128453
146,1,0.8214722426021032
146,2,0.8178038640254341
146,3,0.8854650688839983
146,4,0.9022988505747126
146,5,0.9188310100269015
146,6,0.9276106627537294
146,7,0.9325775308900768
146,8,0.9351512187168829
146,9,0.939858971223608
146,10,0.9418969593217575
146,11,0.9432689171559034
146,12,0.943437806072478
146,13,0.9464636542239686
146,14,0.9466023420748804
146,15,0.9477524810274373
146,16,0.9515336383663786
146,17,0.9528301886792453
146,18,0.9509536784741145
146,19,0.951303351475222
146,20,0.949726609963548
146,21,0.95
147,1,0.8175593054536562
147,2,0.8191489361702128
147,3,0.884568354120812
147,4,0.8999755441428222
147,5,0.9235999021765714
147,6,0.9335208282383631
147,7,0.9413467025352572
147,8,0.9406537865818864
147,9,0.9461563544468901
147,10,0.9486426999266323
147,11,0.9508437270726339
147,12,0.9553163731245923
147,13,0.9553184531109477
147,14,0.9568221070811744
147,15,0.9570039880358924
147,16,0.9578466226510919
147,17,0.9571316203460933
147,18,0.9566403054267794
147,19,0.9544155472992284
147,20,0.9532569360675512
147,21,0.9540211470682474
148,1,0.80997798972854
148,2,0.8066764490095378
148,3,0.881959729355181
148,4,0.904744436292492
148,5,0.9172169234531671
148,6,0.9247574794163202
148,7,0.9331132306187332
148,8,0.9359052743131979
148,9,0.9397978315806635
148,10,0.9439553273008885
148,11,0.9472847358121331
148,12,0.9484777995429318
148,13,0.9478271544316229
148,14,0.9488448844884488
148,15,0.9493496748374187
148,16,0.9478608488560007
148,17,0.945316588173731
148,18,0.9459533607681756
148,19,0.9440137812230835
148,20,0.9434900542495479
148,21,0.9418863131152747
149,1,0.8082660797260944
149,2,0.8022743947175348
149,3,0.8708730741012477
149,4,0.8915382734164833
149,5,0.9079970652971388
149,6,0.9190511127415018
149,7,0.9230048096519116
149,8,0.9274068639439147
149,9,0.9324610744273254
149,10,0.937474525148773
149,11,0.9411836634874052
149,12,0.9431178055351457
149,13,0.9427940093297323
149,14,0.9469715698393077
149,15,0.9470925879710507
149,16,0.9453677661297196
149,17,0.9458760627574722
149,18,0.946439996344027
149,19,0.9451640759930915
149,20,0.9433445019798964
149,21,0.9421527553980019
150,1,0.8089997554414282
150,2,0.8065541697236488
150,3,0.8853020298361465
150,4,0.9068231841526045
150,5,0.9197114208853021
150,6,0.9270807858482107
150,7,0.9324960113661508
150,8,0.9320942365696584
150,9,0.9363740115757723
150,10,0.93784136300644
150,11,0.9435884894432217
150,12,0.9450562897699462
150,13,0.9460375816993464
150,14,0.9457220573689417
150,15,0.9441804235451059
150,16,0.945210141228518
150,17,0.9474063400576369
150,18,0.9450819672131148
150,19,0.9437291368621841
150,20,0.9415318554024367
150,21,0.9424923498997574
151,1,0.8080215211543165
151,2,0.8047199804353142
151,3,0.8751936088693251
151,4,0.8990584494986549
151,5,0.923159696747371
151,6,0.9269177468003588
151,7,0.933969185619956
151,8,0.9379228825303659
151,9,0.9418765794407761
151,10,0.9431401320616286
151,11,0.9433846906334066
151,12,0.9477204143218335
151,13,0.9478758169934641
151,14,0.9497491570030431
151,15,0.9493765586034912
151,16,0.9493472363513056
151,17,0.9486743415314844
151,18,0.9486413043478261
151,19,0.9473809523809523
151,20,0.9486332231901472
151,21,0.9470058293587705
152,1,0.8107116654438739
152,2,0.8061873318659819
152,3,0.8766609602999922
152,4,0.9005869405722671
152,5,0.9155294693078994
152,6,0.9194587103611316
152,7,0.9309937229966578
152,8,0.934376783239586
152,9,0.937922882530366
152,10,0.9408168256297382
152,11,0.9430575950399738
152,12,0.9473834598742754
152,13,0.948415622697126
152,14,0.9496114417989417
152,15,0.9496366825357053
152,16,0.9493606138107417
152,17,0.9478180862250263
152,18,0.946360153256705
152,19,0.944745859508852
152,20,0.9434952038369304
152,21,0.9450775561886673
153,1,0.80997798972854
153,2,0.8159696747370996
153,3,0.8826118855465889
153,4,0.9014428955734899
153,5,0.9181462460259231
153,6,0.9236162060813565
153,7,0.9322165158555474
153,8,0.9335208282383629
153,9,0.9402054292002935
153,10,0.9442406456346296
153,11,0.9459944526023821
153,12,0.9453431372549019
153,13,0.946259004584152
153,14,0.9471665429349171
153,15,0.948180677540778
153,16,0.9479724560061209
153,17,0.9498904949627682
153,18,0.9499544626593808
153,19,0.9501282416642918
153,20,0.9499248120300752
153,21,0.9471480067854114
154,1,0.7879677182685253
154,2,0.7992174125703105
154,3,0.8769870383956964
154,4,0.8989973098557105
154,5,0.9144778674492541
154,6,0.9259802722752098
154,7,0.9330724708567703
154,8,0.9362109725279204
154,9,0.9398385913426266
154,10,0.941020624439553
154,11,0.942080378250591
154,12,0.9429878297802826
154,13,0.945003682789099
154,14,0.9493451939708426
154,15,0.9493223580277709
154,16,0.9505089058524173
154,17,0.9524121657052963
154,18,0.951797385620915
154,19,0.9502715061446128
154,20,0.9466004813477737
154,21,0.9493991144845034
155,1,0.8158473954512105
155,2,0.8078992418684275
155,3,0.8864433031711099
155,4,0.9038273416483248
155,5,0.9207141110295917
155,6,0.9264693894187657
155,7,0.9340914649058449
155,8,0.9367000896714763
155,9,0.9414689818211461
155,10,0.94615635444689
155,11,0.950167196802871
155,12,0.9509875938622266
155,13,0.9513393954288522
155,14,0.9540158651462568
155,15,0.9524345506086377
155,16,0.9536589502247095
155,17,0.9526673640167364
155,18,0.9494565217391304
155,19,0.9505186031021029
155,20,0.9484948494849486
155,21,0.9486564299424184
156,1,0.8126681340180973
156,2,0.809855710442651
156,3,0.8811445341159208
156,4,0.8969797016385425
156,5,0.9201271704573245
156,6,0.9252465965598761
156,7,0.9333985489524742
156,8,0.938493519197848
156,9,0.9415097415831093
156,10,0.9432624113475178
156,11,0.9453819189695933
156,12,0.9455057555718834
156,13,0.948113593583763
156,14,0.9466848095002474
156,15,0.9468333333333333
156,16,0.9450985410801126
156,17,0.944913020558777
156,18,0.9456701599558742
156,19,0.944637178375253
156,20,0.9452743902439025
156,21,0.945676631308261
157,1,0.8251406211787723
157,2,0.8226950354609929
157,3,0.8859541860275539
157,4,0.900831499144045
157,5,0.9184886280264123
157,6,0.9212928996494661
157,7,0.9290372544224342
157,8,0.9315032200211951
157,9,0.9350289394309937
157,10,0.9356810956224016
157,11,0.9421477495107632
157,12,0.9430964052287583
157,13,0.94620486366986
157,14,0.945546190712279
157,15,0.9454454454454454
157,16,0.9452965235173824
157,17,0.9477748691099477
157,18,0.9441248972884141
157,19,0.9435691778859926
157,20,0.9423502211499798
157,21,0.9438613231552163
158,1,0.8112007825874297
158,2,0.813890926876987
158,3,0.8822858074508854
158,4,0.89667400342382
158,5,0.9164587918806555
158,6,0.9234531670335043
158,7,0.9286704165647672
158,8,0.9304638460911387
158,9,0.9340914649058449
158,10,0.9369446482432542
158,11,0.9409654272667971
158,12,0.9441114101623033
158,13,0.9484789008832188
158,14,0.9495186373734881
158,15,0.9515928322548531
158,16,0.9497046413502109
158,17,0.95217617930675
158,18,0.949577541564459
158,19,0.947976054732041
158,20,0.9472738166566806
158,21,0.9469264892268695
159,1,0.8192712154561017
159,2,0.8191489361702128
159,3,0.8865248226950356
159,4,0.8994252873563219
159,5,0.917559305453656
159,6,0.9245944403684683
159,7,0.9271215456101737
159,8,0.9336634874052335
159,9,0.9331132306187332
159,10,0.934213744191734
159,11,0.9386157984837369
159,12,0.940814162179801
159,13,0.9405199901888643
159,14,0.9457211102874558
159,15,0.9458187572880227
159,16,0.9455128205128205
159,17,0.9427631578947369
159,18,0.9403258282994692
159,19,0.9385356454720617
159,20,0.9373669808452417
159,21,0.9398355754857998
160,1,0.8231841526045488
160,2,0.8116898997309856
160,3,0.8887258498410373
160,4,0.9019931523599902
160,5,0.9166788945952556
160,6,0.9198663079807615
160,7,0.9280182603733595
160,8,0.9318496779978804
160,9,0.9344786826444935
160,10,0.9364962908616615
160,11,0.9396755522947745
160,12,0.9451378691466796
160,13,0.9477605829853435
160,14,0.9485275921801535
160,15,0.9486668327934213
160,16,0.9469870327993898
160,17,0.9474513925380977
160,18,0.945619335347432
160,19,0.9461915753029428
160,20,0.9435336976320583
160,21,0.9444086368030937
161,1,0.8146246025923208
161,2,0.8126681340180973
161,3,0.8873400179342961
161,4,0.898813890926877
161,5,0.919124480313035
161,6,0.9250020379880982
161,7,0.9264693894187659
161,8,0.929893209423657
161,9,0.9354365370506236
161,10,0.9398385913426266
161,11,0.9411548813310496
161,12,0.9433014939995101
161,13,0.944007858546169
161,14,0.9454628024110312
161,15,0.9429572179134351
161,16,0.9432950191570881
161,17,0.9433788754598004
161,18,0.9431880108991826
161,19,0.9415547299228351
161,20,0.9434190620272315
161,21,0.939901266366173
162,1,0.8143800440205429
162,2,0.814013206162876
162,3,0.8897856036520749
162,4,0.9026656884323796
162,5,0.9178038640254341
162,6,0.9276106627537295
162,7,0.9334800684764001
162,8,0.9353142577647346
162,9,0.942243417298443
162,10,0.9415097415831091
162,11,0.9447842753445884
162,12,0.9477228207639569
162,13,0.9496028821747318
162,14,0.952245335974905
162,15,0.9538634658664666
162,16,0.9545570916538658
162,17,0.9537085976039463
162,18,0.9540436102677339
162,19,0.9519258615696495
162,20,0.9483920367534456
162,21,0.9499351911860013
163,1,0.8131572511616532
163,2,0.8123012961604305
163,3,0.8905192793674089
163,4,0.9052946930789925
163,5,0.9207630227439472
163,6,0.9283850982310263
163,7,0.9366709755557884
163,8,0.9395736528898672
163,9,0.9454634384935193
163,10,0.9441183663487406
163,11,0.9472976277818538
163,12,0.9460076665851073
163,13,0.9462840323767476
163,14,0.9497158388930071
163,15,0.9521728271728271
163,16,0.9526963906581741
163,17,0.951764705882353
163,18,0.9526014709888314
163,19,0.9521897112258558
163,20,0.95036210018105
163,21,0.9455891822279459
164,1,0.8153582783076547
164,2,0.8048422597212033
164,3,0.8789435069699194
164,4,0.9003423820004891
164,5,0.9199070677427243
164,6,0.9316866389500286
164,7,0.9378006032444771
164,8,0.9404499877720714
164,9,0.9446482432542593
164,10,0.9465231923045568
164,11,0.9483166218309285
164,12,0.9476972072513474
164,13,0.9511705959397511
164,14,0.9512566955088587
164,15,0.9536619953286619
164,16,0.9523199179697514
164,17,0.9505882352941176
164,18,0.9492812584757255
164,19,0.9481481481481482
164,20,0.948296653602653
164,21,0.9496334077143768
165,1,0.8165810711665444
165,2,0.809855710442651
165,3,0.8967962827097092
165,4,0.9034605037906579
165,5,0.9216189777451701
165,6,0.9260210320371729
165,7,0.9379636422923291
165,8,0.9396755522947746
165,9,0.9474810467106872
165,10,0.9506806880247819
165,11,0.9497309197651663
165,12,0.9510452392617997
165,13,0.9515970515970515
165,14,0.9538252042584798
165,15,0.9553690714762859
165,16,0.9552678800307614
165,17,0.9549050632911392
165,18,0.9528327832783279
165,19,0.9532985608036317
165,20,0.9513973888208895
165,21,0.9532685035116154
166,1,0.8131572511616532
166,2,0.8156028368794326
166,3,0.8829379636422925
166,4,0.89844705306921
166,5,0.9112741501589632
166,6,0.9194994701230944
166,7,0.9305337199687896
166,8,0.9365370506236242
166,9,0.9394106138420152
166,10,0.9409391049156273
166,11,0.9472439660795824
166,12,0.9484010442160221
166,13,0.9493784756297023
166,14,0.9530284301606922
166,15,0.9540028383003589
166,16,0.9527656664101906
166,17,0.9488023163990524
166,18,0.9469030602895363
166,19,0.9461294049682265
166,20,0.9446308724832215
166,21,0.9447680690399136
167,1,0.8226950354609929
167,2,0.8191489361702128
167,3,0.8853835493600718
167,4,0.9031548055759354
167,5,0.9190022010271459
167,6,0.9246352001304314
167,7,0.9312382815684356
167,8,0.9356199559794572
167,9,0.9397570718187005
167,10,0.9391864351512188
167,11,0.9411021439634792
167,12,0.944158916625877
167,13,0.9482208588957054
167,14,0.9487718430596768
167,15,0.9474515673068927
167,16,0.9485685330630859
167,17,0.9495631109957609
167,18,0.9465059588299025
167,19,0.9450752199829691
167,20,0.9460065809153455
167,21,0.9450793650793651
168,1,0.7931034482758621
168,2,0.8048422597212033
168,3,0.8775576750631787
168,4,0.89667400342382
168,5,0.9158963071655661
168,6,0.9194994701230945
168,7,0.9301377679954349
168,8,0.9333781690714926
168,9,0.938371239911959
168,10,0.9415097415831092
168,11,0.9424331376386171
168,12,0.9447778866568675
168,13,0.9485667485667485
168,14,0.9486448520905636
168,15,0.9493045081280376
168,16,0.9490764494612622
168,17,0.9488964792433
168,18,0.9492892290869327
168,19,0.9490196078431373
168,20,0.9485205314009661
168,21,0.9484240687679083
169,1,0.8231841526045488
169,2,0.8103448275862069
169,3,0.8785359093502896
169,4,0.8966128637808756
169,5,0.915676204450966
169,6,0.9223526534605035
169,7,0.9313605608543246
169,8,0.9355180565745497
169,9,0.9381674411021439
169,10,0.9403684682481454
169,11,0.9458170254403131
169,12,0.9467042391570694
169,13,0.9480189914865749
169,14,0.95
169,15,0.9500873471425006
169,16,0.9507353566267109
169,17,0.9479221462388217
169,18,0.9472742290748899
169,19,0.9474600870827286
169,20,0.946523517382413
169,21,0.9457013574660633
170,1,0.80166299828809
170,2,0.8053313768647591
170,3,0.8800847803048834
170,4,0.8956346294937637
170,5,0.9107116654438738
170,6,0.9204369446482433
170,7,0.9265509089426918
170,8,0.9318496779978805
170,9,0.9327056329991035
170,10,0.9363740115757724
170,11,0.9416727806309613
170,12,0.944988573294156
170,13,0.9499263622974963
170,14,0.9477981197427017
170,15,0.9491017964071856
170,16,0.9501402703391992
170,17,0.9494883801595561
170,18,0.9478378378378378
170,19,0.9478989210675752
170,20,0.9466208133971292
170,21,0.9459530575728871
171,1,0.8190266568843237
171,2,0.8170701883101003
171,3,0.8866063422189617
171,4,0.9056615309366594
171,5,0.9243580337490829
171,6,0.9374745251487732
171,7,0.9428431680816126
171,8,0.9449947012309449
171,9,0.9464009130186679
171,10,0.9493356158800033
171,11,0.950680688024782
171,12,0.9510067661204858
171,13,0.9532744665194997
171,14,0.953953334982274
171,15,0.954045954045954
171,16,0.9543949044585988
171,17,0.9560439560439561
171,18,0.9543591145121618
171,19,0.9523329493087558
171,20,0.950259383582545
171,21,0.9519106217616581
172,1,0.8163365125947665
172,2,0.8072878454389827
172,3,0.8725034645797674
172,4,0.8961237466373196
172,5,0.9111029591587185
172,6,0.9229232901279857
172,7,0.9297709301377681
172,8,0.9324610744273254
172,9,0.935579196217494
172,10,0.938167441102144
172,11,0.9423782725715684
172,12,0.9437918094305758
172,13,0.9464606833415072
172,14,0.9462697628458498
172,15,0.9466334164588529
172,16,0.946170826965529
172,17,0.9450234497133924
172,18,0.9442636289666395
172,19,0.9414285714285714
172,20,0.9397742163088398
172,21,0.9350192061459667
173,1,0.8290535583272194
173,2,0.8187820983125459
173,3,0.8890519279367415
173,4,0.9015651748593788
173,5,0.920420640743458
173,6,0.9245536806065052
173,7,0.9286645937416297
173,8,0.9319719572837695
173,9,0.9371280671720876
173,10,0.9409391049156273
173,11,0.9439308714437108
173,12,0.9452608376193974
173,13,0.9477067977067977
173,14,0.9480069324090121
173,15,0.9488622155538885
173,16,0.950476920456481
173,17,0.9476115069939298
173,18,0.9460055096418732
173,19,0.9462241462241462
173,20,0.9464394400486914
173,21,0.9444444444444443
174,1,0.8114453411592076
174,2,0.8083883590119834
174,3,0.8848944322165161
174,4,0.9001589630716557
174,5,0.9182929811689899
174,6,0.9276106627537296
174,7,0.9329851285097067
174,8,0.9374337653868102
174,9,0.9397163120567376
174,10,0.9459933153990381
174,11,0.9475036710719529
174,12,0.9501838235294118
174,13,0.9517425174251741
174,14,0.9518445159692993
174,15,0.952541948409717
174,16,0.9519280205655527
174,17,0.951045250066155
174,18,0.9491199119911992
174,19,0.9483122362869199
174,20,0.94579945799458
174,21,0.9444977607165707
175,1,0.8143800440205429
175,2,0.8158473954512105
175,3,0.884079236977256
175,4,0.8977133773538762
175,5,0.9187087307410124
175,6,0.9245536806065053
175,7,0.9278552213255076
175,8,0.9323184152604549
175,9,0.9372707263389581
175,10,0.9396755522947746
175,11,0.9435746901500327
175,12,0.9464781260202416
175,13,0.9504294478527607
175,14,0.9486008230452674
175,15,0.9508461921353908
175,16,0.9508487458829491
175,17,0.9502487562189055
175,18,0.948532751885164
175,19,0.9477077363896849
175,20,0.9439563768554984
175,21,0.9426465876321691
176,1,0.7989728539985327
176,2,0.8052090975788702
176,3,0.8831010026901439
176,4,0.8999755441428222
176,5,0.9222059183174369
176,6,0.9232493682236895
176,7,0.9341264018446703
176,8,0.9370873074101247
176,9,0.9382897203880329
176,10,0.9406334067009049
176,11,0.946360153256705
176,12,0.948824681684623
176,13,0.9496523517382414
176,14,0.950008242664029
176,15,0.9495745745745746
176,16,0.9498002210320496
176,17,0.9485158917783031
176,18,0.9475342465753425
176,19,0.94722461892436
176,20,0.9482602118003026
176,21,0.947730179028133
177,1,0.8151137197358768
177,2,0.8076546832966496
177,3,0.8826934050705149
177,4,0.9026045487894351
177,5,0.9178772315969674
177,6,0.9222303741746148
177,7,0.9265392632964167
177,8,0.9309733431156763
177,9,0.9342341240727154
177,10,0.937922882530366
177,11,0.9403800668787212
177,12,0.9415605615409729
177,13,0.9447445972495089
177,14,0.9433143140659885
177,15,0.9422545819733869
177,16,0.9431808501575943
177,17,0.9439926547743966
177,18,0.9404173531026908
177,19,0.9420143884892086
177,20,0.9392014519056261
177,21,0.9375601926163724
178,1,0.8148691611640988
178,2,0.8198826118855466
178,3,0.8863617836471837
178,4,0.9019931523599902
178,5,0.9169234531670334
178,6,0.9265101491807288
178,7,0.934213744191734
178,8,0.9360886932420315
178,9,0.9414078421782017
178,10,0.9429363332518139
178,11,0.945654834761322
178,12,0.9468024206738632
178,13,0.9496754580560349
178,14,0.9501325381047051
178,15,0.9518137746573053
178,16,0.9506014845149732
178,17,0.9504741833508957
178,18,0.9493670886075949
178,19,0.9470400464306442
178,20,0.9472960586617782
178,21,0.9467570183930301
179,1,0.8187820983125459
179,2,0.8163365125947665
179,3,0.8821227684030327
179,4,0.8988750305698214
179,5,0.9130838835901198
179,6,0.9194179505991688
179,7,0.9247574794163204
179,8,0.9246759598923943
179,9,0.9313605608543245
179,10,0.9346621015733267
179,11,0.937214611872146
179,12,0.9394087865425444
179,13,0.9438988460594157
179,14,0.9419624389840324
179,15,0.9407900242698133
179,16,0.9421742482652274
179,17,0.9427814569536423
179,18,0.9419708702064896
179,19,0.9419616947185142
179,20,0.9428790199081164
179,21,0.9406525005365958
180,1,0.8041085840058694
180,2,0.8027635118610907
180,3,0.8742968941061384
180,4,0.8958180484225972
180,5,0.9161897774516996
180,6,0.9233716475095786
180,7,0.9313954977931502
180,8,0.9355893861579847
180,9,0.9414282220591832
180,10,0.941917339202739
180,11,0.9471624266144814
180,12,0.9495962808906289
180,13,0.9490071095856828
180,14,0.9499383477188656
180,15,0.9492861885790171
180,16,0.9511831801157644
180,17,0.9529622823138182
180,18,0.9515556768558951
180,19,0.9537116652335913
180,20,0.9513742071881607
180,21,0.9508274984086569
181,1,0.8195157740278797
181,2,0.8191489361702128
181,3,0.8888888888888892
181,4,0.9020542920029347
181,5,0.9174859378821228
181,6,0.925491155131654
181,7,0.9334800684764002
181,8,0.9366185701475502
181,9,0.9389418765794407
181,10,0.9411429037254423
181,11,0.9416320208689981
181,12,0.9468788249694001
181,13,0.9476987447698745
181,14,0.9509245501073139
181,15,0.950016716817118
181,16,0.9496153846153846
181,17,0.948266806722689
181,18,0.9450669581852965
181,19,0.9442373853211009
181,20,0.9424818840579711
181,21,0.9410919540229885
182,1,0.8116898997309856
182,2,0.8151137197358768
182,3,0.8798402217331056
182,4,0.896551724137931
182,5,0.9085840058694057
182,6,0.917543001548871
182,7,0.9303415668052499
182,8,0.9344583027635118
182,9,0.9416727806309612
182,10,0.946278633732779
182,11,0.9469863795775223
182,12,0.9508123112090783
182,13,0.9525622134905043
182,14,0.9520982768571193
182,15,0.9538545059717699
182,16,0.953125
182,17,0.9525316455696202
182,18,0.9507274224540214
182,19,0.952401495542134
182,20,0.9514078110808356
182,21,0.9492822966507177
183,1,0.8036194668623136
183,2,0.8124235754463194
183,3,0.887176978886444
183,4,0.8983859134262656
183,5,0.9132061628760088
183,6,0.9168908453574632
183,7,0.927808638740407
183,8,0.9322572756175105
183,9,0.9326241134751772
183,10,0.9375152849107361
183,11,0.9424879758702209
183,12,0.9459812321501427
183,13,0.945781160487765
183,14,0.9456979915695513
183,15,0.948127762488533
183,16,0.9477433666069448
183,17,0.9472829426740409
183,18,0.9445815058479531
183,19,0.9440269749518304
183,20,0.9407192928985065
183,21,0.9426896776294367
184,1,0.805575935436537
184,2,0.8064318904377599
184,3,0.8752751283932504
184,4,0.8973465394962093
184,5,0.9123746637319637
184,6,0.9166462867856853
184,7,0.9272845846580255
184,8,0.9312790413303987
184,9,0.937963642292329
184,10,0.9429363332518138
184,11,0.9425287356321839
184,12,0.9445395970964848
184,13,0.9456441717791411
184,14,0.9470239565324772
184,15,0.9490856192851206
184,16,0.9510028896821349
184,17,0.9489902963545764
184,18,0.9481532147742818
184,19,0.9487106017191977
184,20,0.947036251640917
184,21,0.9441583521081429
185,1,0.7999510882856444
185,2,0.7992174125703105
185,3,0.8738892964865088
185,4,0.8851797505502568
185,5,0.9071411102959158
185,6,0.9152604548789434
185,7,0.9217820167930219
185,8,0.9271623053721367
185,9,0.9302600472813239
185,10,0.9307084046629167
185,11,0.9330724708567703
185,12,0.9376633986928105
185,13,0.939908181669126
185,14,0.941229805473129
185,15,0.9423333333333334
185,16,0.9413187372708758
185,17,0.9413919413919414
185,18,0.9404794333968945
185,19,0.9399942578237152
185,20,0.9426895306859205
185,21,0.9377777777777778
186,1,0.8114453411592076
186,2,0.8083883590119834
186,3,0.8782098312545858
186,4,0.8988750305698214
186,5,0.9191489361702126
186,6,0.9254096356077282
186,7,0.9303823265672128
186,8,0.9396144126518301
186,9,0.9419580989647021
186,10,0.9452596396837042
186,11,0.9493639921722113
186,12,0.9506369426751592
186,13,0.950912961598297
186,14,0.9536945406564408
186,15,0.95
186,16,0.9498340566760276
186,17,0.9495028780743067
186,18,0.9496787039551091
186,19,0.9494848311390955
186,20,0.9484556758924989
186,21,0.9483146067415731
187,1,0.8136463683052091
187,2,0.8148691611640988
187,3,0.8861987445993318
187,4,0.9010760577158229
187,5,0.9160185864514551
187,6,0.9191733920273906
187,7,0.9250020379880982
187,8,0.9299747289475829
187,9,0.9328279122849922
187,10,0.9344583027635118
187,11,0.937963642292329
187,12,0.9396200260926288
187,13,0.9412702305051497
187,14,0.9418336218979306
187,15,0.9446941323345818
187,16,0.9425624044829343
187,17,0.941919191919192
187,18,0.9409853817000542
187,19,0.9414196123147093
187,20,0.9387387387387387
187,21,0.9381951064505879
188,1,0.8160919540229885
188,2,0.8153582783076547
188,3,0.8828564441183664
188,4,0.8980802152115431
188,5,0.9171191000244558
188,6,0.9232901279856525
188,7,0.9321349963316214
188,8,0.9347640009782343
188,9,0.937474525148773
188,10,0.9392679546751447
188,11,0.9433846906334067
188,12,0.9462931245412283
188,13,0.9470458445697475
188,14,0.9475766567754699
188,15,0.9503908848968728
188,16,0.9500762195121951
188,17,0.9491747445637937
188,18,0.9507461320150142
188,19,0.9493506493506494
188,20,0.946895922093731
188,21,0.9473853063843439
189,1,0.8197603325996576
189,2,0.813890926876987
189,3,0.8863617836471842
189,4,0.9005869405722671
189,5,0.9155783810222549
189,6,0.9246759598923943
189,7,0.9301261223491598
189,8,0.9361294530039945
189,9,0.9388603570555147
189,10,0.9387176978886443
189,11,0.9437922882530366
189,12,0.9458455762324519
189,13,0.9457954638499959
189,14,0.9485657764589516
189,15,0.9495531612795456
189,16,0.9492550021285654
189,17,0.9487785657998424
189,18,0.9454196379594075
189,19,0.9447805627580909
189,20,0.9426304546841623
189,21,0.9408169829527179
190,1,0.8124235754463194
190,2,0.8134018097334311
190,3,0.8856281079318502
190,4,0.9056003912937148
190,5,0.9176815847395452
190,6,0.9190103529795386
190,7,0.9265916687046549
190,8,0.929241053232249
190,9,0.9349270400260862
190,10,0.9372299665769951
190,11,0.9410206244395533
190,12,0.9442473907371168
190,13,0.9464834805364736
190,14,0.9496785361028685
190,15,0.9459594696022017
190,16,0.9470105209135232
190,17,0.9448403272631302
190,18,0.9447483588621444
190,19,0.9433962264150944
190,20,0.9430075187969925
190,21,0.9428435718809373
191,1,0.8226950354609929
191,2,0.8127904133039863
191,3,0.8798402217331054
191,4,0.8941672780630961
191,5,0.9144534115920763
191,6,0.9201923860764653
191,7,0.9300154887095459
191,8,0.9340914649058449
191,9,0.9383916197929404
191,10,0.9399608706285156
191,11,0.9436700089671477
191,12,0.945124439004488
191,13,0.9487808869252168
191,14,0.9476485148514852
191,15,0.947375
191,16,0.9467568947906027
191,17,0.947264597580221
191,18,0.9468123861566485
191,19,0.9447004608294931
191,20,0.9423899755501223
191,21,0.9437828559167472
192,1,0.8219613597456591
192,2,0.8168256297383223
192,3,0.8810630145919955
192,4,0.8986304719980436
192,5,0.9152604548789435
192,6,0.9231270889378007
192,7,0.9316051194261027
192,8,0.9318089182359176
192,9,0.93606831336105
192,10,0.9408372055107198
192,11,0.9458791880655416
192,12,0.9489030258543348
192,13,0.9526794493608652
192,14,0.9518361933184116
192,15,0.9537153388623608
192,16,0.956813120931826
192,17,0.9555511568575701
192,18,0.9557813787421038
192,19,0.9553855038983541
192,20,0.9511468121653026
192,21,0.9519601542416453
193,1,0.8209831254585473
193,2,0.8187820983125459
193,3,0.8867693812668141
193,4,0.907128882367327
193,5,0.926485693323551
193,6,0.9269992663242848
193,7,0.9331132306187332
193,8,0.9367204695524578
193,9,0.9428344338469064
193,10,0.9414282220591832
193,11,0.9440639269406393
193,12,0.9443356985563983
193,13,0.9450441609421001
193,14,0.9473293768545994
193,15,0.9501584918251584
193,16,0.9484157485694765
193,17,0.9487281049203415
193,18,0.9479252921151899
193,19,0.9468023255813953
193,20,0.9460453709380748
193,21,0.9440286365115522
194,1,0.8116898997309856
194,2,0.8096111518708731
194,3,0.8883182522214076
194,4,0.9013817559305454
194,5,0.9135974565908536
194,6,0.9242683622727643
194,7,0.9310344827586208
194,8,0.9355180565745498
194,9,0.9416524007499796
194,10,0.9450150811119263
194,11,0.9447027159285539
194,12,0.9458863858961802
194,13,0.9483210483210482
194,14,0.9478056037689065
194,15,0.9511278195488722
194,16,0.951236146632566
194,17,0.9524748138414366
194,18,0.9527967257844475
194,19,0.9506349661033132
194,20,0.9485602879424115
194,21,0.9490872639020786
195,1,0.8202494497432135
195,2,0.8218390804597702
195,3,0.8811445341159211
195,4,0.8971631205673759
195,5,0.913548544876498
195,6,0.9223526534605038
195,7,0.9319719572837695
195,8,0.9352531181217901
195,9,0.9382693405070515
195,10,0.9427529143229804
195,11,0.9452596396837042
195,12,0.9446348429212567
195,13,0.9455924559245593
195,14,0.945793080670465
195,15,0.9480259870064968
195,16,0.9474457215836526
195,17,0.9464129483814523
195,18,0.9456898122835794
195,19,0.9463454044292368
195,20,0.9422496984318456
195,21,0.9448494453248811
196,1,0.8102225483003179
196,2,0.8170701883101003
196,3,0.8953289312790411
196,4,0.9096356077280509
196,5,0.9236977256052825
196,6,0.9280997798972853
196,7,0.9343767832395858
196,8,0.9385342789598109
196,9,0.9398385913426266
196,10,0.9421415178935355
196,11,0.9445939334637965
196,12,0.9464577211883773
196,13,0.9463846532218396
196,14,0.9477642780395075
196,15,0.946939287506272
196,16,0.9469871303162021
196,17,0.9445899921404244
196,18,0.9454297407912687
196,19,0.9440639269406392
196,20,0.9432538484757018
196,21,0.9454324124060548
197,1,0.8067987282954268
197,2,0.8032526290046467
197,3,0.8793511045895496
197,4,0.8931279041330399
197,5,0.9119100024455856
197,6,0.9190103529795387
197,7,0.9303008070432869
197,8,0.9349677997880491
197,9,0.9415097415831091
197,10,0.9421415178935356
197,11,0.9457222086289861
197,12,0.9485011843502409
197,13,0.9488030824725364
197,14,0.9488833746898263
197,15,0.9537892022294318
197,16,0.952919738960929
197,17,0.9534883720930233
197,18,0.9541246937108631
197,19,0.949302370030581
197,20,0.9503610108303249
197,21,0.9484089227191034
198,1,0.8080215211543165
198,2,0.8065541697236488
198,3,0.8792695850656238
198,4,0.8997921252139888
198,5,0.91496698459281
198,6,0.9263878698948398
198,7,0.9299339691856201
198,8,0.9345805820494009
198,9,0.9347843808592158
198,10,0.9386973180076629
198,11,0.9411285061969993
198,12,0.9429341170707813
198,13,0.9431492842535788
198,14,0.9454485433688207
198,15,0.9455833333333333
198,16,0.9449282786885246
198,17,0.9438320209973753
198,18,0.9417166757592289
198,19,0.9409246575342466
198,20,0.939576432801365
198,21,0.9400773195876289
199,1,0.8107116654438739
199,2,0.8105893861579848
199,3,0.8837531588815529
199,4,0.8978967962827097
199,5,0.9134751773049645
199,6,0.9194994701230945
199,7,0.926265590608951
199,8,0.9330724708567704
199,9,0.9390030162223852
199,10,0.9407760658677754
199,11,0.9451378691466797
199,12,0.9456832475700401
199,13,0.9505400098183603
199,14,0.9511017578608566
199,15,0.952541948409717
199,16,0.9529291378869276
199,17,0.9528260487976127
199,18,0.9517014270032931
199,19,0.9534081104400345
199,20,0.9514723557692307
199,21,0.9493811488416376
