dataset,mode,role,lambda,n_budget_type,n_budget,eta,n_max,n_star,n_star_unconstrained,capacity_binds,n_star_ci_low,n_star_ci_high,reference_type,reference_n,ratio,ratio_ci_low,ratio_ci_high,early_stop_flag,budget_sensitive,budget_extrapolates_beyond_observed
CIFAR-10H,gold_accuracy,primary_saturating_validation,0.01,observed_max,50.0,1.98,50,1,1,False,,,N95,29.0,0.034482758620689655,,,True,False,False
CIFAR-10H,gold_accuracy,primary_saturating_validation,0.014924623115577889,observed_max,50.0,1.3200673400673402,50,1,1,False,,,N95,29.0,0.034482758620689655,,,True,False,False
CIFAR-10H,gold_accuracy,primary_saturating_validation,0.01984924623115578,observed_max,50.0,0.9875949367088607,50,1,1,False,,,N95,29.0,0.034482758620689655,,,True,False,False
CIFAR-10H,gold_accuracy,primary_saturating_validation,0.024773869346733667,observed_max,50.0,0.7873022312373226,50,1,1,False,,,N95,29.0,0.034482758620689655,,,True,False,False
CIFAR-10H,gold_accuracy,primary_saturating_validation,0.029698492462311557,observed_max,50.0,0.6534348561759729,50,1,1,False,,,N95,29.0,0.034482758620689655,,,True,False,False
CIFAR-10H,gold_accuracy,primary_saturating_validation,0.03462311557788945,observed_max,50.0,0.5576487663280115,50,1,1,False,,,N95,29.0,0.034482758620689655,,,True,False,False
CIFAR-10H,gold_accuracy,primary_saturating_validation,0.03954773869346734,observed_max,50.0,0.48571791613723003,50,1,1,False,,,N95,29.0,0.034482758620689655,,,True,False,False
CIFAR-10H,gold_accuracy,primary_saturating_validation,0.04447236180904523,observed_max,50.0,0.42971751412429376,50,1,1,False,,,N95,29.0,0.034482758620689655,,,True,False,False
CIFAR-10H,gold_accuracy,primary_saturating_validation,0.04939698492462312,observed_max,50.0,0.384883011190234,50,2,2,False,,,N95,29.0,0.06896551724137931,,,True,False,False
CIFAR-10H,gold_accuracy,primary_saturating_validation,0.05432160804020101,observed_max,50.0,0.34817761332099906,50,2,2,False,,,N95,29.0,0.06896551724137931,,,True,False,False
CIFAR-10H,gold_accuracy,primary_saturating_validation,0.0592462311557789,observed_max,50.0,0.31757421543681086,50,2,2,False,,,N95,29.0,0.06896551724137931,,,True,False,False
CIFAR-10H,gold_accuracy,primary_saturating_validation,0.06417085427135678,observed_max,50.0,0.2916679718089272,50,2,2,False,,,N95,29.0,0.06896551724137931,,,True,False,False
CIFAR-10H,gold_accuracy,primary_saturating_validation,0.06909547738693467,observed_max,50.0,0.26945454545454545,50,2,2,False,,,N95,29.0,0.06896551724137931,,,True,False,False
CIFAR-10H,gold_accuracy,primary_saturating_validation,0.07402010050251256,observed_max,50.0,0.2501968771215207,50,2,2,False,,,N95,29.0,0.06896551724137931,,,True,False,False
CIFAR-10H,gold_accuracy,primary_saturating_validation,0.07894472361809045,observed_max,50.0,0.23334182049649907,50,2,2,False,,,N95,29.0,0.06896551724137931,,,True,False,False
CIFAR-10H,gold_accuracy,primary_saturating_validation,0.08386934673366835,observed_max,50.0,0.2184661473936489,50,2,2,False,,,N95,29.0,0.06896551724137931,,,True,False,False
CIFAR-10H,gold_accuracy,primary_saturating_validation,0.08879396984924623,observed_max,50.0,0.2052405206564799,50,2,2,False,,,N95,29.0,0.06896551724137931,,,True,False,False
CIFAR-10H,gold_accuracy,primary_saturating_validation,0.09371859296482411,observed_max,50.0,0.19340482573726545,50,2,2,False,,,N95,29.0,0.06896551724137931,,,True,False,False
CIFAR-10H,gold_accuracy,primary_saturating_validation,0.09864321608040201,observed_max,50.0,0.18275089149261334,50,2,2,False,,,N95,29.0,0.06896551724137931,,,True,False,False
CIFAR-10H,gold_accuracy,primary_saturating_validation,0.1035678391959799,observed_max,50.0,0.173110140708394,50,2,2,False,,,N95,29.0,0.06896551724137931,,,True,False,False
CIFAR-10H,gold_accuracy,primary_saturating_validation,0.10849246231155779,observed_max,50.0,0.16434460398332562,50,3,3,False,,,N95,29.0,0.10344827586206896,,,True,False,False
CIFAR-10H,gold_accuracy,primary_saturating_validation,0.11341708542713567,observed_max,50.0,0.15634027470093045,50,3,3,False,,,N95,29.0,0.10344827586206896,,,True,False,False
CIFAR-10H,gold_accuracy,primary_saturating_validation,0.11834170854271357,observed_max,50.0,0.14900212314225053,50,3,3,False,,,N95,29.0,0.10344827586206896,,,True,False,False
CIFAR-10H,gold_accuracy,primary_saturating_validation,0.12326633165829146,observed_max,50.0,0.1422503057480636,50,3,3,False,,,N95,29.0,0.10344827586206896,,,True,False,False
CIFAR-10H,gold_accuracy,primary_saturating_validation,0.12819095477386935,observed_max,50.0,0.1360172481379851,50,3,3,False,,,N95,29.0,0.10344827586206896,,,True,False,False
CIFAR-10H,gold_accuracy,primary_saturating_validation,0.13311557788944725,observed_max,50.0,0.13024537561343902,50,3,3,False,,,N95,29.0,0.10344827586206896,,,True,False,False
CIFAR-10H,gold_accuracy,primary_saturating_validation,0.13804020100502515,observed_max,50.0,0.12488532945030942,50,3,3,False,,,N95,29.0,0.10344827586206896,,,True,False,False
CIFAR-10H,gold_accuracy,primary_saturating_validation,0.14296482412060302,observed_max,50.0,0.11989455184534271,50,3,3,False,,,N95,29.0,0.10344827586206896,,,True,False,False
CIFAR-10H,gold_accuracy,primary_saturating_validation,0.14788944723618092,observed_max,50.0,0.11523615358477743,50,3,3,False,,,N95,29.0,0.10344827586206896,,,True,False,False
CIFAR-10H,gold_accuracy,primary_saturating_validation,0.1528140703517588,observed_max,50.0,0.11087800065767837,50,3,3,False,,,N95,29.0,0.10344827586206896,,,True,False,False
CIFAR-10H,gold_accuracy,primary_saturating_validation,0.1577386934673367,observed_max,50.0,0.10679197196559412,50,3,3,False,,,N95,29.0,0.10344827586206896,,,True,False,False
CIFAR-10H,gold_accuracy,primary_saturating_validation,0.16266331658291458,observed_max,50.0,0.10295335186901451,50,3,3,False,,,N95,29.0,0.10344827586206896,,,True,False,False
CIFAR-10H,gold_accuracy,primary_saturating_validation,0.16758793969849248,observed_max,50.0,0.09934032983508245,50,3,3,False,,,N95,29.0,0.10344827586206896,,,True,False,False
CIFAR-10H,gold_accuracy,primary_saturating_validation,0.17251256281407037,observed_max,50.0,0.09593358578502766,50,3,3,False,,,N95,29.0,0.10344827586206896,,,True,False,False
CIFAR-10H,gold_accuracy,primary_saturating_validation,0.17743718592964824,observed_max,50.0,0.09271594449164543,50,4,4,False,,,N95,29.0,0.13793103448275862,,,True,False,False
CIFAR-10H,gold_accuracy,primary_saturating_validation,0.18236180904522614,observed_max,50.0,0.08967208597409755,50,4,4,False,,,N95,29.0,0.13793103448275862,,,True,False,False
CIFAR-10H,gold_accuracy,primary_saturating_validation,0.18728643216080404,observed_max,50.0,0.08678830158304265,50,4,4,False,,,N95,29.0,0.13793103448275862,,,True,False,False
CIFAR-10H,gold_accuracy,primary_saturating_validation,0.19221105527638194,observed_max,50.0,0.08405228758169933,50,4,4,False,,,N95,29.0,0.13793103448275862,,,True,False,False
CIFAR-10H,gold_accuracy,primary_saturating_validation,0.1971356783919598,observed_max,50.0,0.08145296966607188,50,4,4,False,,,N95,29.0,0.13793103448275862,,,True,False,False
CIFAR-10H,gold_accuracy,primary_saturating_validation,0.2020603015075377,observed_max,50.0,0.07898035314598358,50,4,4,False,,,N95,29.0,0.13793103448275862,,,True,False,False
CIFAR-10H,gold_accuracy,primary_saturating_validation,0.2069849246231156,observed_max,50.0,0.07662539451323136,50,4,4,False,,,N95,29.0,0.13793103448275862,,,True,False,False
CIFAR-10H,gold_accuracy,primary_saturating_validation,0.21190954773869347,observed_max,50.0,0.07437989091771402,50,4,4,False,,,N95,29.0,0.13793103448275862,,,True,False,False
CIFAR-10H,gold_accuracy,primary_saturating_validation,0.21683417085427137,observed_max,50.0,0.07223638470451911,50,4,4,False,,,N95,29.0,0.13793103448275862,,,True,False,False
CIFAR-10H,gold_accuracy,primary_saturating_validation,0.22175879396984927,observed_max,50.0,0.07018808067074551,50,4,4,False,,,N95,29.0,0.13793103448275862,,,True,False,False
CIFAR-10H,gold_accuracy,primary_saturating_validation,0.22668341708542716,observed_max,50.0,0.06822877410773663,50,4,4,False,,,N95,29.0,0.13793103448275862,,,True,False,False
CIFAR-10H,gold_accuracy,primary_saturating_validation,0.23160804020100503,observed_max,50.0,0.06635278802343242,50,4,4,False,,,N95,29.0,0.13793103448275862,,,True,False,False
CIFAR-10H,gold_accuracy,primary_saturating_validation,0.23653266331658293,observed_max,50.0,0.06455491820692584,50,4,4,False,,,N95,29.0,0.13793103448275862,,,True,False,False
CIFAR-10H,gold_accuracy,primary_saturating_validation,0.24145728643216083,observed_max,50.0,0.06283038501560874,50,4,4,False,,,N95,29.0,0.13793103448275862,,,True,False,False
CIFAR-10H,gold_accuracy,primary_saturating_validation,0.2463819095477387,observed_max,50.0,0.06117479094431981,50,4,4,False,,,N95,29.0,0.13793103448275862,,,True,False,False
CIFAR-10H,gold_accuracy,primary_saturating_validation,0.25,observed_max,50.0,0.06,50,4,4,False,4.0,5.0,N95,29.0,0.13793103448275862,0.13793103448275862,0.1724137931034483,True,False,False
CIFAR-10H,gold_accuracy,primary_saturating_validation,0.2513065326633166,observed_max,50.0,0.05958408318336332,50,5,5,False,4.0,5.0,N95,29.0,0.1724137931034483,0.13793103448275862,0.1724137931034483,True,False,False
CIFAR-10H,gold_accuracy,primary_saturating_validation,0.2562311557788945,observed_max,50.0,0.058054520494214536,50,5,5,False,,,N95,29.0,0.1724137931034483,,,True,False,False
CIFAR-10H,gold_accuracy,primary_saturating_validation,0.2611557788944724,observed_max,50.0,0.05658264383298056,50,5,5,False,,,N95,29.0,0.1724137931034483,,,True,False,False
CIFAR-10H,gold_accuracy,primary_saturating_validation,0.2660804020100503,observed_max,50.0,0.05516525023607176,50,5,5,False,,,N95,29.0,0.1724137931034483,,,True,False,False
CIFAR-10H,gold_accuracy,primary_saturating_validation,0.2710050251256282,observed_max,50.0,0.05379936955312441,50,5,5,False,,,N95,29.0,0.1724137931034483,,,True,False,False
CIFAR-10H,gold_accuracy,primary_saturating_validation,0.275929648241206,observed_max,50.0,0.05248224367146239,50,5,5,False,,,N95,29.0,0.1724137931034483,,,True,False,False
CIFAR-10H,gold_accuracy,primary_saturating_validation,0.2808542713567839,observed_max,50.0,0.05121130792628377,50,5,5,False,,,N95,29.0,0.1724137931034483,,,True,False,False
CIFAR-10H,gold_accuracy,primary_saturating_validation,0.2857788944723618,observed_max,50.0,0.04998417443291718,50,5,5,False,,,N95,29.0,0.1724137931034483,,,True,False,False
CIFAR-10H,gold_accuracy,primary_saturating_validation,0.2907035175879397,observed_max,50.0,0.04879861711322384,50,5,5,False,,,N95,29.0,0.1724137931034483,,,True,False,False
CIFAR-10H,gold_accuracy,primary_saturating_validation,0.2956281407035176,observed_max,50.0,0.047652558218595945,50,5,5,False,,,N95,29.0,0.1724137931034483,,,True,False,False
CIFAR-10H,gold_accuracy,primary_saturating_validation,0.3005527638190955,observed_max,50.0,0.04654405617789667,50,5,5,False,,,N95,29.0,0.1724137931034483,,,True,False,False
CIFAR-10H,gold_accuracy,primary_saturating_validation,0.3054773869346734,observed_max,50.0,0.04547129462082578,50,5,5,False,,,N95,29.0,0.1724137931034483,,,True,False,False
CIFAR-10H,gold_accuracy,primary_saturating_validation,0.31040201005025125,observed_max,50.0,0.044432572446171284,50,5,5,False,,,N95,29.0,0.1724137931034483,,,True,False,False
CIFAR-10H,gold_accuracy,primary_saturating_validation,0.31532663316582915,observed_max,50.0,0.04342629482071713,50,5,5,False,,,N95,29.0,0.1724137931034483,,,True,False,False
CIFAR-10H,gold_accuracy,primary_saturating_validation,0.32025125628140705,observed_max,50.0,0.04245096500863015,50,5,5,False,,,N95,29.0,0.1724137931034483,,,True,False,False
CIFAR-10H,gold_accuracy,primary_saturating_validation,0.32517587939698495,observed_max,50.0,0.04150517694328542,50,5,5,False,,,N95,29.0,0.1724137931034483,,,True,False,False
CIFAR-10H,gold_accuracy,primary_saturating_validation,0.33010050251256284,observed_max,50.0,0.04058760846399756,50,6,6,False,,,N95,29.0,0.20689655172413793,,,True,False,False
CIFAR-10H,gold_accuracy,primary_saturating_validation,0.33502512562814074,observed_max,50.0,0.03969701514924253,50,6,6,False,,,N95,29.0,0.20689655172413793,,,True,False,False
CIFAR-10H,gold_accuracy,primary_saturating_validation,0.33994974874371864,observed_max,50.0,0.03883222468588322,50,6,6,False,,,N95,29.0,0.20689655172413793,,,True,False,False
CIFAR-10H,gold_accuracy,primary_saturating_validation,0.3448743718592965,observed_max,50.0,0.037992131720821797,50,6,6,False,,,N95,29.0,0.20689655172413793,,,True,False,False
CIFAR-10H,gold_accuracy,primary_saturating_validation,0.3497989949748744,observed_max,50.0,0.03717569314753628,50,6,6,False,,,N95,29.0,0.20689655172413793,,,True,False,False
CIFAR-10H,gold_accuracy,primary_saturating_validation,0.3547236180904523,observed_max,50.0,0.036381923785238704,50,6,6,False,,,N95,29.0,0.20689655172413793,,,True,False,False
CIFAR-10H,gold_accuracy,primary_saturating_validation,0.3596482412060302,observed_max,50.0,0.03560989241302221,50,6,6,False,,,N95,29.0,0.20689655172413793,,,True,False,False
CIFAR-10H,gold_accuracy,primary_saturating_validation,0.36457286432160807,observed_max,50.0,0.03485871812543073,50,6,6,False,,,N95,29.0,0.20689655172413793,,,True,False,False
CIFAR-10H,gold_accuracy,primary_saturating_validation,0.36949748743718597,observed_max,50.0,0.03412756697946417,50,6,6,False,,,N95,29.0,0.20689655172413793,,,True,False,False
CIFAR-10H,gold_accuracy,primary_saturating_validation,0.37442211055276386,observed_max,50.0,0.03341564890618708,50,6,6,False,,,N95,29.0,0.20689655172413793,,,True,False,False
CIFAR-10H,gold_accuracy,primary_saturating_validation,0.3793467336683417,observed_max,50.0,0.03272221486289575,50,6,6,False,,,N95,29.0,0.20689655172413793,,,True,False,False
CIFAR-10H,gold_accuracy,primary_saturating_validation,0.3842713567839196,observed_max,50.0,0.03204655420426311,50,6,6,False,,,N95,29.0,0.20689655172413793,,,True,False,False
CIFAR-10H,gold_accuracy,primary_saturating_validation,0.3891959798994975,observed_max,50.0,0.031387992253066495,50,6,6,False,,,N95,29.0,0.20689655172413793,,,True,False,False
CIFAR-10H,gold_accuracy,primary_saturating_validation,0.3941206030150754,observed_max,50.0,0.030745888053040925,50,6,6,False,,,N95,29.0,0.20689655172413793,,,True,False,False
CIFAR-10H,gold_accuracy,primary_saturating_validation,0.3990452261306533,observed_max,50.0,0.030119632288124917,50,7,7,False,,,N95,29.0,0.2413793103448276,,,True,False,False
CIFAR-10H,gold_accuracy,primary_saturating_validation,0.4039698492462312,observed_max,50.0,0.029508645353899736,50,7,7,False,,,N95,29.0,0.2413793103448276,,,True,False,False
CIFAR-10H,gold_accuracy,primary_saturating_validation,0.4088944723618091,observed_max,50.0,0.028912375568391296,50,7,7,False,,,N95,29.0,0.2413793103448276,,,True,False,False
CIFAR-10H,gold_accuracy,primary_saturating_validation,0.41381909547738693,observed_max,50.0,0.02833029751062538,50,7,7,False,,,N95,29.0,0.2413793103448276,,,True,False,False
CIFAR-10H,gold_accuracy,primary_saturating_validation,0.41874371859296483,observed_max,50.0,0.02776191047641906,50,7,7,False,,,N95,29.0,0.2413793103448276,,,True,False,False
CIFAR-10H,gold_accuracy,primary_saturating_validation,0.42366834170854273,observed_max,50.0,0.027206737041869287,50,7,7,False,,,N95,29.0,0.2413793103448276,,,True,False,False
CIFAR-10H,gold_accuracy,primary_saturating_validation,0.4285929648241206,observed_max,50.0,0.026664321725876416,50,7,7,False,,,N95,29.0,0.2413793103448276,,,True,False,False
CIFAR-10H,gold_accuracy,primary_saturating_validation,0.4335175879396985,observed_max,50.0,0.026134229743827515,50,7,7,False,,,N95,29.0,0.2413793103448276,,,True,False,False
CIFAR-10H,gold_accuracy,primary_saturating_validation,0.4384422110552764,observed_max,50.0,0.025616045845272203,50,7,7,False,,,N95,29.0,0.2413793103448276,,,True,False,False
CIFAR-10H,gold_accuracy,primary_saturating_validation,0.4433668341708543,observed_max,50.0,0.025109373229060407,50,7,7,False,,,N95,29.0,0.2413793103448276,,,True,False,False
CIFAR-10H,gold_accuracy,primary_saturating_validation,0.44829145728643216,observed_max,50.0,0.024613832529985426,50,7,7,False,,,N95,29.0,0.2413793103448276,,,True,False,False
CIFAR-10H,gold_accuracy,primary_saturating_validation,0.45321608040201006,observed_max,50.0,0.024129060871493514,50,7,7,False,,,N95,29.0,0.2413793103448276,,,True,False,False
CIFAR-10H,gold_accuracy,primary_saturating_validation,0.45814070351758795,observed_max,50.0,0.023654710979488867,50,7,7,False,,,N95,29.0,0.2413793103448276,,,True,False,False
CIFAR-10H,gold_accuracy,primary_saturating_validation,0.46306532663316585,observed_max,50.0,0.023190450352685833,50,7,7,False,,,N95,29.0,0.2413793103448276,,,True,False,False
CIFAR-10H,gold_accuracy,primary_saturating_validation,0.46798994974874375,observed_max,50.0,0.022735960485343067,50,8,8,False,,,N95,29.0,0.27586206896551724,,,True,False,False
CIFAR-10H,gold_accuracy,primary_saturating_validation,0.47291457286432165,observed_max,50.0,0.022290936138561257,50,8,8,False,,,N95,29.0,0.27586206896551724,,,True,False,False
CIFAR-10H,gold_accuracy,primary_saturating_validation,0.47783919597989954,observed_max,50.0,0.02185508465664107,50,8,8,False,,,N95,29.0,0.27586206896551724,,,True,False,False
CIFAR-10H,gold_accuracy,primary_saturating_validation,0.4827638190954774,observed_max,50.0,0.021428125325283646,50,8,8,False,,,N95,29.0,0.27586206896551724,,,True,False,False
CIFAR-10H,gold_accuracy,primary_saturating_validation,0.4876884422110553,observed_max,50.0,0.02100978876867594,50,8,8,False,,,N95,29.0,0.27586206896551724,,,True,False,False
CIFAR-10H,gold_accuracy,primary_saturating_validation,0.4926130653266332,observed_max,50.0,0.020599816382739975,50,8,8,False,,,N95,29.0,0.27586206896551724,,,True,False,False
CIFAR-10H,gold_accuracy,primary_saturating_validation,0.4975376884422111,observed_max,50.0,0.020197959802040196,50,8,8,False,8.0,9.0,N95,29.0,0.27586206896551724,0.24242424242424243,0.3080000000000001,True,False,False
CIFAR-10H,gold_accuracy,primary_saturating_validation,0.5,observed_max,50.0,0.02,50,8,8,False,8.0,9.0,N95,29.0,0.27586206896551724,0.24242424242424243,0.3080000000000001,True,False,False
CIFAR-10H,gold_accuracy,primary_saturating_validation,0.502462311557789,observed_max,50.0,0.0198039803980398,50,8,8,False,8.0,9.0,N95,29.0,0.27586206896551724,0.24242424242424243,0.3080000000000001,True,False,False
CIFAR-10H,gold_accuracy,primary_saturating_validation,0.5073869346733668,observed_max,50.0,0.01941764880657621,50,8,8,False,,,N95,29.0,0.27586206896551724,,,True,False,False
CIFAR-10H,gold_accuracy,primary_saturating_validation,0.5123115577889448,observed_max,50.0,0.019038744482589503,50,8,8,False,,,N95,29.0,0.27586206896551724,,,True,False,False
CIFAR-10H,gold_accuracy,primary_saturating_validation,0.5172361809045226,observed_max,50.0,0.018667055280287573,50,8,8,False,,,N95,29.0,0.27586206896551724,,,True,False,False
CIFAR-10H,gold_accuracy,primary_saturating_validation,0.5221608040201006,observed_max,50.0,0.018302377057068612,50,8,8,False,,,N95,29.0,0.27586206896551724,,,True,False,False
CIFAR-10H,gold_accuracy,primary_saturating_validation,0.5270854271356784,observed_max,50.0,0.01794451329964725,50,9,9,False,,,N95,29.0,0.3103448275862069,,,True,False,False
CIFAR-10H,gold_accuracy,primary_saturating_validation,0.5320100502512564,observed_max,50.0,0.017593274770945494,50,9,9,False,,,N95,29.0,0.3103448275862069,,,True,False,False
CIFAR-10H,gold_accuracy,primary_saturating_validation,0.5369346733668342,observed_max,50.0,0.017248479176415536,50,9,9,False,,,N95,29.0,0.3103448275862069,,,True,False,False
CIFAR-10H,gold_accuracy,primary_saturating_validation,0.541859296482412,observed_max,50.0,0.016909950848557915,50,9,9,False,,,N95,29.0,0.3103448275862069,,,True,False,False
CIFAR-10H,gold_accuracy,primary_saturating_validation,0.54678391959799,observed_max,50.0,0.016577520448488186,50,9,9,False,,,N95,29.0,0.3103448275862069,,,True,False,False
CIFAR-10H,gold_accuracy,primary_saturating_validation,0.5517085427135678,observed_max,50.0,0.016251024683486655,50,9,9,False,,,N95,29.0,0.3103448275862069,,,True,False,False
CIFAR-10H,gold_accuracy,primary_saturating_validation,0.5566331658291458,observed_max,50.0,0.015930306039541386,50,9,9,False,,,N95,29.0,0.3103448275862069,,,True,False,False
CIFAR-10H,gold_accuracy,primary_saturating_validation,0.5615577889447236,observed_max,50.0,0.015615212527964205,50,9,9,False,,,N95,29.0,0.3103448275862069,,,True,False,False
CIFAR-10H,gold_accuracy,primary_saturating_validation,0.5664824120603016,observed_max,50.0,0.015305597445223095,50,9,9,False,,,N95,29.0,0.3103448275862069,,,True,False,False
CIFAR-10H,gold_accuracy,primary_saturating_validation,0.5714070351758794,observed_max,50.0,0.015001319145193912,50,9,9,False,,,N95,29.0,0.3103448275862069,,,True,False,False
CIFAR-10H,gold_accuracy,primary_saturating_validation,0.5763316582914573,observed_max,50.0,0.014702240823088327,50,10,10,False,,,N95,29.0,0.3448275862068966,,,True,False,False
CIFAR-10H,gold_accuracy,primary_saturating_validation,0.5812562814070352,observed_max,50.0,0.014408230310365693,50,10,10,False,,,N95,29.0,0.3448275862068966,,,True,False,False
CIFAR-10H,gold_accuracy,primary_saturating_validation,0.5861809045226131,observed_max,50.0,0.014119159879982855,50,10,10,False,,,N95,29.0,0.3448275862068966,,,True,False,False
CIFAR-10H,gold_accuracy,primary_saturating_validation,0.591105527638191,observed_max,50.0,0.013834906061378896,50,10,10,False,,,N95,29.0,0.3448275862068966,,,True,False,False
CIFAR-10H,gold_accuracy,primary_saturating_validation,0.5960301507537689,observed_max,50.0,0.013555349464631985,50,10,10,False,,,N95,29.0,0.3448275862068966,,,True,False,False
CIFAR-10H,gold_accuracy,primary_saturating_validation,0.6009547738693468,observed_max,50.0,0.013280374613261973,50,10,10,False,,,N95,29.0,0.3448275862068966,,,True,False,False
CIFAR-10H,gold_accuracy,primary_saturating_validation,0.6058793969849247,observed_max,50.0,0.013009869785187027,50,10,10,False,,,N95,29.0,0.3448275862068966,,,True,False,False
CIFAR-10H,gold_accuracy,primary_saturating_validation,0.6108040201005025,observed_max,50.0,0.01274372686137392,50,10,10,False,,,N95,29.0,0.3448275862068966,,,True,False,False
CIFAR-10H,gold_accuracy,primary_saturating_validation,0.6157286432160805,observed_max,50.0,0.012481841181751406,50,10,10,False,,,N95,29.0,0.3448275862068966,,,True,False,False
CIFAR-10H,gold_accuracy,primary_saturating_validation,0.6206532663316583,observed_max,50.0,0.012224111407983159,50,10,10,False,,,N95,29.0,0.3448275862068966,,,True,False,False
CIFAR-10H,gold_accuracy,primary_saturating_validation,0.6255778894472362,observed_max,50.0,0.011970439392722304,50,11,11,False,,,N95,29.0,0.3793103448275862,,,True,False,False
CIFAR-10H,gold_accuracy,primary_saturating_validation,0.6305025125628141,observed_max,50.0,0.011720730054993226,50,11,11,False,,,N95,29.0,0.3793103448275862,,,True,False,False
CIFAR-10H,gold_accuracy,primary_saturating_validation,0.635427135678392,observed_max,50.0,0.011474891261368126,50,11,11,False,,,N95,29.0,0.3793103448275862,,,True,False,False
CIFAR-10H,gold_accuracy,primary_saturating_validation,0.6403517587939699,observed_max,50.0,0.011232833712626539,50,11,11,False,,,N95,29.0,0.3793103448275862,,,True,False,False
CIFAR-10H,gold_accuracy,primary_saturating_validation,0.6452763819095477,observed_max,50.0,0.010994470835604704,50,11,11,False,,,N95,29.0,0.3793103448275862,,,True,False,False
CIFAR-10H,gold_accuracy,primary_saturating_validation,0.6502010050251257,observed_max,50.0,0.01075971867995981,50,11,11,False,,,N95,29.0,0.3793103448275862,,,True,False,False
CIFAR-10H,gold_accuracy,primary_saturating_validation,0.6551256281407035,observed_max,50.0,0.010528495819590396,50,11,11,False,,,N95,29.0,0.3793103448275862,,,True,False,False
CIFAR-10H,gold_accuracy,primary_saturating_validation,0.6600502512562815,observed_max,50.0,0.010300723258469733,50,11,11,False,,,N95,29.0,0.3793103448275862,,,True,False,False
CIFAR-10H,gold_accuracy,primary_saturating_validation,0.6649748743718593,observed_max,50.0,0.010076324340663493,50,12,12,False,,,N95,29.0,0.41379310344827586,,,True,False,False
CIFAR-10H,gold_accuracy,primary_saturating_validation,0.6698994974874373,observed_max,50.0,0.009855224664316252,50,12,12,False,,,N95,29.0,0.41379310344827586,,,True,False,False
CIFAR-10H,gold_accuracy,primary_saturating_validation,0.6748241206030151,observed_max,50.0,0.009637351999404272,50,12,12,False,,,N95,29.0,0.41379310344827586,,,True,False,False
CIFAR-10H,gold_accuracy,primary_saturating_validation,0.679748743718593,observed_max,50.0,0.009422636209063355,50,12,12,False,,,N95,29.0,0.41379310344827586,,,True,False,False
CIFAR-10H,gold_accuracy,primary_saturating_validation,0.6846733668341709,observed_max,50.0,0.009211009174311925,50,12,12,False,,,N95,29.0,0.41379310344827586,,,True,False,False
CIFAR-10H,gold_accuracy,primary_saturating_validation,0.6895979899497487,observed_max,50.0,0.009002404721999563,50,12,12,False,,,N95,29.0,0.41379310344827586,,,True,False,False
CIFAR-10H,gold_accuracy,primary_saturating_validation,0.6945226130653267,observed_max,50.0,0.00879675855582085,50,12,12,False,,,N95,29.0,0.41379310344827586,,,True,False,False
CIFAR-10H,gold_accuracy,primary_saturating_validation,0.6994472361809045,observed_max,50.0,0.008594008190243552,50,13,13,False,,,N95,29.0,0.4482758620689655,,,True,False,False
CIFAR-10H,gold_accuracy,primary_saturating_validation,0.7043718592964825,observed_max,50.0,0.008394092887208385,50,13,13,False,,,N95,29.0,0.4482758620689655,,,True,False,False
CIFAR-10H,gold_accuracy,primary_saturating_validation,0.7092964824120603,observed_max,50.0,0.008196953595465815,50,13,13,False,,,N95,29.0,0.4482758620689655,,,True,False,False
CIFAR-10H,gold_accuracy,primary_saturating_validation,0.7142211055276382,observed_max,50.0,0.00800253289242243,50,13,13,False,,,N95,29.0,0.4482758620689655,,,True,False,False
CIFAR-10H,gold_accuracy,primary_saturating_validation,0.7191457286432161,observed_max,50.0,0.007810774928376771,50,13,13,False,,,N95,29.0,0.4482758620689655,,,True,False,False
CIFAR-10H,gold_accuracy,primary_saturating_validation,0.724070351758794,observed_max,50.0,0.007621625373030744,50,13,13,False,,,N95,29.0,0.4482758620689655,,,True,False,False
CIFAR-10H,gold_accuracy,primary_saturating_validation,0.7289949748743719,observed_max,50.0,0.0074350313641690195,50,14,14,False,,,N95,29.0,0.4827586206896552,,,True,False,False
CIFAR-10H,gold_accuracy,primary_saturating_validation,0.7339195979899498,observed_max,50.0,0.007250941458404656,50,14,14,False,,,N95,29.0,0.4827586206896552,,,True,False,False
CIFAR-10H,gold_accuracy,primary_saturating_validation,0.7388442211055277,observed_max,50.0,0.007069305583894439,50,14,14,False,,,N95,29.0,0.4827586206896552,,,True,False,False
CIFAR-10H,gold_accuracy,primary_saturating_validation,0.7437688442211056,observed_max,50.0,0.0068900749949327746,50,14,14,False,,,N95,29.0,0.4827586206896552,,,True,False,False
CIFAR-10H,gold_accuracy,primary_saturating_validation,0.7486934673366834,observed_max,50.0,0.006713202228337473,50,14,14,False,14.0,15.0,N95,29.0,0.4827586206896552,0.4409578696343402,0.5384615384615384,True,False,False
CIFAR-10H,gold_accuracy,primary_saturating_validation,0.75,observed_max,50.0,0.006666666666666667,50,14,14,False,14.0,15.0,N95,29.0,0.4827586206896552,0.4409578696343402,0.5384615384615384,True,False,False
CIFAR-10H,gold_accuracy,primary_saturating_validation,0.7536180904522614,observed_max,50.0,0.0065386410615456405,50,14,14,False,,,N95,29.0,0.4827586206896552,,,True,False,False
CIFAR-10H,gold_accuracy,primary_saturating_validation,0.7585427135678392,observed_max,50.0,0.006366346472341834,50,15,15,False,,,N95,29.0,0.5172413793103449,,,True,False,False
CIFAR-10H,gold_accuracy,primary_saturating_validation,0.7634673366834172,observed_max,50.0,0.006196274600144802,50,15,15,False,,,N95,29.0,0.5172413793103449,,,True,False,False
CIFAR-10H,gold_accuracy,primary_saturating_validation,0.768391959798995,observed_max,50.0,0.0060283827087829435,50,15,15,False,,,N95,29.0,0.5172413793103449,,,True,False,False
CIFAR-10H,gold_accuracy,primary_saturating_validation,0.773316582914573,observed_max,50.0,0.005862629150692049,50,15,15,False,,,N95,29.0,0.5172413793103449,,,True,False,False
CIFAR-10H,gold_accuracy,primary_saturating_validation,0.7782412060301508,observed_max,50.0,0.0056989733324723955,50,16,16,False,,,N95,29.0,0.5517241379310345,,,True,False,False
CIFAR-10H,gold_accuracy,primary_saturating_validation,0.7831658291457286,observed_max,50.0,0.0055373756817452685,50,16,16,False,,,N95,29.0,0.5517241379310345,,,True,False,False
CIFAR-10H,gold_accuracy,primary_saturating_validation,0.7880904522613066,observed_max,50.0,0.005377797615252182,50,16,16,False,,,N95,29.0,0.5517241379310345,,,True,False,False
CIFAR-10H,gold_accuracy,primary_saturating_validation,0.7930150753768844,observed_max,50.0,0.005220201508142703,50,16,16,False,,,N95,29.0,0.5517241379310345,,,True,False,False
CIFAR-10H,gold_accuracy,primary_saturating_validation,0.7979396984924624,observed_max,50.0,0.005064550664399519,50,17,17,False,,,N95,29.0,0.5862068965517241,,,True,False,False
CIFAR-10H,gold_accuracy,primary_saturating_validation,0.8028643216080402,observed_max,50.0,0.004910809288352005,50,17,17,False,,,N95,29.0,0.5862068965517241,,,True,False,False
CIFAR-10H,gold_accuracy,primary_saturating_validation,0.8077889447236182,observed_max,50.0,0.004758942457231724,50,17,17,False,,,N95,29.0,0.5862068965517241,,,True,False,False
CIFAR-10H,gold_accuracy,primary_saturating_validation,0.812713567839196,observed_max,50.0,0.004608916094725777,50,17,17,False,,,N95,29.0,0.5862068965517241,,,True,False,False
CIFAR-10H,gold_accuracy,primary_saturating_validation,0.8176381909547739,observed_max,50.0,0.004460696945485834,50,18,18,False,,,N95,29.0,0.6206896551724138,,,True,False,False
CIFAR-10H,gold_accuracy,primary_saturating_validation,0.8225628140703518,observed_max,50.0,0.0043142525505528734,50,18,18,False,,,N95,29.0,0.6206896551724138,,,True,False,False
CIFAR-10H,gold_accuracy,primary_saturating_validation,0.8274874371859297,observed_max,50.0,0.0041695512236594404,50,18,18,False,,,N95,29.0,0.6206896551724138,,,True,False,False
CIFAR-10H,gold_accuracy,primary_saturating_validation,0.8324120603015076,observed_max,50.0,0.004026562028373074,50,19,19,False,,,N95,29.0,0.6551724137931034,,,True,False,False
CIFAR-10H,gold_accuracy,primary_saturating_validation,0.8373366834170854,observed_max,50.0,0.003885254756046329,50,19,19,False,,,N95,29.0,0.6551724137931034,,,True,False,False
CIFAR-10H,gold_accuracy,primary_saturating_validation,0.8422613065326634,observed_max,50.0,0.0037455999045402995,50,19,19,False,,,N95,29.0,0.6551724137931034,,,True,False,False
CIFAR-10H,gold_accuracy,primary_saturating_validation,0.8471859296482412,observed_max,50.0,0.003607568657690253,50,20,20,False,,,N95,29.0,0.6896551724137931,,,True,False,False
CIFAR-10H,gold_accuracy,primary_saturating_validation,0.8521105527638191,observed_max,50.0,0.0034711328654832814,50,20,20,False,,,N95,29.0,0.6896551724137931,,,True,False,False
CIFAR-10H,gold_accuracy,primary_saturating_validation,0.857035175879397,observed_max,50.0,0.003336265024919377,50,20,20,False,,,N95,29.0,0.6896551724137931,,,True,False,False
CIFAR-10H,gold_accuracy,primary_saturating_validation,0.8619597989949749,observed_max,50.0,0.0032029382615285954,50,21,21,False,,,N95,29.0,0.7241379310344828,,,True,False,False
CIFAR-10H,gold_accuracy,primary_saturating_validation,0.8668844221105528,observed_max,50.0,0.0030711263115181706,50,21,21,False,,,N95,29.0,0.7241379310344828,,,True,False,False
CIFAR-10H,gold_accuracy,primary_saturating_validation,0.8718090452261307,observed_max,50.0,0.0029408035045247563,50,22,22,False,,,N95,29.0,0.7586206896551724,,,True,False,False
CIFAR-10H,gold_accuracy,primary_saturating_validation,0.8767336683417086,observed_max,50.0,0.002811944746947897,50,22,22,False,,,N95,29.0,0.7586206896551724,,,True,False,False
CIFAR-10H,gold_accuracy,primary_saturating_validation,0.8816582914572865,observed_max,50.0,0.002684525505842119,50,23,23,False,,,N95,29.0,0.7931034482758621,,,True,False,False
CIFAR-10H,gold_accuracy,primary_saturating_validation,0.8865829145728643,observed_max,50.0,0.0025585217933458033,50,23,23,False,,,N95,29.0,0.7931034482758621,,,True,False,False
CIFAR-10H,gold_accuracy,primary_saturating_validation,0.8915075376884423,observed_max,50.0,0.0024339101516261752,50,24,24,False,,,N95,29.0,0.8275862068965517,,,True,False,False
CIFAR-10H,gold_accuracy,primary_saturating_validation,0.8964321608040201,observed_max,50.0,0.0023106676383205333,50,25,25,False,,,N95,29.0,0.8620689655172413,,,True,False,False
CIFAR-10H,gold_accuracy,primary_saturating_validation,0.9,observed_max,50.0,0.002222222222222222,50,25,25,False,24.0,27.0,N95,29.0,0.8620689655172413,0.7714285714285715,0.9230769230769231,True,False,False
CIFAR-10H,gold_accuracy,primary_saturating_validation,0.9013567839195981,observed_max,50.0,0.002188771812454701,50,25,25,False,24.0,27.0,N95,29.0,0.8620689655172413,0.7714285714285715,0.9230769230769231,True,False,False
CIFAR-10H,gold_accuracy,primary_saturating_validation,0.9062814070351759,observed_max,50.0,0.002068200720820626,50,26,26,False,,,N95,29.0,0.896551724137931,,,True,False,False
CIFAR-10H,gold_accuracy,primary_saturating_validation,0.9112060301507539,observed_max,50.0,0.0019489328847956742,50,27,27,False,,,N95,29.0,0.9310344827586207,,,True,False,False
CIFAR-10H,gold_accuracy,primary_saturating_validation,0.9161306532663317,observed_max,50.0,0.001830947287587076,50,28,28,False,,,N95,29.0,0.9655172413793104,,,True,False,False
CIFAR-10H,gold_accuracy,primary_saturating_validation,0.9210552763819095,observed_max,50.0,0.001714223361885537,50,29,29,False,,,N95,29.0,1.0,,,False,False,False
CIFAR-10H,gold_accuracy,primary_saturating_validation,0.9259798994974875,observed_max,50.0,0.001598740977912844,50,30,30,False,,,N95,29.0,1.0344827586206897,,,False,False,False
CIFAR-10H,gold_accuracy,primary_saturating_validation,0.9309045226130653,observed_max,50.0,0.0014844804318488527,50,31,31,False,,,N95,29.0,1.0689655172413792,,,False,False,False
CIFAR-10H,gold_accuracy,primary_saturating_validation,0.9358291457286433,observed_max,50.0,0.0013714224346238508,50,32,32,False,,,N95,29.0,1.103448275862069,,,False,False,False
CIFAR-10H,gold_accuracy,primary_saturating_validation,0.9407537688442211,observed_max,50.0,0.0012595481010629769,50,34,34,False,,,N95,29.0,1.1724137931034482,,,False,False,False
CIFAR-10H,gold_accuracy,primary_saturating_validation,0.9456783919597991,observed_max,50.0,0.001148838939369784,50,35,35,False,,,N95,29.0,1.206896551724138,,,False,False,False
CIFAR-10H,gold_accuracy,primary_saturating_validation,0.9506030150753769,observed_max,50.0,0.0010392768409367228,50,37,37,False,,,N95,29.0,1.2758620689655173,,,False,False,False
CIFAR-10H,gold_accuracy,primary_saturating_validation,0.9555276381909548,observed_max,50.0,0.0009308440704706813,50,39,39,False,,,N95,29.0,1.3448275862068966,,,False,False,False
CIFAR-10H,gold_accuracy,primary_saturating_validation,0.9604522613065327,observed_max,50.0,0.0008235232564223292,50,42,42,False,,,N95,29.0,1.4482758620689655,,,False,False,False
CIFAR-10H,gold_accuracy,primary_saturating_validation,0.9653768844221106,observed_max,50.0,0.0007172973817083961,50,45,45,False,,,N95,29.0,1.5517241379310345,,,False,False,False
CIFAR-10H,gold_accuracy,primary_saturating_validation,0.9703015075376885,observed_max,50.0,0.000612149774716452,50,48,48,False,,,N95,29.0,1.6551724137931034,,,False,False,False
CIFAR-10H,gold_accuracy,primary_saturating_validation,0.9752261306532664,observed_max,50.0,0.0005080641005822637,50,50,53,True,,,N95,29.0,1.7241379310344827,,,False,False,False
CIFAR-10H,gold_accuracy,primary_saturating_validation,0.9801507537688443,observed_max,50.0,0.00040502435273006746,50,50,60,True,,,N95,29.0,1.7241379310344827,,,False,False,False
CIFAR-10H,gold_accuracy,primary_saturating_validation,0.9850753768844221,observed_max,50.0,0.0003030148446666319,50,50,69,True,,,N95,29.0,1.7241379310344827,,,False,False,False
CIFAR-10H,gold_accuracy,primary_saturating_validation,0.99,observed_max,50.0,0.0002020202020202022,50,50,84,True,,,N95,29.0,1.7241379310344827,,,False,False,False
CIFAR-10H,gold_accuracy,primary_saturating_validation,0.25,N95,29.0,0.10344827586206896,29,3,3,False,3.0,4.0,N95,29.0,0.10344827586206896,0.0967741935483871,0.125,True,False,False
CIFAR-10H,gold_accuracy,primary_saturating_validation,0.5,N95,29.0,0.034482758620689655,29,6,6,False,5.0,7.0,N95,29.0,0.20689655172413793,0.19230769230769232,0.23076923076923078,True,False,False
CIFAR-10H,gold_accuracy,primary_saturating_validation,0.75,N95,29.0,0.011494252873563218,29,11,11,False,9.975000000000001,13.0,N95,29.0,0.3793103448275862,0.3547912713472486,0.3870967741935484,True,False,False
CIFAR-10H,gold_accuracy,primary_saturating_validation,0.9,N95,29.0,0.0038314176245210717,29,19,19,False,17.0,23.0,N95,29.0,0.6551724137931034,0.6399090909090909,0.6666666666666666,True,False,False
CIFAR-10H,gold_accuracy,primary_saturating_validation,0.25,fixed_cap_50,50.0,0.06,50,4,4,False,4.0,5.0,N95,29.0,0.13793103448275862,0.13793103448275862,0.1724137931034483,True,False,False
CIFAR-10H,gold_accuracy,primary_saturating_validation,0.5,fixed_cap_50,50.0,0.02,50,8,8,False,8.0,9.0,N95,29.0,0.27586206896551724,0.24242424242424243,0.3080000000000001,True,False,False
CIFAR-10H,gold_accuracy,primary_saturating_validation,0.75,fixed_cap_50,50.0,0.006666666666666667,50,14,14,False,14.0,15.0,N95,29.0,0.4827586206896552,0.4409578696343402,0.5384615384615384,True,False,False
CIFAR-10H,gold_accuracy,primary_saturating_validation,0.9,fixed_cap_50,50.0,0.002222222222222222,50,25,25,False,24.0,27.0,N95,29.0,0.8620689655172413,0.7714285714285715,0.9230769230769231,True,False,False
ChaosNLI,reference_distribution,primary_saturating_validation,0.01,observed_max,50.0,1.98,50,1,1,False,,,N95,27.0,0.037037037037037035,,,True,False,False
ChaosNLI,reference_distribution,primary_saturating_validation,0.014924623115577889,observed_max,50.0,1.3200673400673402,50,1,1,False,,,N95,27.0,0.037037037037037035,,,True,False,False
ChaosNLI,reference_distribution,primary_saturating_validation,0.01984924623115578,observed_max,50.0,0.9875949367088607,50,1,1,False,,,N95,27.0,0.037037037037037035,,,True,False,False
ChaosNLI,reference_distribution,primary_saturating_validation,0.024773869346733667,observed_max,50.0,0.7873022312373226,50,1,1,False,,,N95,27.0,0.037037037037037035,,,True,False,False
ChaosNLI,reference_distribution,primary_saturating_validation,0.029698492462311557,observed_max,50.0,0.6534348561759729,50,1,1,False,,,N95,27.0,0.037037037037037035,,,True,False,False
ChaosNLI,reference_distribution,primary_saturating_validation,0.03462311557788945,observed_max,50.0,0.5576487663280115,50,1,1,False,,,N95,27.0,0.037037037037037035,,,True,False,False
ChaosNLI,reference_distribution,primary_saturating_validation,0.03954773869346734,observed_max,50.0,0.48571791613723003,50,1,1,False,,,N95,27.0,0.037037037037037035,,,True,False,False
ChaosNLI,reference_distribution,primary_saturating_validation,0.04447236180904523,observed_max,50.0,0.42971751412429376,50,1,1,False,,,N95,27.0,0.037037037037037035,,,True,False,False
ChaosNLI,reference_distribution,primary_saturating_validation,0.04939698492462312,observed_max,50.0,0.384883011190234,50,2,2,False,,,N95,27.0,0.07407407407407407,,,True,False,False
ChaosNLI,reference_distribution,primary_saturating_validation,0.05432160804020101,observed_max,50.0,0.34817761332099906,50,2,2,False,,,N95,27.0,0.07407407407407407,,,True,False,False
ChaosNLI,reference_distribution,primary_saturating_validation,0.0592462311557789,observed_max,50.0,0.31757421543681086,50,2,2,False,,,N95,27.0,0.07407407407407407,,,True,False,False
ChaosNLI,reference_distribution,primary_saturating_validation,0.06417085427135678,observed_max,50.0,0.2916679718089272,50,2,2,False,,,N95,27.0,0.07407407407407407,,,True,False,False
ChaosNLI,reference_distribution,primary_saturating_validation,0.06909547738693467,observed_max,50.0,0.26945454545454545,50,2,2,False,,,N95,27.0,0.07407407407407407,,,True,False,False
ChaosNLI,reference_distribution,primary_saturating_validation,0.07402010050251256,observed_max,50.0,0.2501968771215207,50,2,2,False,,,N95,27.0,0.07407407407407407,,,True,False,False
ChaosNLI,reference_distribution,primary_saturating_validation,0.07894472361809045,observed_max,50.0,0.23334182049649907,50,2,2,False,,,N95,27.0,0.07407407407407407,,,True,False,False
ChaosNLI,reference_distribution,primary_saturating_validation,0.08386934673366835,observed_max,50.0,0.2184661473936489,50,2,2,False,,,N95,27.0,0.07407407407407407,,,True,False,False
ChaosNLI,reference_distribution,primary_saturating_validation,0.08879396984924623,observed_max,50.0,0.2052405206564799,50,2,2,False,,,N95,27.0,0.07407407407407407,,,True,False,False
ChaosNLI,reference_distribution,primary_saturating_validation,0.09371859296482411,observed_max,50.0,0.19340482573726545,50,2,2,False,,,N95,27.0,0.07407407407407407,,,True,False,False
ChaosNLI,reference_distribution,primary_saturating_validation,0.09864321608040201,observed_max,50.0,0.18275089149261334,50,2,2,False,,,N95,27.0,0.07407407407407407,,,True,False,False
ChaosNLI,reference_distribution,primary_saturating_validation,0.1035678391959799,observed_max,50.0,0.173110140708394,50,2,2,False,,,N95,27.0,0.07407407407407407,,,True,False,False
ChaosNLI,reference_distribution,primary_saturating_validation,0.10849246231155779,observed_max,50.0,0.16434460398332562,50,3,3,False,,,N95,27.0,0.1111111111111111,,,True,False,False
ChaosNLI,reference_distribution,primary_saturating_validation,0.11341708542713567,observed_max,50.0,0.15634027470093045,50,3,3,False,,,N95,27.0,0.1111111111111111,,,True,False,False
ChaosNLI,reference_distribution,primary_saturating_validation,0.11834170854271357,observed_max,50.0,0.14900212314225053,50,3,3,False,,,N95,27.0,0.1111111111111111,,,True,False,False
ChaosNLI,reference_distribution,primary_saturating_validation,0.12326633165829146,observed_max,50.0,0.1422503057480636,50,3,3,False,,,N95,27.0,0.1111111111111111,,,True,False,False
ChaosNLI,reference_distribution,primary_saturating_validation,0.12819095477386935,observed_max,50.0,0.1360172481379851,50,3,3,False,,,N95,27.0,0.1111111111111111,,,True,False,False
ChaosNLI,reference_distribution,primary_saturating_validation,0.13311557788944725,observed_max,50.0,0.13024537561343902,50,3,3,False,,,N95,27.0,0.1111111111111111,,,True,False,False
ChaosNLI,reference_distribution,primary_saturating_validation,0.13804020100502515,observed_max,50.0,0.12488532945030942,50,3,3,False,,,N95,27.0,0.1111111111111111,,,True,False,False
ChaosNLI,reference_distribution,primary_saturating_validation,0.14296482412060302,observed_max,50.0,0.11989455184534271,50,3,3,False,,,N95,27.0,0.1111111111111111,,,True,False,False
ChaosNLI,reference_distribution,primary_saturating_validation,0.14788944723618092,observed_max,50.0,0.11523615358477743,50,3,3,False,,,N95,27.0,0.1111111111111111,,,True,False,False
ChaosNLI,reference_distribution,primary_saturating_validation,0.1528140703517588,observed_max,50.0,0.11087800065767837,50,3,3,False,,,N95,27.0,0.1111111111111111,,,True,False,False
ChaosNLI,reference_distribution,primary_saturating_validation,0.1577386934673367,observed_max,50.0,0.10679197196559412,50,3,3,False,,,N95,27.0,0.1111111111111111,,,True,False,False
ChaosNLI,reference_distribution,primary_saturating_validation,0.16266331658291458,observed_max,50.0,0.10295335186901451,50,3,3,False,,,N95,27.0,0.1111111111111111,,,True,False,False
ChaosNLI,reference_distribution,primary_saturating_validation,0.16758793969849248,observed_max,50.0,0.09934032983508245,50,3,3,False,,,N95,27.0,0.1111111111111111,,,True,False,False
ChaosNLI,reference_distribution,primary_saturating_validation,0.17251256281407037,observed_max,50.0,0.09593358578502766,50,3,3,False,,,N95,27.0,0.1111111111111111,,,True,False,False
ChaosNLI,reference_distribution,primary_saturating_validation,0.17743718592964824,observed_max,50.0,0.09271594449164543,50,3,3,False,,,N95,27.0,0.1111111111111111,,,True,False,False
ChaosNLI,reference_distribution,primary_saturating_validation,0.18236180904522614,observed_max,50.0,0.08967208597409755,50,4,4,False,,,N95,27.0,0.14814814814814814,,,True,False,False
ChaosNLI,reference_distribution,primary_saturating_validation,0.18728643216080404,observed_max,50.0,0.08678830158304265,50,4,4,False,,,N95,27.0,0.14814814814814814,,,True,False,False
ChaosNLI,reference_distribution,primary_saturating_validation,0.19221105527638194,observed_max,50.0,0.08405228758169933,50,4,4,False,,,N95,27.0,0.14814814814814814,,,True,False,False
ChaosNLI,reference_distribution,primary_saturating_validation,0.1971356783919598,observed_max,50.0,0.08145296966607188,50,4,4,False,,,N95,27.0,0.14814814814814814,,,True,False,False
ChaosNLI,reference_distribution,primary_saturating_validation,0.2020603015075377,observed_max,50.0,0.07898035314598358,50,4,4,False,,,N95,27.0,0.14814814814814814,,,True,False,False
ChaosNLI,reference_distribution,primary_saturating_validation,0.2069849246231156,observed_max,50.0,0.07662539451323136,50,4,4,False,,,N95,27.0,0.14814814814814814,,,True,False,False
ChaosNLI,reference_distribution,primary_saturating_validation,0.21190954773869347,observed_max,50.0,0.07437989091771402,50,4,4,False,,,N95,27.0,0.14814814814814814,,,True,False,False
ChaosNLI,reference_distribution,primary_saturating_validation,0.21683417085427137,observed_max,50.0,0.07223638470451911,50,4,4,False,,,N95,27.0,0.14814814814814814,,,True,False,False
ChaosNLI,reference_distribution,primary_saturating_validation,0.22175879396984927,observed_max,50.0,0.07018808067074551,50,4,4,False,,,N95,27.0,0.14814814814814814,,,True,False,False
ChaosNLI,reference_distribution,primary_saturating_validation,0.22668341708542716,observed_max,50.0,0.06822877410773663,50,4,4,False,,,N95,27.0,0.14814814814814814,,,True,False,False
ChaosNLI,reference_distribution,primary_saturating_validation,0.23160804020100503,observed_max,50.0,0.06635278802343242,50,4,4,False,,,N95,27.0,0.14814814814814814,,,True,False,False
ChaosNLI,reference_distribution,primary_saturating_validation,0.23653266331658293,observed_max,50.0,0.06455491820692584,50,4,4,False,,,N95,27.0,0.14814814814814814,,,True,False,False
ChaosNLI,reference_distribution,primary_saturating_validation,0.24145728643216083,observed_max,50.0,0.06283038501560874,50,4,4,False,,,N95,27.0,0.14814814814814814,,,True,False,False
ChaosNLI,reference_distribution,primary_saturating_validation,0.2463819095477387,observed_max,50.0,0.06117479094431981,50,4,4,False,,,N95,27.0,0.14814814814814814,,,True,False,False
ChaosNLI,reference_distribution,primary_saturating_validation,0.25,observed_max,50.0,0.06,50,4,4,False,4.0,4.0,N95,27.0,0.14814814814814814,0.13793103448275862,0.15384615384615385,True,False,False
ChaosNLI,reference_distribution,primary_saturating_validation,0.2513065326633166,observed_max,50.0,0.05958408318336332,50,4,4,False,4.0,4.0,N95,27.0,0.14814814814814814,0.13793103448275862,0.15384615384615385,True,False,False
ChaosNLI,reference_distribution,primary_saturating_validation,0.2562311557788945,observed_max,50.0,0.058054520494214536,50,4,4,False,,,N95,27.0,0.14814814814814814,,,True,False,False
ChaosNLI,reference_distribution,primary_saturating_validation,0.2611557788944724,observed_max,50.0,0.05658264383298056,50,5,5,False,,,N95,27.0,0.18518518518518517,,,True,False,False
ChaosNLI,reference_distribution,primary_saturating_validation,0.2660804020100503,observed_max,50.0,0.05516525023607176,50,5,5,False,,,N95,27.0,0.18518518518518517,,,True,False,False
ChaosNLI,reference_distribution,primary_saturating_validation,0.2710050251256282,observed_max,50.0,0.05379936955312441,50,5,5,False,,,N95,27.0,0.18518518518518517,,,True,False,False
ChaosNLI,reference_distribution,primary_saturating_validation,0.275929648241206,observed_max,50.0,0.05248224367146239,50,5,5,False,,,N95,27.0,0.18518518518518517,,,True,False,False
ChaosNLI,reference_distribution,primary_saturating_validation,0.2808542713567839,observed_max,50.0,0.05121130792628377,50,5,5,False,,,N95,27.0,0.18518518518518517,,,True,False,False
ChaosNLI,reference_distribution,primary_saturating_validation,0.2857788944723618,observed_max,50.0,0.04998417443291718,50,5,5,False,,,N95,27.0,0.18518518518518517,,,True,False,False
ChaosNLI,reference_distribution,primary_saturating_validation,0.2907035175879397,observed_max,50.0,0.04879861711322384,50,5,5,False,,,N95,27.0,0.18518518518518517,,,True,False,False
ChaosNLI,reference_distribution,primary_saturating_validation,0.2956281407035176,observed_max,50.0,0.047652558218595945,50,5,5,False,,,N95,27.0,0.18518518518518517,,,True,False,False
ChaosNLI,reference_distribution,primary_saturating_validation,0.3005527638190955,observed_max,50.0,0.04654405617789667,50,5,5,False,,,N95,27.0,0.18518518518518517,,,True,False,False
ChaosNLI,reference_distribution,primary_saturating_validation,0.3054773869346734,observed_max,50.0,0.04547129462082578,50,5,5,False,,,N95,27.0,0.18518518518518517,,,True,False,False
ChaosNLI,reference_distribution,primary_saturating_validation,0.31040201005025125,observed_max,50.0,0.044432572446171284,50,5,5,False,,,N95,27.0,0.18518518518518517,,,True,False,False
ChaosNLI,reference_distribution,primary_saturating_validation,0.31532663316582915,observed_max,50.0,0.04342629482071713,50,5,5,False,,,N95,27.0,0.18518518518518517,,,True,False,False
ChaosNLI,reference_distribution,primary_saturating_validation,0.32025125628140705,observed_max,50.0,0.04245096500863015,50,5,5,False,,,N95,27.0,0.18518518518518517,,,True,False,False
ChaosNLI,reference_distribution,primary_saturating_validation,0.32517587939698495,observed_max,50.0,0.04150517694328542,50,5,5,False,,,N95,27.0,0.18518518518518517,,,True,False,False
ChaosNLI,reference_distribution,primary_saturating_validation,0.33010050251256284,observed_max,50.0,0.04058760846399756,50,5,5,False,,,N95,27.0,0.18518518518518517,,,True,False,False
ChaosNLI,reference_distribution,primary_saturating_validation,0.33502512562814074,observed_max,50.0,0.03969701514924253,50,6,6,False,,,N95,27.0,0.2222222222222222,,,True,False,False
ChaosNLI,reference_distribution,primary_saturating_validation,0.33994974874371864,observed_max,50.0,0.03883222468588322,50,6,6,False,,,N95,27.0,0.2222222222222222,,,True,False,False
ChaosNLI,reference_distribution,primary_saturating_validation,0.3448743718592965,observed_max,50.0,0.037992131720821797,50,6,6,False,,,N95,27.0,0.2222222222222222,,,True,False,False
ChaosNLI,reference_distribution,primary_saturating_validation,0.3497989949748744,observed_max,50.0,0.03717569314753628,50,6,6,False,,,N95,27.0,0.2222222222222222,,,True,False,False
ChaosNLI,reference_distribution,primary_saturating_validation,0.3547236180904523,observed_max,50.0,0.036381923785238704,50,6,6,False,,,N95,27.0,0.2222222222222222,,,True,False,False
ChaosNLI,reference_distribution,primary_saturating_validation,0.3596482412060302,observed_max,50.0,0.03560989241302221,50,6,6,False,,,N95,27.0,0.2222222222222222,,,True,False,False
ChaosNLI,reference_distribution,primary_saturating_validation,0.36457286432160807,observed_max,50.0,0.03485871812543073,50,6,6,False,,,N95,27.0,0.2222222222222222,,,True,False,False
ChaosNLI,reference_distribution,primary_saturating_validation,0.36949748743718597,observed_max,50.0,0.03412756697946417,50,6,6,False,,,N95,27.0,0.2222222222222222,,,True,False,False
ChaosNLI,reference_distribution,primary_saturating_validation,0.37442211055276386,observed_max,50.0,0.03341564890618708,50,6,6,False,,,N95,27.0,0.2222222222222222,,,True,False,False
ChaosNLI,reference_distribution,primary_saturating_validation,0.3793467336683417,observed_max,50.0,0.03272221486289575,50,6,6,False,,,N95,27.0,0.2222222222222222,,,True,False,False
ChaosNLI,reference_distribution,primary_saturating_validation,0.3842713567839196,observed_max,50.0,0.03204655420426311,50,6,6,False,,,N95,27.0,0.2222222222222222,,,True,False,False
ChaosNLI,reference_distribution,primary_saturating_validation,0.3891959798994975,observed_max,50.0,0.031387992253066495,50,6,6,False,,,N95,27.0,0.2222222222222222,,,True,False,False
ChaosNLI,reference_distribution,primary_saturating_validation,0.3941206030150754,observed_max,50.0,0.030745888053040925,50,6,6,False,,,N95,27.0,0.2222222222222222,,,True,False,False
ChaosNLI,reference_distribution,primary_saturating_validation,0.3990452261306533,observed_max,50.0,0.030119632288124917,50,6,6,False,,,N95,27.0,0.2222222222222222,,,True,False,False
ChaosNLI,reference_distribution,primary_saturating_validation,0.4039698492462312,observed_max,50.0,0.029508645353899736,50,6,6,False,,,N95,27.0,0.2222222222222222,,,True,False,False
ChaosNLI,reference_distribution,primary_saturating_validation,0.4088944723618091,observed_max,50.0,0.028912375568391296,50,7,7,False,,,N95,27.0,0.25925925925925924,,,True,False,False
ChaosNLI,reference_distribution,primary_saturating_validation,0.41381909547738693,observed_max,50.0,0.02833029751062538,50,7,7,False,,,N95,27.0,0.25925925925925924,,,True,False,False
ChaosNLI,reference_distribution,primary_saturating_validation,0.41874371859296483,observed_max,50.0,0.02776191047641906,50,7,7,False,,,N95,27.0,0.25925925925925924,,,True,False,False
ChaosNLI,reference_distribution,primary_saturating_validation,0.42366834170854273,observed_max,50.0,0.027206737041869287,50,7,7,False,,,N95,27.0,0.25925925925925924,,,True,False,False
ChaosNLI,reference_distribution,primary_saturating_validation,0.4285929648241206,observed_max,50.0,0.026664321725876416,50,7,7,False,,,N95,27.0,0.25925925925925924,,,True,False,False
ChaosNLI,reference_distribution,primary_saturating_validation,0.4335175879396985,observed_max,50.0,0.026134229743827515,50,7,7,False,,,N95,27.0,0.25925925925925924,,,True,False,False
ChaosNLI,reference_distribution,primary_saturating_validation,0.4384422110552764,observed_max,50.0,0.025616045845272203,50,7,7,False,,,N95,27.0,0.25925925925925924,,,True,False,False
ChaosNLI,reference_distribution,primary_saturating_validation,0.4433668341708543,observed_max,50.0,0.025109373229060407,50,7,7,False,,,N95,27.0,0.25925925925925924,,,True,False,False
ChaosNLI,reference_distribution,primary_saturating_validation,0.44829145728643216,observed_max,50.0,0.024613832529985426,50,7,7,False,,,N95,27.0,0.25925925925925924,,,True,False,False
ChaosNLI,reference_distribution,primary_saturating_validation,0.45321608040201006,observed_max,50.0,0.024129060871493514,50,7,7,False,,,N95,27.0,0.25925925925925924,,,True,False,False
ChaosNLI,reference_distribution,primary_saturating_validation,0.45814070351758795,observed_max,50.0,0.023654710979488867,50,7,7,False,,,N95,27.0,0.25925925925925924,,,True,False,False
ChaosNLI,reference_distribution,primary_saturating_validation,0.46306532663316585,observed_max,50.0,0.023190450352685833,50,7,7,False,,,N95,27.0,0.25925925925925924,,,True,False,False
ChaosNLI,reference_distribution,primary_saturating_validation,0.46798994974874375,observed_max,50.0,0.022735960485343067,50,7,7,False,,,N95,27.0,0.25925925925925924,,,True,False,False
ChaosNLI,reference_distribution,primary_saturating_validation,0.47291457286432165,observed_max,50.0,0.022290936138561257,50,7,7,False,,,N95,27.0,0.25925925925925924,,,True,False,False
ChaosNLI,reference_distribution,primary_saturating_validation,0.47783919597989954,observed_max,50.0,0.02185508465664107,50,8,8,False,,,N95,27.0,0.2962962962962963,,,True,False,False
ChaosNLI,reference_distribution,primary_saturating_validation,0.4827638190954774,observed_max,50.0,0.021428125325283646,50,8,8,False,,,N95,27.0,0.2962962962962963,,,True,False,False
ChaosNLI,reference_distribution,primary_saturating_validation,0.4876884422110553,observed_max,50.0,0.02100978876867594,50,8,8,False,,,N95,27.0,0.2962962962962963,,,True,False,False
ChaosNLI,reference_distribution,primary_saturating_validation,0.4926130653266332,observed_max,50.0,0.020599816382739975,50,8,8,False,,,N95,27.0,0.2962962962962963,,,True,False,False
ChaosNLI,reference_distribution,primary_saturating_validation,0.4975376884422111,observed_max,50.0,0.020197959802040196,50,8,8,False,8.0,8.0,N95,27.0,0.2962962962962963,0.27586206896551724,0.3076923076923077,True,False,False
ChaosNLI,reference_distribution,primary_saturating_validation,0.5,observed_max,50.0,0.02,50,8,8,False,8.0,8.0,N95,27.0,0.2962962962962963,0.27586206896551724,0.3076923076923077,True,False,False
ChaosNLI,reference_distribution,primary_saturating_validation,0.502462311557789,observed_max,50.0,0.0198039803980398,50,8,8,False,8.0,8.0,N95,27.0,0.2962962962962963,0.27586206896551724,0.3076923076923077,True,False,False
ChaosNLI,reference_distribution,primary_saturating_validation,0.5073869346733668,observed_max,50.0,0.01941764880657621,50,8,8,False,,,N95,27.0,0.2962962962962963,,,True,False,False
ChaosNLI,reference_distribution,primary_saturating_validation,0.5123115577889448,observed_max,50.0,0.019038744482589503,50,8,8,False,,,N95,27.0,0.2962962962962963,,,True,False,False
ChaosNLI,reference_distribution,primary_saturating_validation,0.5172361809045226,observed_max,50.0,0.018667055280287573,50,8,8,False,,,N95,27.0,0.2962962962962963,,,True,False,False
ChaosNLI,reference_distribution,primary_saturating_validation,0.5221608040201006,observed_max,50.0,0.018302377057068612,50,8,8,False,,,N95,27.0,0.2962962962962963,,,True,False,False
ChaosNLI,reference_distribution,primary_saturating_validation,0.5270854271356784,observed_max,50.0,0.01794451329964725,50,8,8,False,,,N95,27.0,0.2962962962962963,,,True,False,False
ChaosNLI,reference_distribution,primary_saturating_validation,0.5320100502512564,observed_max,50.0,0.017593274770945494,50,8,8,False,,,N95,27.0,0.2962962962962963,,,True,False,False
ChaosNLI,reference_distribution,primary_saturating_validation,0.5369346733668342,observed_max,50.0,0.017248479176415536,50,9,9,False,,,N95,27.0,0.3333333333333333,,,True,False,False
ChaosNLI,reference_distribution,primary_saturating_validation,0.541859296482412,observed_max,50.0,0.016909950848557915,50,9,9,False,,,N95,27.0,0.3333333333333333,,,True,False,False
ChaosNLI,reference_distribution,primary_saturating_validation,0.54678391959799,observed_max,50.0,0.016577520448488186,50,9,9,False,,,N95,27.0,0.3333333333333333,,,True,False,False
ChaosNLI,reference_distribution,primary_saturating_validation,0.5517085427135678,observed_max,50.0,0.016251024683486655,50,9,9,False,,,N95,27.0,0.3333333333333333,,,True,False,False
ChaosNLI,reference_distribution,primary_saturating_validation,0.5566331658291458,observed_max,50.0,0.015930306039541386,50,9,9,False,,,N95,27.0,0.3333333333333333,,,True,False,False
ChaosNLI,reference_distribution,primary_saturating_validation,0.5615577889447236,observed_max,50.0,0.015615212527964205,50,9,9,False,,,N95,27.0,0.3333333333333333,,,True,False,False
ChaosNLI,reference_distribution,primary_saturating_validation,0.5664824120603016,observed_max,50.0,0.015305597445223095,50,9,9,False,,,N95,27.0,0.3333333333333333,,,True,False,False
ChaosNLI,reference_distribution,primary_saturating_validation,0.5714070351758794,observed_max,50.0,0.015001319145193912,50,9,9,False,,,N95,27.0,0.3333333333333333,,,True,False,False
ChaosNLI,reference_distribution,primary_saturating_validation,0.5763316582914573,observed_max,50.0,0.014702240823088327,50,9,9,False,,,N95,27.0,0.3333333333333333,,,True,False,False
ChaosNLI,reference_distribution,primary_saturating_validation,0.5812562814070352,observed_max,50.0,0.014408230310365693,50,9,9,False,,,N95,27.0,0.3333333333333333,,,True,False,False
ChaosNLI,reference_distribution,primary_saturating_validation,0.5861809045226131,observed_max,50.0,0.014119159879982855,50,9,9,False,,,N95,27.0,0.3333333333333333,,,True,False,False
ChaosNLI,reference_distribution,primary_saturating_validation,0.591105527638191,observed_max,50.0,0.013834906061378896,50,10,10,False,,,N95,27.0,0.37037037037037035,,,True,False,False
ChaosNLI,reference_distribution,primary_saturating_validation,0.5960301507537689,observed_max,50.0,0.013555349464631985,50,10,10,False,,,N95,27.0,0.37037037037037035,,,True,False,False
ChaosNLI,reference_distribution,primary_saturating_validation,0.6009547738693468,observed_max,50.0,0.013280374613261973,50,10,10,False,,,N95,27.0,0.37037037037037035,,,True,False,False
ChaosNLI,reference_distribution,primary_saturating_validation,0.6058793969849247,observed_max,50.0,0.013009869785187027,50,10,10,False,,,N95,27.0,0.37037037037037035,,,True,False,False
ChaosNLI,reference_distribution,primary_saturating_validation,0.6108040201005025,observed_max,50.0,0.01274372686137392,50,10,10,False,,,N95,27.0,0.37037037037037035,,,True,False,False
ChaosNLI,reference_distribution,primary_saturating_validation,0.6157286432160805,observed_max,50.0,0.012481841181751406,50,10,10,False,,,N95,27.0,0.37037037037037035,,,True,False,False
ChaosNLI,reference_distribution,primary_saturating_validation,0.6206532663316583,observed_max,50.0,0.012224111407983159,50,10,10,False,,,N95,27.0,0.37037037037037035,,,True,False,False
ChaosNLI,reference_distribution,primary_saturating_validation,0.6255778894472362,observed_max,50.0,0.011970439392722304,50,10,10,False,,,N95,27.0,0.37037037037037035,,,True,False,False
ChaosNLI,reference_distribution,primary_saturating_validation,0.6305025125628141,observed_max,50.0,0.011720730054993226,50,10,10,False,,,N95,27.0,0.37037037037037035,,,True,False,False
ChaosNLI,reference_distribution,primary_saturating_validation,0.635427135678392,observed_max,50.0,0.011474891261368126,50,11,11,False,,,N95,27.0,0.4074074074074074,,,True,False,False
ChaosNLI,reference_distribution,primary_saturating_validation,0.6403517587939699,observed_max,50.0,0.011232833712626539,50,11,11,False,,,N95,27.0,0.4074074074074074,,,True,False,False
ChaosNLI,reference_distribution,primary_saturating_validation,0.6452763819095477,observed_max,50.0,0.010994470835604704,50,11,11,False,,,N95,27.0,0.4074074074074074,,,True,False,False
ChaosNLI,reference_distribution,primary_saturating_validation,0.6502010050251257,observed_max,50.0,0.01075971867995981,50,11,11,False,,,N95,27.0,0.4074074074074074,,,True,False,False
ChaosNLI,reference_distribution,primary_saturating_validation,0.6551256281407035,observed_max,50.0,0.010528495819590396,50,11,11,False,,,N95,27.0,0.4074074074074074,,,True,False,False
ChaosNLI,reference_distribution,primary_saturating_validation,0.6600502512562815,observed_max,50.0,0.010300723258469733,50,11,11,False,,,N95,27.0,0.4074074074074074,,,True,False,False
ChaosNLI,reference_distribution,primary_saturating_validation,0.6649748743718593,observed_max,50.0,0.010076324340663493,50,11,11,False,,,N95,27.0,0.4074074074074074,,,True,False,False
ChaosNLI,reference_distribution,primary_saturating_validation,0.6698994974874373,observed_max,50.0,0.009855224664316252,50,11,11,False,,,N95,27.0,0.4074074074074074,,,True,False,False
ChaosNLI,reference_distribution,primary_saturating_validation,0.6748241206030151,observed_max,50.0,0.009637351999404272,50,11,11,False,,,N95,27.0,0.4074074074074074,,,True,False,False
ChaosNLI,reference_distribution,primary_saturating_validation,0.679748743718593,observed_max,50.0,0.009422636209063355,50,12,12,False,,,N95,27.0,0.4444444444444444,,,True,False,False
ChaosNLI,reference_distribution,primary_saturating_validation,0.6846733668341709,observed_max,50.0,0.009211009174311925,50,12,12,False,,,N95,27.0,0.4444444444444444,,,True,False,False
ChaosNLI,reference_distribution,primary_saturating_validation,0.6895979899497487,observed_max,50.0,0.009002404721999563,50,12,12,False,,,N95,27.0,0.4444444444444444,,,True,False,False
ChaosNLI,reference_distribution,primary_saturating_validation,0.6945226130653267,observed_max,50.0,0.00879675855582085,50,12,12,False,,,N95,27.0,0.4444444444444444,,,True,False,False
ChaosNLI,reference_distribution,primary_saturating_validation,0.6994472361809045,observed_max,50.0,0.008594008190243552,50,12,12,False,,,N95,27.0,0.4444444444444444,,,True,False,False
ChaosNLI,reference_distribution,primary_saturating_validation,0.7043718592964825,observed_max,50.0,0.008394092887208385,50,12,12,False,,,N95,27.0,0.4444444444444444,,,True,False,False
ChaosNLI,reference_distribution,primary_saturating_validation,0.7092964824120603,observed_max,50.0,0.008196953595465815,50,12,12,False,,,N95,27.0,0.4444444444444444,,,True,False,False
ChaosNLI,reference_distribution,primary_saturating_validation,0.7142211055276382,observed_max,50.0,0.00800253289242243,50,13,13,False,,,N95,27.0,0.48148148148148145,,,True,False,False
ChaosNLI,reference_distribution,primary_saturating_validation,0.7191457286432161,observed_max,50.0,0.007810774928376771,50,13,13,False,,,N95,27.0,0.48148148148148145,,,True,False,False
ChaosNLI,reference_distribution,primary_saturating_validation,0.724070351758794,observed_max,50.0,0.007621625373030744,50,13,13,False,,,N95,27.0,0.48148148148148145,,,True,False,False
ChaosNLI,reference_distribution,primary_saturating_validation,0.7289949748743719,observed_max,50.0,0.0074350313641690195,50,13,13,False,,,N95,27.0,0.48148148148148145,,,True,False,False
ChaosNLI,reference_distribution,primary_saturating_validation,0.7339195979899498,observed_max,50.0,0.007250941458404656,50,13,13,False,,,N95,27.0,0.48148148148148145,,,True,False,False
ChaosNLI,reference_distribution,primary_saturating_validation,0.7388442211055277,observed_max,50.0,0.007069305583894439,50,13,13,False,,,N95,27.0,0.48148148148148145,,,True,False,False
ChaosNLI,reference_distribution,primary_saturating_validation,0.7437688442211056,observed_max,50.0,0.0068900749949327746,50,14,14,False,,,N95,27.0,0.5185185185185185,,,True,False,False
ChaosNLI,reference_distribution,primary_saturating_validation,0.7486934673366834,observed_max,50.0,0.006713202228337473,50,14,14,False,14.0,14.0,N95,27.0,0.5185185185185185,0.4827586206896552,0.5384615384615384,True,False,False
ChaosNLI,reference_distribution,primary_saturating_validation,0.75,observed_max,50.0,0.006666666666666667,50,14,14,False,14.0,14.0,N95,27.0,0.5185185185185185,0.4827586206896552,0.5384615384615384,True,False,False
ChaosNLI,reference_distribution,primary_saturating_validation,0.7536180904522614,observed_max,50.0,0.0065386410615456405,50,14,14,False,,,N95,27.0,0.5185185185185185,,,True,False,False
ChaosNLI,reference_distribution,primary_saturating_validation,0.7585427135678392,observed_max,50.0,0.006366346472341834,50,14,14,False,,,N95,27.0,0.5185185185185185,,,True,False,False
ChaosNLI,reference_distribution,primary_saturating_validation,0.7634673366834172,observed_max,50.0,0.006196274600144802,50,14,14,False,,,N95,27.0,0.5185185185185185,,,True,False,False
ChaosNLI,reference_distribution,primary_saturating_validation,0.768391959798995,observed_max,50.0,0.0060283827087829435,50,15,15,False,,,N95,27.0,0.5555555555555556,,,True,False,False
ChaosNLI,reference_distribution,primary_saturating_validation,0.773316582914573,observed_max,50.0,0.005862629150692049,50,15,15,False,,,N95,27.0,0.5555555555555556,,,True,False,False
ChaosNLI,reference_distribution,primary_saturating_validation,0.7782412060301508,observed_max,50.0,0.0056989733324723955,50,15,15,False,,,N95,27.0,0.5555555555555556,,,True,False,False
ChaosNLI,reference_distribution,primary_saturating_validation,0.7831658291457286,observed_max,50.0,0.0055373756817452685,50,15,15,False,,,N95,27.0,0.5555555555555556,,,True,False,False
ChaosNLI,reference_distribution,primary_saturating_validation,0.7880904522613066,observed_max,50.0,0.005377797615252182,50,16,16,False,,,N95,27.0,0.5925925925925926,,,True,False,False
ChaosNLI,reference_distribution,primary_saturating_validation,0.7930150753768844,observed_max,50.0,0.005220201508142703,50,16,16,False,,,N95,27.0,0.5925925925925926,,,True,False,False
ChaosNLI,reference_distribution,primary_saturating_validation,0.7979396984924624,observed_max,50.0,0.005064550664399519,50,16,16,False,,,N95,27.0,0.5925925925925926,,,True,False,False
ChaosNLI,reference_distribution,primary_saturating_validation,0.8028643216080402,observed_max,50.0,0.004910809288352005,50,16,16,False,,,N95,27.0,0.5925925925925926,,,True,False,False
ChaosNLI,reference_distribution,primary_saturating_validation,0.8077889447236182,observed_max,50.0,0.004758942457231724,50,16,16,False,,,N95,27.0,0.5925925925925926,,,True,False,False
ChaosNLI,reference_distribution,primary_saturating_validation,0.812713567839196,observed_max,50.0,0.004608916094725777,50,17,17,False,,,N95,27.0,0.6296296296296297,,,True,False,False
ChaosNLI,reference_distribution,primary_saturating_validation,0.8176381909547739,observed_max,50.0,0.004460696945485834,50,17,17,False,,,N95,27.0,0.6296296296296297,,,True,False,False
ChaosNLI,reference_distribution,primary_saturating_validation,0.8225628140703518,observed_max,50.0,0.0043142525505528734,50,17,17,False,,,N95,27.0,0.6296296296296297,,,True,False,False
ChaosNLI,reference_distribution,primary_saturating_validation,0.8274874371859297,observed_max,50.0,0.0041695512236594404,50,18,18,False,,,N95,27.0,0.6666666666666666,,,True,False,False
ChaosNLI,reference_distribution,primary_saturating_validation,0.8324120603015076,observed_max,50.0,0.004026562028373074,50,18,18,False,,,N95,27.0,0.6666666666666666,,,True,False,False
ChaosNLI,reference_distribution,primary_saturating_validation,0.8373366834170854,observed_max,50.0,0.003885254756046329,50,18,18,False,,,N95,27.0,0.6666666666666666,,,True,False,False
ChaosNLI,reference_distribution,primary_saturating_validation,0.8422613065326634,observed_max,50.0,0.0037455999045402995,50,19,19,False,,,N95,27.0,0.7037037037037037,,,True,False,False
ChaosNLI,reference_distribution,primary_saturating_validation,0.8471859296482412,observed_max,50.0,0.003607568657690253,50,19,19,False,,,N95,27.0,0.7037037037037037,,,True,False,False
ChaosNLI,reference_distribution,primary_saturating_validation,0.8521105527638191,observed_max,50.0,0.0034711328654832814,50,19,19,False,,,N95,27.0,0.7037037037037037,,,True,False,False
ChaosNLI,reference_distribution,primary_saturating_validation,0.857035175879397,observed_max,50.0,0.003336265024919377,50,20,20,False,,,N95,27.0,0.7407407407407407,,,True,False,False
ChaosNLI,reference_distribution,primary_saturating_validation,0.8619597989949749,observed_max,50.0,0.0032029382615285954,50,20,20,False,,,N95,27.0,0.7407407407407407,,,True,False,False
ChaosNLI,reference_distribution,primary_saturating_validation,0.8668844221105528,observed_max,50.0,0.0030711263115181706,50,21,21,False,,,N95,27.0,0.7777777777777778,,,True,False,False
ChaosNLI,reference_distribution,primary_saturating_validation,0.8718090452261307,observed_max,50.0,0.0029408035045247563,50,21,21,False,,,N95,27.0,0.7777777777777778,,,True,False,False
ChaosNLI,reference_distribution,primary_saturating_validation,0.8767336683417086,observed_max,50.0,0.002811944746947897,50,22,22,False,,,N95,27.0,0.8148148148148148,,,True,False,False
ChaosNLI,reference_distribution,primary_saturating_validation,0.8816582914572865,observed_max,50.0,0.002684525505842119,50,22,22,False,,,N95,27.0,0.8148148148148148,,,True,False,False
ChaosNLI,reference_distribution,primary_saturating_validation,0.8865829145728643,observed_max,50.0,0.0025585217933458033,50,23,23,False,,,N95,27.0,0.8518518518518519,,,True,False,False
ChaosNLI,reference_distribution,primary_saturating_validation,0.8915075376884423,observed_max,50.0,0.0024339101516261752,50,23,23,False,,,N95,27.0,0.8518518518518519,,,True,False,False
ChaosNLI,reference_distribution,primary_saturating_validation,0.8964321608040201,observed_max,50.0,0.0023106676383205333,50,24,24,False,,,N95,27.0,0.8888888888888888,,,True,False,False
ChaosNLI,reference_distribution,primary_saturating_validation,0.9,observed_max,50.0,0.002222222222222222,50,24,24,False,24.0,25.0,N95,27.0,0.8888888888888888,0.8571428571428571,0.9230769230769231,True,False,False
ChaosNLI,reference_distribution,primary_saturating_validation,0.9013567839195981,observed_max,50.0,0.002188771812454701,50,24,24,False,24.0,25.0,N95,27.0,0.8888888888888888,0.8571428571428571,0.9230769230769231,True,False,False
ChaosNLI,reference_distribution,primary_saturating_validation,0.9062814070351759,observed_max,50.0,0.002068200720820626,50,25,25,False,,,N95,27.0,0.9259259259259259,,,True,False,False
ChaosNLI,reference_distribution,primary_saturating_validation,0.9112060301507539,observed_max,50.0,0.0019489328847956742,50,26,26,False,,,N95,27.0,0.9629629629629629,,,True,False,False
ChaosNLI,reference_distribution,primary_saturating_validation,0.9161306532663317,observed_max,50.0,0.001830947287587076,50,27,27,False,,,N95,27.0,1.0,,,False,False,False
ChaosNLI,reference_distribution,primary_saturating_validation,0.9210552763819095,observed_max,50.0,0.001714223361885537,50,28,28,False,,,N95,27.0,1.037037037037037,,,False,False,False
ChaosNLI,reference_distribution,primary_saturating_validation,0.9259798994974875,observed_max,50.0,0.001598740977912844,50,29,29,False,,,N95,27.0,1.0740740740740742,,,False,False,False
ChaosNLI,reference_distribution,primary_saturating_validation,0.9309045226130653,observed_max,50.0,0.0014844804318488527,50,30,30,False,,,N95,27.0,1.1111111111111112,,,False,False,False
ChaosNLI,reference_distribution,primary_saturating_validation,0.9358291457286433,observed_max,50.0,0.0013714224346238508,50,31,31,False,,,N95,27.0,1.1481481481481481,,,False,False,False
ChaosNLI,reference_distribution,primary_saturating_validation,0.9407537688442211,observed_max,50.0,0.0012595481010629769,50,32,32,False,,,N95,27.0,1.1851851851851851,,,False,False,False
ChaosNLI,reference_distribution,primary_saturating_validation,0.9456783919597991,observed_max,50.0,0.001148838939369784,50,34,34,False,,,N95,27.0,1.2592592592592593,,,False,False,False
ChaosNLI,reference_distribution,primary_saturating_validation,0.9506030150753769,observed_max,50.0,0.0010392768409367228,50,36,36,False,,,N95,27.0,1.3333333333333333,,,False,False,False
ChaosNLI,reference_distribution,primary_saturating_validation,0.9555276381909548,observed_max,50.0,0.0009308440704706813,50,38,38,False,,,N95,27.0,1.4074074074074074,,,False,False,False
ChaosNLI,reference_distribution,primary_saturating_validation,0.9604522613065327,observed_max,50.0,0.0008235232564223292,50,40,40,False,,,N95,27.0,1.4814814814814814,,,False,False,False
ChaosNLI,reference_distribution,primary_saturating_validation,0.9653768844221106,observed_max,50.0,0.0007172973817083961,50,43,43,False,,,N95,27.0,1.5925925925925926,,,False,False,False
ChaosNLI,reference_distribution,primary_saturating_validation,0.9703015075376885,observed_max,50.0,0.000612149774716452,50,47,47,False,,,N95,27.0,1.7407407407407407,,,False,False,False
ChaosNLI,reference_distribution,primary_saturating_validation,0.9752261306532664,observed_max,50.0,0.0005080641005822637,50,50,51,True,,,N95,27.0,1.8518518518518519,,,False,False,False
ChaosNLI,reference_distribution,primary_saturating_validation,0.9801507537688443,observed_max,50.0,0.00040502435273006746,50,50,57,True,,,N95,27.0,1.8518518518518519,,,False,False,False
ChaosNLI,reference_distribution,primary_saturating_validation,0.9850753768844221,observed_max,50.0,0.0003030148446666319,50,50,66,True,,,N95,27.0,1.8518518518518519,,,False,False,False
ChaosNLI,reference_distribution,primary_saturating_validation,0.99,observed_max,50.0,0.0002020202020202022,50,50,81,True,,,N95,27.0,1.8518518518518519,,,False,False,False
ChaosNLI,reference_distribution,primary_saturating_validation,0.25,N95,27.0,0.1111111111111111,27,3,3,False,3.0,3.0,N95,27.0,0.1111111111111111,0.10344827586206896,0.11538461538461539,True,False,False
ChaosNLI,reference_distribution,primary_saturating_validation,0.5,N95,27.0,0.037037037037037035,27,6,6,False,6.0,6.0,N95,27.0,0.2222222222222222,0.20689655172413793,0.23076923076923078,True,False,False
ChaosNLI,reference_distribution,primary_saturating_validation,0.75,N95,27.0,0.012345679012345678,27,10,10,False,10.0,11.0,N95,27.0,0.37037037037037035,0.35714285714285715,0.38461538461538464,True,False,False
ChaosNLI,reference_distribution,primary_saturating_validation,0.9,N95,27.0,0.004115226337448558,27,18,18,False,17.0,19.0,N95,27.0,0.6666666666666666,0.6428571428571429,0.6666666666666666,True,False,False
ChaosNLI,reference_distribution,primary_saturating_validation,0.25,fixed_cap_50,50.0,0.06,50,4,4,False,4.0,4.0,N95,27.0,0.14814814814814814,0.13793103448275862,0.15384615384615385,True,False,False
ChaosNLI,reference_distribution,primary_saturating_validation,0.5,fixed_cap_50,50.0,0.02,50,8,8,False,8.0,8.0,N95,27.0,0.2962962962962963,0.27586206896551724,0.3076923076923077,True,False,False
ChaosNLI,reference_distribution,primary_saturating_validation,0.75,fixed_cap_50,50.0,0.006666666666666667,50,14,14,False,14.0,14.0,N95,27.0,0.5185185185185185,0.4827586206896552,0.5384615384615384,True,False,False
ChaosNLI,reference_distribution,primary_saturating_validation,0.9,fixed_cap_50,50.0,0.002222222222222222,50,24,24,False,24.0,25.0,N95,27.0,0.8888888888888888,0.8571428571428571,0.9230769230769231,True,False,False
Snapshot_Serengeti,gold_accuracy,boundary_field_extrapolation,0.01,observed_max,21.0,4.714285714285714,21,1,1,False,,,N95,47.0,0.02127659574468085,,,True,False,False
Snapshot_Serengeti,gold_accuracy,boundary_field_extrapolation,0.014924623115577889,observed_max,21.0,3.1430174763508103,21,1,1,False,,,N95,47.0,0.02127659574468085,,,True,False,False
Snapshot_Serengeti,gold_accuracy,boundary_field_extrapolation,0.01984924623115578,observed_max,21.0,2.3514165159734777,21,1,1,False,,,N95,47.0,0.02127659574468085,,,True,False,False
Snapshot_Serengeti,gold_accuracy,boundary_field_extrapolation,0.024773869346733667,observed_max,21.0,1.874529121993625,21,1,1,False,,,N95,47.0,0.02127659574468085,,,True,False,False
Snapshot_Serengeti,gold_accuracy,boundary_field_extrapolation,0.029698492462311557,observed_max,21.0,1.5557972766094594,21,1,1,False,,,N95,47.0,0.02127659574468085,,,True,False,False
Snapshot_Serengeti,gold_accuracy,boundary_field_extrapolation,0.03462311557788945,observed_max,21.0,1.3277351579238372,21,1,1,False,,,N95,47.0,0.02127659574468085,,,True,False,False
Snapshot_Serengeti,gold_accuracy,boundary_field_extrapolation,0.03954773869346734,observed_max,21.0,1.1564712288981667,21,1,1,False,,,N95,47.0,0.02127659574468085,,,True,False,False
Snapshot_Serengeti,gold_accuracy,boundary_field_extrapolation,0.04447236180904523,observed_max,21.0,1.0231369383911755,21,1,1,False,,,N95,47.0,0.02127659574468085,,,True,False,False
Snapshot_Serengeti,gold_accuracy,boundary_field_extrapolation,0.04939698492462312,observed_max,21.0,0.9163881218815095,21,1,1,False,,,N95,47.0,0.02127659574468085,,,True,False,False
Snapshot_Serengeti,gold_accuracy,boundary_field_extrapolation,0.05432160804020101,observed_max,21.0,0.82899431743095,21,1,1,False,,,N95,47.0,0.02127659574468085,,,True,False,False
Snapshot_Serengeti,gold_accuracy,boundary_field_extrapolation,0.0592462311557789,observed_max,21.0,0.7561290843733591,21,1,1,False,,,N95,47.0,0.02127659574468085,,,True,False,False
Snapshot_Serengeti,gold_accuracy,boundary_field_extrapolation,0.06417085427135678,observed_max,21.0,0.694447551926017,21,1,1,False,,,N95,47.0,0.02127659574468085,,,True,False,False
Snapshot_Serengeti,gold_accuracy,boundary_field_extrapolation,0.06909547738693467,observed_max,21.0,0.6415584415584416,21,1,1,False,,,N95,47.0,0.02127659574468085,,,True,False,False
Snapshot_Serengeti,gold_accuracy,boundary_field_extrapolation,0.07402010050251256,observed_max,21.0,0.595706850289335,21,1,1,False,,,N95,47.0,0.02127659574468085,,,True,False,False
Snapshot_Serengeti,gold_accuracy,boundary_field_extrapolation,0.07894472361809045,observed_max,21.0,0.5555757630869025,21,1,1,False,,,N95,47.0,0.02127659574468085,,,True,False,False
Snapshot_Serengeti,gold_accuracy,boundary_field_extrapolation,0.08386934673366835,observed_max,21.0,0.5201574937944021,21,1,1,False,,,N95,47.0,0.02127659574468085,,,True,False,False
Snapshot_Serengeti,gold_accuracy,boundary_field_extrapolation,0.08879396984924623,observed_max,21.0,0.48866790632495216,21,1,1,False,,,N95,47.0,0.02127659574468085,,,True,False,False
Snapshot_Serengeti,gold_accuracy,boundary_field_extrapolation,0.09371859296482411,observed_max,21.0,0.46048768032682247,21,1,1,False,,,N95,47.0,0.02127659574468085,,,True,False,False
Snapshot_Serengeti,gold_accuracy,boundary_field_extrapolation,0.09864321608040201,observed_max,21.0,0.43512117022050795,21,1,1,False,,,N95,47.0,0.02127659574468085,,,True,False,False
Snapshot_Serengeti,gold_accuracy,boundary_field_extrapolation,0.1035678391959799,observed_max,21.0,0.4121670016866524,21,1,1,False,,,N95,47.0,0.02127659574468085,,,True,False,False
Snapshot_Serengeti,gold_accuracy,boundary_field_extrapolation,0.10849246231155779,observed_max,21.0,0.3912966761507753,21,1,1,False,,,N95,47.0,0.02127659574468085,,,True,False,False
Snapshot_Serengeti,gold_accuracy,boundary_field_extrapolation,0.11341708542713567,observed_max,21.0,0.37223874928792966,21,1,1,False,,,N95,47.0,0.02127659574468085,,,True,False,False
Snapshot_Serengeti,gold_accuracy,boundary_field_extrapolation,0.11834170854271357,observed_max,21.0,0.3547669598625013,21,1,1,False,,,N95,47.0,0.02127659574468085,,,True,False,False
Snapshot_Serengeti,gold_accuracy,boundary_field_extrapolation,0.12326633165829146,observed_max,21.0,0.3386912041620562,21,1,1,False,,,N95,47.0,0.02127659574468085,,,True,False,False
Snapshot_Serengeti,gold_accuracy,boundary_field_extrapolation,0.12819095477386935,observed_max,21.0,0.32385059080472645,21,1,1,False,,,N95,47.0,0.02127659574468085,,,True,False,False
Snapshot_Serengeti,gold_accuracy,boundary_field_extrapolation,0.13311557788944725,observed_max,21.0,0.3101080371748548,21,1,1,False,,,N95,47.0,0.02127659574468085,,,True,False,False
Snapshot_Serengeti,gold_accuracy,boundary_field_extrapolation,0.13804020100502515,observed_max,21.0,0.2973460225007367,21,1,1,False,,,N95,47.0,0.02127659574468085,,,True,False,False
Snapshot_Serengeti,gold_accuracy,boundary_field_extrapolation,0.14296482412060302,observed_max,21.0,0.2854632186793874,21,2,2,False,,,N95,47.0,0.0425531914893617,,,True,False,False
Snapshot_Serengeti,gold_accuracy,boundary_field_extrapolation,0.14788944723618092,observed_max,21.0,0.2743717942494701,21,2,2,False,,,N95,47.0,0.0425531914893617,,,True,False,False
Snapshot_Serengeti,gold_accuracy,boundary_field_extrapolation,0.1528140703517588,observed_max,21.0,0.26399523966113897,21,2,2,False,,,N95,47.0,0.0425531914893617,,,True,False,False
Snapshot_Serengeti,gold_accuracy,boundary_field_extrapolation,0.1577386934673367,observed_max,21.0,0.25426659991808126,21,2,2,False,,,N95,47.0,0.0425531914893617,,,True,False,False
Snapshot_Serengeti,gold_accuracy,boundary_field_extrapolation,0.16266331658291458,observed_max,21.0,0.24512702825955837,21,2,2,False,,,N95,47.0,0.0425531914893617,,,True,False,False
Snapshot_Serengeti,gold_accuracy,boundary_field_extrapolation,0.16758793969849248,observed_max,21.0,0.2365245948454344,21,2,2,False,,,N95,47.0,0.0425531914893617,,,True,False,False
Snapshot_Serengeti,gold_accuracy,boundary_field_extrapolation,0.17251256281407037,observed_max,21.0,0.22841329948816108,21,2,2,False,,,N95,47.0,0.0425531914893617,,,True,False,False
Snapshot_Serengeti,gold_accuracy,boundary_field_extrapolation,0.17743718592964824,observed_max,21.0,0.22075224878963198,21,2,2,False,,,N95,47.0,0.0425531914893617,,,True,False,False
Snapshot_Serengeti,gold_accuracy,boundary_field_extrapolation,0.18236180904522614,observed_max,21.0,0.21350496660499416,21,2,2,False,,,N95,47.0,0.0425531914893617,,,True,False,False
Snapshot_Serengeti,gold_accuracy,boundary_field_extrapolation,0.18728643216080404,observed_max,21.0,0.20663881329295866,21,2,2,False,,,N95,47.0,0.0425531914893617,,,True,False,False
Snapshot_Serengeti,gold_accuracy,boundary_field_extrapolation,0.19221105527638194,observed_max,21.0,0.2001244942421413,21,2,2,False,,,N95,47.0,0.0425531914893617,,,True,False,False
Snapshot_Serengeti,gold_accuracy,boundary_field_extrapolation,0.1971356783919598,observed_max,21.0,0.1939356420620759,21,2,2,False,,,N95,47.0,0.0425531914893617,,,True,False,False
Snapshot_Serengeti,gold_accuracy,boundary_field_extrapolation,0.2020603015075377,observed_max,21.0,0.18804845987138946,21,2,2,False,,,N95,47.0,0.0425531914893617,,,True,False,False
Snapshot_Serengeti,gold_accuracy,boundary_field_extrapolation,0.2069849246231156,observed_max,21.0,0.1824414155076937,21,2,2,False,,,N95,47.0,0.0425531914893617,,,True,False,False
Snapshot_Serengeti,gold_accuracy,boundary_field_extrapolation,0.21190954773869347,observed_max,21.0,0.17709497837550955,21,2,2,False,,,N95,47.0,0.0425531914893617,,,True,False,False
Snapshot_Serengeti,gold_accuracy,boundary_field_extrapolation,0.21683417085427137,observed_max,21.0,0.17199139215361692,21,2,2,False,,,N95,47.0,0.0425531914893617,,,True,False,False
Snapshot_Serengeti,gold_accuracy,boundary_field_extrapolation,0.22175879396984927,observed_max,21.0,0.1671144777874893,21,2,2,False,,,N95,47.0,0.0425531914893617,,,True,False,False
Snapshot_Serengeti,gold_accuracy,boundary_field_extrapolation,0.22668341708542716,observed_max,21.0,0.16244946216127767,21,2,2,False,,,N95,47.0,0.0425531914893617,,,True,False,False
Snapshot_Serengeti,gold_accuracy,boundary_field_extrapolation,0.23160804020100503,observed_max,21.0,0.15798282862722002,21,3,3,False,,,N95,47.0,0.06382978723404255,,,True,False,False
Snapshot_Serengeti,gold_accuracy,boundary_field_extrapolation,0.23653266331658293,observed_max,21.0,0.1537021862069663,21,3,3,False,,,N95,47.0,0.06382978723404255,,,True,False,False
Snapshot_Serengeti,gold_accuracy,boundary_field_extrapolation,0.24145728643216083,observed_max,21.0,0.1495961547990684,21,3,3,False,,,N95,47.0,0.06382978723404255,,,True,False,False
Snapshot_Serengeti,gold_accuracy,boundary_field_extrapolation,0.2463819095477387,observed_max,21.0,0.1456542641531424,21,3,3,False,,,N95,47.0,0.06382978723404255,,,True,False,False
Snapshot_Serengeti,gold_accuracy,boundary_field_extrapolation,0.25,observed_max,21.0,0.14285714285714285,21,3,3,False,3.0,3.0,N95,47.0,0.06382978723404255,0.05172413793103448,0.075,True,False,False
Snapshot_Serengeti,gold_accuracy,boundary_field_extrapolation,0.2513065326633166,observed_max,21.0,0.14186686472229362,21,3,3,False,3.0,3.0,N95,47.0,0.06382978723404255,0.05172413793103448,0.075,True,False,False
Snapshot_Serengeti,gold_accuracy,boundary_field_extrapolation,0.2562311557788945,observed_max,21.0,0.1382250487957489,21,3,3,False,,,N95,47.0,0.06382978723404255,,,True,False,False
Snapshot_Serengeti,gold_accuracy,boundary_field_extrapolation,0.2611557788944724,observed_max,21.0,0.1347205805547156,21,3,3,False,,,N95,47.0,0.06382978723404255,,,True,False,False
Snapshot_Serengeti,gold_accuracy,boundary_field_extrapolation,0.2660804020100503,observed_max,21.0,0.13134583389540894,21,3,3,False,,,N95,47.0,0.06382978723404255,,,True,False,False
Snapshot_Serengeti,gold_accuracy,boundary_field_extrapolation,0.2710050251256282,observed_max,21.0,0.1280937370312486,21,3,3,False,,,N95,47.0,0.06382978723404255,,,True,False,False
Snapshot_Serengeti,gold_accuracy,boundary_field_extrapolation,0.275929648241206,observed_max,21.0,0.12495772302729143,21,3,3,False,,,N95,47.0,0.06382978723404255,,,True,False,False
Snapshot_Serengeti,gold_accuracy,boundary_field_extrapolation,0.2808542713567839,observed_max,21.0,0.1219316855387709,21,3,3,False,,,N95,47.0,0.06382978723404255,,,True,False,False
Snapshot_Serengeti,gold_accuracy,boundary_field_extrapolation,0.2857788944723618,observed_max,21.0,0.11900993912599328,21,3,3,False,,,N95,47.0,0.06382978723404255,,,True,False,False
Snapshot_Serengeti,gold_accuracy,boundary_field_extrapolation,0.2907035175879397,observed_max,21.0,0.11618718360291393,21,3,3,False,,,N95,47.0,0.06382978723404255,,,True,False,False
Snapshot_Serengeti,gold_accuracy,boundary_field_extrapolation,0.2956281407035176,observed_max,21.0,0.11345847194903798,21,3,3,False,,,N95,47.0,0.06382978723404255,,,True,False,False
Snapshot_Serengeti,gold_accuracy,boundary_field_extrapolation,0.3005527638190955,observed_max,21.0,0.11081918137594444,21,3,3,False,,,N95,47.0,0.06382978723404255,,,True,False,False
Snapshot_Serengeti,gold_accuracy,boundary_field_extrapolation,0.3054773869346734,observed_max,21.0,0.10826498719244235,21,3,3,False,,,N95,47.0,0.06382978723404255,,,True,False,False
Snapshot_Serengeti,gold_accuracy,boundary_field_extrapolation,0.31040201005025125,observed_max,21.0,0.10579183915755067,21,3,3,False,,,N95,47.0,0.06382978723404255,,,True,False,False
Snapshot_Serengeti,gold_accuracy,boundary_field_extrapolation,0.31532663316582915,observed_max,21.0,0.1033959400493265,21,3,3,False,,,N95,47.0,0.06382978723404255,,,True,False,False
Snapshot_Serengeti,gold_accuracy,boundary_field_extrapolation,0.32025125628140705,observed_max,21.0,0.10107372621102417,21,3,3,False,,,N95,47.0,0.06382978723404255,,,True,False,False
Snapshot_Serengeti,gold_accuracy,boundary_field_extrapolation,0.32517587939698495,observed_max,21.0,0.0988218498649653,21,4,4,False,,,N95,47.0,0.0851063829787234,,,True,False,False
Snapshot_Serengeti,gold_accuracy,boundary_field_extrapolation,0.33010050251256284,observed_max,21.0,0.096637163009518,21,4,4,False,,,N95,47.0,0.0851063829787234,,,True,False,False
Snapshot_Serengeti,gold_accuracy,boundary_field_extrapolation,0.33502512562814074,observed_max,21.0,0.09451670273629176,21,4,4,False,,,N95,47.0,0.0851063829787234,,,True,False,False
Snapshot_Serengeti,gold_accuracy,boundary_field_extrapolation,0.33994974874371864,observed_max,21.0,0.09245767782353147,21,4,4,False,,,N95,47.0,0.0851063829787234,,,True,False,False
Snapshot_Serengeti,gold_accuracy,boundary_field_extrapolation,0.3448743718592965,observed_max,21.0,0.09045745647814714,21,4,4,False,,,N95,47.0,0.0851063829787234,,,True,False,False
Snapshot_Serengeti,gold_accuracy,boundary_field_extrapolation,0.3497989949748744,observed_max,21.0,0.08851355511318161,21,4,4,False,,,N95,47.0,0.0851063829787234,,,True,False,False
Snapshot_Serengeti,gold_accuracy,boundary_field_extrapolation,0.3547236180904523,observed_max,21.0,0.08662362806009213,21,4,4,False,,,N95,47.0,0.0851063829787234,,,True,False,False
Snapshot_Serengeti,gold_accuracy,boundary_field_extrapolation,0.3596482412060302,observed_max,21.0,0.08478545812624336,21,4,4,False,,,N95,47.0,0.0851063829787234,,,True,False,False
Snapshot_Serengeti,gold_accuracy,boundary_field_extrapolation,0.36457286432160807,observed_max,21.0,0.08299694791769222,21,4,4,False,,,N95,47.0,0.0851063829787234,,,True,False,False
Snapshot_Serengeti,gold_accuracy,boundary_field_extrapolation,0.36949748743718597,observed_max,21.0,0.08125611185586705,21,4,4,False,,,N95,47.0,0.0851063829787234,,,True,False,False
Snapshot_Serengeti,gold_accuracy,boundary_field_extrapolation,0.37442211055276386,observed_max,21.0,0.07956106882425495,21,4,4,False,,,N95,47.0,0.0851063829787234,,,True,False,False
Snapshot_Serengeti,gold_accuracy,boundary_field_extrapolation,0.3793467336683417,observed_max,21.0,0.07791003538784702,21,4,4,False,,,N95,47.0,0.0851063829787234,,,True,False,False
Snapshot_Serengeti,gold_accuracy,boundary_field_extrapolation,0.3842713567839196,observed_max,21.0,0.07630131953395979,21,4,4,False,,,N95,47.0,0.0851063829787234,,,True,False,False
Snapshot_Serengeti,gold_accuracy,boundary_field_extrapolation,0.3891959798994975,observed_max,21.0,0.07473331488825355,21,4,4,False,,,N95,47.0,0.0851063829787234,,,True,False,False
Snapshot_Serengeti,gold_accuracy,boundary_field_extrapolation,0.3941206030150754,observed_max,21.0,0.07320449536438314,21,4,4,False,,,N95,47.0,0.0851063829787234,,,True,False,False
Snapshot_Serengeti,gold_accuracy,boundary_field_extrapolation,0.3990452261306533,observed_max,21.0,0.07171341020982124,21,4,4,False,,,N95,47.0,0.0851063829787234,,,True,False,False
Snapshot_Serengeti,gold_accuracy,boundary_field_extrapolation,0.4039698492462312,observed_max,21.0,0.070258679414047,21,4,4,False,,,N95,47.0,0.0851063829787234,,,True,False,False
Snapshot_Serengeti,gold_accuracy,boundary_field_extrapolation,0.4088944723618091,observed_max,21.0,0.0688389894485507,21,5,5,False,,,N95,47.0,0.10638297872340426,,,True,False,False
Snapshot_Serengeti,gold_accuracy,boundary_field_extrapolation,0.41381909547738693,observed_max,21.0,0.0674530893110128,21,5,5,False,,,N95,47.0,0.10638297872340426,,,True,False,False
Snapshot_Serengeti,gold_accuracy,boundary_field_extrapolation,0.41874371859296483,observed_max,21.0,0.06609978684861681,21,5,5,False,,,N95,47.0,0.10638297872340426,,,True,False,False
Snapshot_Serengeti,gold_accuracy,boundary_field_extrapolation,0.42366834170854273,observed_max,21.0,0.06477794533778403,21,5,5,False,,,N95,47.0,0.10638297872340426,,,True,False,False
Snapshot_Serengeti,gold_accuracy,boundary_field_extrapolation,0.4285929648241206,observed_max,21.0,0.06348648029970576,21,5,5,False,,,N95,47.0,0.10638297872340426,,,True,False,False
Snapshot_Serengeti,gold_accuracy,boundary_field_extrapolation,0.4335175879396985,observed_max,21.0,0.06222435653292266,21,5,5,False,,,N95,47.0,0.10638297872340426,,,True,False,False
Snapshot_Serengeti,gold_accuracy,boundary_field_extrapolation,0.4384422110552764,observed_max,21.0,0.0609905853458862,21,5,5,False,,,N95,47.0,0.10638297872340426,,,True,False,False
Snapshot_Serengeti,gold_accuracy,boundary_field_extrapolation,0.4433668341708543,observed_max,21.0,0.05978422197395335,21,5,5,False,,,N95,47.0,0.10638297872340426,,,True,False,False
Snapshot_Serengeti,gold_accuracy,boundary_field_extrapolation,0.44829145728643216,observed_max,21.0,0.05860436316663197,21,5,5,False,,,N95,47.0,0.10638297872340426,,,True,False,False
Snapshot_Serengeti,gold_accuracy,boundary_field_extrapolation,0.45321608040201006,observed_max,21.0,0.05745014493212742,21,5,5,False,,,N95,47.0,0.10638297872340426,,,True,False,False
Snapshot_Serengeti,gold_accuracy,boundary_field_extrapolation,0.45814070351758795,observed_max,21.0,0.056320740427354445,21,5,5,False,,,N95,47.0,0.10638297872340426,,,True,False,False
Snapshot_Serengeti,gold_accuracy,boundary_field_extrapolation,0.46306532663316585,observed_max,21.0,0.05521535798258532,21,5,5,False,,,N95,47.0,0.10638297872340426,,,True,False,False
Snapshot_Serengeti,gold_accuracy,boundary_field_extrapolation,0.46798994974874375,observed_max,21.0,0.054133239250816825,21,5,5,False,,,N95,47.0,0.10638297872340426,,,True,False,False
Snapshot_Serengeti,gold_accuracy,boundary_field_extrapolation,0.47291457286432165,observed_max,21.0,0.0530736574727649,21,5,5,False,,,N95,47.0,0.10638297872340426,,,True,False,False
Snapshot_Serengeti,gold_accuracy,boundary_field_extrapolation,0.47783919597989954,observed_max,21.0,0.052035915849145416,21,5,5,False,,,N95,47.0,0.10638297872340426,,,True,False,False
Snapshot_Serengeti,gold_accuracy,boundary_field_extrapolation,0.4827638190954774,observed_max,21.0,0.05101934601258012,21,5,5,False,,,N95,47.0,0.10638297872340426,,,True,False,False
Snapshot_Serengeti,gold_accuracy,boundary_field_extrapolation,0.4876884422110553,observed_max,21.0,0.05002330659208558,21,6,6,False,,,N95,47.0,0.1276595744680851,,,True,False,False
Snapshot_Serengeti,gold_accuracy,boundary_field_extrapolation,0.4926130653266332,observed_max,21.0,0.04904718186366661,21,6,6,False,,,N95,47.0,0.1276595744680851,,,True,False,False
Snapshot_Serengeti,gold_accuracy,boundary_field_extrapolation,0.4975376884422111,observed_max,21.0,0.048090380481048085,21,6,6,False,6.0,6.0,N95,47.0,0.1276595744680851,0.10344827586206896,0.1464329268292683,True,False,False
Snapshot_Serengeti,gold_accuracy,boundary_field_extrapolation,0.5,observed_max,21.0,0.047619047619047616,21,6,6,False,6.0,6.0,N95,47.0,0.1276595744680851,0.10344827586206896,0.1464329268292683,True,False,False
Snapshot_Serengeti,gold_accuracy,boundary_field_extrapolation,0.502462311557789,observed_max,21.0,0.04715233428104715,21,6,6,False,6.0,6.0,N95,47.0,0.1276595744680851,0.10344827586206896,0.1464329268292683,True,False,False
Snapshot_Serengeti,gold_accuracy,boundary_field_extrapolation,0.5073869346733668,observed_max,21.0,0.04623249715851479,21,6,6,False,,,N95,47.0,0.1276595744680851,,,True,False,False
Snapshot_Serengeti,gold_accuracy,boundary_field_extrapolation,0.5123115577889448,observed_max,21.0,0.04533034400616548,21,6,6,False,,,N95,47.0,0.1276595744680851,,,True,False,False
Snapshot_Serengeti,gold_accuracy,boundary_field_extrapolation,0.5172361809045226,observed_max,21.0,0.044445369714970415,21,6,6,False,,,N95,47.0,0.1276595744680851,,,True,False,False
Snapshot_Serengeti,gold_accuracy,boundary_field_extrapolation,0.5221608040201006,observed_max,21.0,0.043577088231115745,21,6,6,False,,,N95,47.0,0.1276595744680851,,,True,False,False
Snapshot_Serengeti,gold_accuracy,boundary_field_extrapolation,0.5270854271356784,observed_max,21.0,0.042725031665826786,21,6,6,False,,,N95,47.0,0.1276595744680851,,,True,False,False
Snapshot_Serengeti,gold_accuracy,boundary_field_extrapolation,0.5320100502512564,observed_max,21.0,0.041888749454632127,21,6,6,False,,,N95,47.0,0.1276595744680851,,,True,False,False
Snapshot_Serengeti,gold_accuracy,boundary_field_extrapolation,0.5369346733668342,observed_max,21.0,0.04106780756289413,21,6,6,False,,,N95,47.0,0.1276595744680851,,,True,False,False
Snapshot_Serengeti,gold_accuracy,boundary_field_extrapolation,0.541859296482412,observed_max,21.0,0.04026178773466171,21,6,6,False,,,N95,47.0,0.1276595744680851,,,True,False,False
Snapshot_Serengeti,gold_accuracy,boundary_field_extrapolation,0.54678391959799,observed_max,21.0,0.039470286782114734,21,6,6,False,,,N95,47.0,0.1276595744680851,,,True,False,False
Snapshot_Serengeti,gold_accuracy,boundary_field_extrapolation,0.5517085427135678,observed_max,21.0,0.038692915913063466,21,6,6,False,,,N95,47.0,0.1276595744680851,,,True,False,False
Snapshot_Serengeti,gold_accuracy,boundary_field_extrapolation,0.5566331658291458,observed_max,21.0,0.03792930009414616,21,7,7,False,,,N95,47.0,0.14893617021276595,,,True,False,False
Snapshot_Serengeti,gold_accuracy,boundary_field_extrapolation,0.5615577889447236,observed_max,21.0,0.03717907744753382,21,7,7,False,,,N95,47.0,0.14893617021276595,,,True,False,False
Snapshot_Serengeti,gold_accuracy,boundary_field_extrapolation,0.5664824120603016,observed_max,21.0,0.03644189867910261,21,7,7,False,,,N95,47.0,0.14893617021276595,,,True,False,False
Snapshot_Serengeti,gold_accuracy,boundary_field_extrapolation,0.5714070351758794,observed_max,21.0,0.03571742653617598,21,7,7,False,,,N95,47.0,0.14893617021276595,,,True,False,False
Snapshot_Serengeti,gold_accuracy,boundary_field_extrapolation,0.5763316582914573,observed_max,21.0,0.035005335293067444,21,7,7,False,,,N95,47.0,0.14893617021276595,,,True,False,False
Snapshot_Serengeti,gold_accuracy,boundary_field_extrapolation,0.5812562814070352,observed_max,21.0,0.03430531026277545,21,7,7,False,,,N95,47.0,0.14893617021276595,,,True,False,False
Snapshot_Serengeti,gold_accuracy,boundary_field_extrapolation,0.5861809045226131,observed_max,21.0,0.03361704733329251,21,7,7,False,,,N95,47.0,0.14893617021276595,,,True,False,False
Snapshot_Serengeti,gold_accuracy,boundary_field_extrapolation,0.591105527638191,observed_max,21.0,0.03294025252709261,21,7,7,False,,,N95,47.0,0.14893617021276595,,,True,False,False
Snapshot_Serengeti,gold_accuracy,boundary_field_extrapolation,0.5960301507537689,observed_max,21.0,0.03227464158245711,21,7,7,False,,,N95,47.0,0.14893617021276595,,,True,False,False
Snapshot_Serengeti,gold_accuracy,boundary_field_extrapolation,0.6009547738693468,observed_max,21.0,0.031619939555385654,21,7,7,False,,,N95,47.0,0.14893617021276595,,,True,False,False
Snapshot_Serengeti,gold_accuracy,boundary_field_extrapolation,0.6058793969849247,observed_max,21.0,0.03097588044092149,21,7,7,False,,,N95,47.0,0.14893617021276595,,,True,False,False
Snapshot_Serengeti,gold_accuracy,boundary_field_extrapolation,0.6108040201005025,observed_max,21.0,0.03034220681279505,21,8,8,False,,,N95,47.0,0.1702127659574468,,,True,False,False
Snapshot_Serengeti,gold_accuracy,boundary_field_extrapolation,0.6157286432160805,observed_max,21.0,0.029718669480360487,21,8,8,False,,,N95,47.0,0.1702127659574468,,,True,False,False
Snapshot_Serengeti,gold_accuracy,boundary_field_extrapolation,0.6206532663316583,observed_max,21.0,0.029105027161864666,21,8,8,False,,,N95,47.0,0.1702127659574468,,,True,False,False
Snapshot_Serengeti,gold_accuracy,boundary_field_extrapolation,0.6255778894472362,observed_max,21.0,0.02850104617314834,21,8,8,False,,,N95,47.0,0.1702127659574468,,,True,False,False
Snapshot_Serengeti,gold_accuracy,boundary_field_extrapolation,0.6305025125628141,observed_max,21.0,0.02790650013093625,21,8,8,False,,,N95,47.0,0.1702127659574468,,,True,False,False
Snapshot_Serengeti,gold_accuracy,boundary_field_extrapolation,0.635427135678392,observed_max,21.0,0.027321169669924112,21,8,8,False,,,N95,47.0,0.1702127659574468,,,True,False,False
Snapshot_Serengeti,gold_accuracy,boundary_field_extrapolation,0.6403517587939699,observed_max,21.0,0.02674484217292033,21,8,8,False,,,N95,47.0,0.1702127659574468,,,True,False,False
Snapshot_Serengeti,gold_accuracy,boundary_field_extrapolation,0.6452763819095477,observed_max,21.0,0.026177311513344535,21,8,8,False,,,N95,47.0,0.1702127659574468,,,True,False,False
Snapshot_Serengeti,gold_accuracy,boundary_field_extrapolation,0.6502010050251257,observed_max,21.0,0.025618377809428116,21,8,8,False,,,N95,47.0,0.1702127659574468,,,True,False,False
Snapshot_Serengeti,gold_accuracy,boundary_field_extrapolation,0.6551256281407035,observed_max,21.0,0.025067847189500943,21,8,8,False,,,N95,47.0,0.1702127659574468,,,True,False,False
Snapshot_Serengeti,gold_accuracy,boundary_field_extrapolation,0.6600502512562815,observed_max,21.0,0.02452553156778508,21,8,8,False,,,N95,47.0,0.1702127659574468,,,True,False,False
Snapshot_Serengeti,gold_accuracy,boundary_field_extrapolation,0.6649748743718593,observed_max,21.0,0.02399124843015117,21,9,9,False,,,N95,47.0,0.19148936170212766,,,True,False,False
Snapshot_Serengeti,gold_accuracy,boundary_field_extrapolation,0.6698994974874373,observed_max,21.0,0.02346482062932441,21,9,9,False,,,N95,47.0,0.19148936170212766,,,True,False,False
Snapshot_Serengeti,gold_accuracy,boundary_field_extrapolation,0.6748241206030151,observed_max,21.0,0.022946076189057793,21,9,9,False,,,N95,47.0,0.19148936170212766,,,True,False,False
Snapshot_Serengeti,gold_accuracy,boundary_field_extrapolation,0.679748743718593,observed_max,21.0,0.022434848116817514,21,9,9,False,,,N95,47.0,0.19148936170212766,,,True,False,False
Snapshot_Serengeti,gold_accuracy,boundary_field_extrapolation,0.6846733668341709,observed_max,21.0,0.021930974224552202,21,9,9,False,,,N95,47.0,0.19148936170212766,,,True,False,False
Snapshot_Serengeti,gold_accuracy,boundary_field_extrapolation,0.6895979899497487,observed_max,21.0,0.021434296957141816,21,9,9,False,,,N95,47.0,0.19148936170212766,,,True,False,False
Snapshot_Serengeti,gold_accuracy,boundary_field_extrapolation,0.6945226130653267,observed_max,21.0,0.02094466322814488,21,9,9,False,,,N95,47.0,0.19148936170212766,,,True,False,False
Snapshot_Serengeti,gold_accuracy,boundary_field_extrapolation,0.6994472361809045,observed_max,21.0,0.020461924262484645,21,9,9,False,,,N95,47.0,0.19148936170212766,,,True,False,False
Snapshot_Serengeti,gold_accuracy,boundary_field_extrapolation,0.7043718592964825,observed_max,21.0,0.01998593544573425,21,10,10,False,,,N95,47.0,0.2127659574468085,,,True,False,False
Snapshot_Serengeti,gold_accuracy,boundary_field_extrapolation,0.7092964824120603,observed_max,21.0,0.01951655617968051,21,10,10,False,,,N95,47.0,0.2127659574468085,,,True,False,False
Snapshot_Serengeti,gold_accuracy,boundary_field_extrapolation,0.7142211055276382,observed_max,21.0,0.019053649743862932,21,10,10,False,,,N95,47.0,0.2127659574468085,,,True,False,False
Snapshot_Serengeti,gold_accuracy,boundary_field_extrapolation,0.7191457286432161,observed_max,21.0,0.018597083162801835,21,10,10,False,,,N95,47.0,0.2127659574468085,,,True,False,False
Snapshot_Serengeti,gold_accuracy,boundary_field_extrapolation,0.724070351758794,observed_max,21.0,0.01814672707864463,21,10,10,False,,,N95,47.0,0.2127659574468085,,,True,False,False
Snapshot_Serengeti,gold_accuracy,boundary_field_extrapolation,0.7289949748743719,observed_max,21.0,0.017702455628973855,21,10,10,False,,,N95,47.0,0.2127659574468085,,,True,False,False
Snapshot_Serengeti,gold_accuracy,boundary_field_extrapolation,0.7339195979899498,observed_max,21.0,0.017264146329534893,21,10,10,False,,,N95,47.0,0.2127659574468085,,,True,False,False
Snapshot_Serengeti,gold_accuracy,boundary_field_extrapolation,0.7388442211055277,observed_max,21.0,0.01683167996165343,21,11,11,False,,,N95,47.0,0.23404255319148937,,,True,False,False
Snapshot_Serengeti,gold_accuracy,boundary_field_extrapolation,0.7437688442211056,observed_max,21.0,0.01640494046412565,21,11,11,False,,,N95,47.0,0.23404255319148937,,,True,False,False
Snapshot_Serengeti,gold_accuracy,boundary_field_extrapolation,0.7486934673366834,observed_max,21.0,0.015983814829374936,21,11,11,False,10.0,12.0,N95,47.0,0.23404255319148937,0.2,0.2565476190476191,True,False,False
Snapshot_Serengeti,gold_accuracy,boundary_field_extrapolation,0.75,observed_max,21.0,0.015873015873015872,21,11,11,False,10.0,12.0,N95,47.0,0.23404255319148937,0.2,0.2565476190476191,True,False,False
Snapshot_Serengeti,gold_accuracy,boundary_field_extrapolation,0.7536180904522614,observed_max,21.0,0.015568193003680097,21,11,11,False,,,N95,47.0,0.23404255319148937,,,True,False,False
Snapshot_Serengeti,gold_accuracy,boundary_field_extrapolation,0.7585427135678392,observed_max,21.0,0.015157967791290083,21,11,11,False,,,N95,47.0,0.23404255319148937,,,True,False,False
Snapshot_Serengeti,gold_accuracy,boundary_field_extrapolation,0.7634673366834172,observed_max,21.0,0.014753034762249526,21,11,11,False,,,N95,47.0,0.23404255319148937,,,True,False,False
Snapshot_Serengeti,gold_accuracy,boundary_field_extrapolation,0.768391959798995,observed_max,21.0,0.014353292163768913,21,12,12,False,,,N95,47.0,0.2553191489361702,,,True,False,False
Snapshot_Serengeti,gold_accuracy,boundary_field_extrapolation,0.773316582914573,observed_max,21.0,0.01395864083498107,21,12,12,False,,,N95,47.0,0.2553191489361702,,,True,False,False
Snapshot_Serengeti,gold_accuracy,boundary_field_extrapolation,0.7782412060301508,observed_max,21.0,0.013568984124934274,21,12,12,False,,,N95,47.0,0.2553191489361702,,,True,False,False
Snapshot_Serengeti,gold_accuracy,boundary_field_extrapolation,0.7831658291457286,observed_max,21.0,0.013184227813679209,21,12,12,False,,,N95,47.0,0.2553191489361702,,,True,False,False
Snapshot_Serengeti,gold_accuracy,boundary_field_extrapolation,0.7880904522613066,observed_max,21.0,0.01280428003631472,21,12,12,False,,,N95,47.0,0.2553191489361702,,,True,False,False
Snapshot_Serengeti,gold_accuracy,boundary_field_extrapolation,0.7930150753768844,observed_max,21.0,0.012429051209863578,21,12,12,False,,,N95,47.0,0.2553191489361702,,,True,False,False
Snapshot_Serengeti,gold_accuracy,boundary_field_extrapolation,0.7979396984924624,observed_max,21.0,0.012058453962855998,21,13,13,False,,,N95,47.0,0.2765957446808511,,,True,False,False
Snapshot_Serengeti,gold_accuracy,boundary_field_extrapolation,0.8028643216080402,observed_max,21.0,0.011692403067504775,21,13,13,False,,,N95,47.0,0.2765957446808511,,,True,False,False
Snapshot_Serengeti,gold_accuracy,boundary_field_extrapolation,0.8077889447236182,observed_max,21.0,0.011330815374361248,21,13,13,False,,,N95,47.0,0.2765957446808511,,,True,False,False
Snapshot_Serengeti,gold_accuracy,boundary_field_extrapolation,0.812713567839196,observed_max,21.0,0.010973609749347087,21,13,13,False,,,N95,47.0,0.2765957446808511,,,True,False,False
Snapshot_Serengeti,gold_accuracy,boundary_field_extrapolation,0.8176381909547739,observed_max,21.0,0.01062070701306151,21,14,14,False,,,N95,47.0,0.2978723404255319,,,True,False,False
Snapshot_Serengeti,gold_accuracy,boundary_field_extrapolation,0.8225628140703518,observed_max,21.0,0.010272029882268744,21,14,14,False,,,N95,47.0,0.2978723404255319,,,True,False,False
Snapshot_Serengeti,gold_accuracy,boundary_field_extrapolation,0.8274874371859297,observed_max,21.0,0.009927502913474858,21,14,14,False,,,N95,47.0,0.2978723404255319,,,True,False,False
Snapshot_Serengeti,gold_accuracy,boundary_field_extrapolation,0.8324120603015076,observed_max,21.0,0.009587052448507319,21,14,14,False,,,N95,47.0,0.2978723404255319,,,True,False,False
Snapshot_Serengeti,gold_accuracy,boundary_field_extrapolation,0.8373366834170854,observed_max,21.0,0.009250606562015071,21,15,15,False,,,N95,47.0,0.3191489361702128,,,True,False,False
Snapshot_Serengeti,gold_accuracy,boundary_field_extrapolation,0.8422613065326634,observed_max,21.0,0.008918095010810236,21,15,15,False,,,N95,47.0,0.3191489361702128,,,True,False,False
Snapshot_Serengeti,gold_accuracy,boundary_field_extrapolation,0.8471859296482412,observed_max,21.0,0.008589449184976795,21,15,15,False,,,N95,47.0,0.3191489361702128,,,True,False,False
Snapshot_Serengeti,gold_accuracy,boundary_field_extrapolation,0.8521105527638191,observed_max,21.0,0.00826460206067448,21,16,16,False,,,N95,47.0,0.3404255319148936,,,True,False,False
Snapshot_Serengeti,gold_accuracy,boundary_field_extrapolation,0.857035175879397,observed_max,21.0,0.007943488154569946,21,16,16,False,,,N95,47.0,0.3404255319148936,,,True,False,False
Snapshot_Serengeti,gold_accuracy,boundary_field_extrapolation,0.8619597989949749,observed_max,21.0,0.007626043479829989,21,16,16,False,,,N95,47.0,0.3404255319148936,,,True,False,False
Snapshot_Serengeti,gold_accuracy,boundary_field_extrapolation,0.8668844221105528,observed_max,21.0,0.007312205503614693,21,17,17,False,,,N95,47.0,0.3617021276595745,,,True,False,False
Snapshot_Serengeti,gold_accuracy,boundary_field_extrapolation,0.8718090452261307,observed_max,21.0,0.007001913106011323,21,17,17,False,,,N95,47.0,0.3617021276595745,,,True,False,False
Snapshot_Serengeti,gold_accuracy,boundary_field_extrapolation,0.8767336683417086,observed_max,21.0,0.0066951065403521364,21,18,18,False,,,N95,47.0,0.3829787234042553,,,True,False,False
Snapshot_Serengeti,gold_accuracy,boundary_field_extrapolation,0.8816582914572865,observed_max,21.0,0.006391727394862189,21,18,18,False,,,N95,47.0,0.3829787234042553,,,True,False,False
Snapshot_Serengeti,gold_accuracy,boundary_field_extrapolation,0.8865829145728643,observed_max,21.0,0.0060917185555852465,21,18,18,False,,,N95,47.0,0.3829787234042553,,,True,False,False
Snapshot_Serengeti,gold_accuracy,boundary_field_extrapolation,0.8915075376884423,observed_max,21.0,0.005795024170538512,21,19,19,False,,,N95,47.0,0.40425531914893614,,,True,False,False
Snapshot_Serengeti,gold_accuracy,boundary_field_extrapolation,0.8964321608040201,observed_max,21.0,0.00550158961504889,21,19,19,False,,,N95,47.0,0.40425531914893614,,,True,False,False
Snapshot_Serengeti,gold_accuracy,boundary_field_extrapolation,0.9,observed_max,21.0,0.005291005291005289,21,20,20,False,19.0,21.0,N95,47.0,0.425531914893617,0.3620689655172414,0.475,True,False,False
Snapshot_Serengeti,gold_accuracy,boundary_field_extrapolation,0.9013567839195981,observed_max,21.0,0.005211361458225478,21,20,20,False,19.0,21.0,N95,47.0,0.425531914893617,0.3620689655172414,0.475,True,False,False
Snapshot_Serengeti,gold_accuracy,boundary_field_extrapolation,0.9062814070351759,observed_max,21.0,0.004924287430525301,21,21,21,False,,,N95,47.0,0.44680851063829785,,,True,False,False
Snapshot_Serengeti,gold_accuracy,boundary_field_extrapolation,0.9112060301507539,observed_max,21.0,0.004640316392370653,21,21,21,False,,,N95,47.0,0.44680851063829785,,,True,False,False
Snapshot_Serengeti,gold_accuracy,boundary_field_extrapolation,0.9161306532663317,observed_max,21.0,0.004359398303778753,21,21,22,True,,,N95,47.0,0.44680851063829785,,,True,False,False
Snapshot_Serengeti,gold_accuracy,boundary_field_extrapolation,0.9210552763819095,observed_max,21.0,0.0040814841949655635,21,21,23,True,,,N95,47.0,0.44680851063829785,,,True,False,False
Snapshot_Serengeti,gold_accuracy,boundary_field_extrapolation,0.9259798994974875,observed_max,21.0,0.003806526137887724,21,21,24,True,,,N95,47.0,0.44680851063829785,,,True,False,False
Snapshot_Serengeti,gold_accuracy,boundary_field_extrapolation,0.9309045226130653,observed_max,21.0,0.003534477218687745,21,21,25,True,,,N95,47.0,0.44680851063829785,,,True,False,False
Snapshot_Serengeti,gold_accuracy,boundary_field_extrapolation,0.9358291457286433,observed_max,21.0,0.003265291511009168,21,21,26,True,,,N95,47.0,0.44680851063829785,,,True,False,False
Snapshot_Serengeti,gold_accuracy,boundary_field_extrapolation,0.9407537688442211,observed_max,21.0,0.002998924050149945,21,21,27,True,,,N95,47.0,0.44680851063829785,,,True,False,False
Snapshot_Serengeti,gold_accuracy,boundary_field_extrapolation,0.9456783919597991,observed_max,21.0,0.002735330808023295,21,21,28,True,,,N95,47.0,0.44680851063829785,,,True,False,False
Snapshot_Serengeti,gold_accuracy,boundary_field_extrapolation,0.9506030150753769,observed_max,21.0,0.0024744686688969587,21,21,30,True,,,N95,47.0,0.44680851063829785,,,True,False,False
Snapshot_Serengeti,gold_accuracy,boundary_field_extrapolation,0.9555276381909548,observed_max,21.0,0.002216295405882574,21,21,31,True,,,N95,47.0,0.44680851063829785,,,True,False,False
Snapshot_Serengeti,gold_accuracy,boundary_field_extrapolation,0.9604522613065327,observed_max,21.0,0.0019607696581484028,21,21,34,True,,,N95,47.0,0.44680851063829785,,,True,False,False
Snapshot_Serengeti,gold_accuracy,boundary_field_extrapolation,0.9653768844221106,observed_max,21.0,0.0017078509088295144,21,21,36,True,,,N95,47.0,0.44680851063829785,,,True,False,False
Snapshot_Serengeti,gold_accuracy,boundary_field_extrapolation,0.9703015075376885,observed_max,21.0,0.0014574994636106,21,21,39,True,,,N95,47.0,0.44680851063829785,,,True,False,False
Snapshot_Serengeti,gold_accuracy,boundary_field_extrapolation,0.9752261306532664,observed_max,21.0,0.0012096764299577706,21,21,43,True,,,N95,47.0,0.44680851063829785,,,True,False,False
Snapshot_Serengeti,gold_accuracy,boundary_field_extrapolation,0.9801507537688443,observed_max,21.0,0.000964343696976351,21,21,48,True,,,N95,47.0,0.44680851063829785,,,True,False,False
Snapshot_Serengeti,gold_accuracy,boundary_field_extrapolation,0.9850753768844221,observed_max,21.0,0.0007214639158729329,21,21,56,True,,,N95,47.0,0.44680851063829785,,,True,False,False
Snapshot_Serengeti,gold_accuracy,boundary_field_extrapolation,0.99,observed_max,21.0,0.00048100048100048145,21,21,69,True,,,N95,47.0,0.44680851063829785,,,True,False,False
Snapshot_Serengeti,gold_accuracy,boundary_field_extrapolation,0.25,N95,47.0,0.06382978723404255,47,5,5,False,4.0,6.0,N95,47.0,0.10638297872340426,0.09090909090909091,0.11363636363636363,True,False,False
Snapshot_Serengeti,gold_accuracy,boundary_field_extrapolation,0.5,N95,47.0,0.02127659574468085,47,9,9,False,8.0,11.0,N95,47.0,0.19148936170212766,0.1875,0.20930232558139536,True,False,False
Snapshot_Serengeti,gold_accuracy,boundary_field_extrapolation,0.75,N95,47.0,0.0070921985815602835,47,17,17,False,15.0,21.0,N95,47.0,0.3617021276595745,0.35185185185185186,0.375,True,False,False
Snapshot_Serengeti,gold_accuracy,boundary_field_extrapolation,0.9,N95,47.0,0.002364066193853427,47,30,30,False,26.0,37.0,N95,47.0,0.6382978723404256,0.6363636363636364,0.6590909090909091,True,False,False
Snapshot_Serengeti,gold_accuracy,boundary_field_extrapolation,0.25,fixed_cap_50,50.0,0.06,50,5,5,False,5.0,5.0,N95,47.0,0.10638297872340426,0.08620689655172414,0.125,True,False,True
Snapshot_Serengeti,gold_accuracy,boundary_field_extrapolation,0.5,fixed_cap_50,50.0,0.02,50,10,10,False,9.0,10.0,N95,47.0,0.2127659574468085,0.1724137931034483,0.225,True,False,True
Snapshot_Serengeti,gold_accuracy,boundary_field_extrapolation,0.75,fixed_cap_50,50.0,0.006666666666666667,50,18,18,False,16.0,19.0,N95,47.0,0.3829787234042553,0.3278617863199548,0.4146341463414634,True,False,True
Snapshot_Serengeti,gold_accuracy,boundary_field_extrapolation,0.9,fixed_cap_50,50.0,0.002222222222222222,50,31,31,False,29.0,34.025000000000006,N95,47.0,0.6595744680851063,0.6032743496672717,0.7317073170731707,True,False,True
