{
  "metadata": {
    "source": "Snow et al. (2008) EMNLP — digitized figures",
    "timestamp": "1970-01-01 00:00:00",
    "runtime_sec": 0.0,
    "utility_definition": "U(N) = λC(N) - (1-λ)N/N_max [Bingöl-unified]",
    "lambda_values": [
      0.3,
      0.5,
      0.7,
      0.9
    ],
    "epsilon_threshold": 0.005
  },
  "PS_S1_ceiling_fit": {
    "Affect_avg": {
      "fits": {
        "InvSqrt": {
          "params": [
            0.7932972616333887,
            0.4428441392761498
          ],
          "r2": 0.9432835763498021,
          "aic": -73.93056014316598,
          "bic": -73.53611098849353,
          "ceiling": 0.7932972616333887
        },
        "Exponential": {
          "params": [
            0.6369996189887702,
            0.6344989436280001
          ],
          "r2": 0.7821856813672314,
          "aic": -61.82034803680375,
          "bic": -61.425898882131314,
          "ceiling": 0.6369996189887702
        },
        "Logistic": {
          "params": [
            0.9700559043162171,
            0.09398852560590061,
            1.0000000000002192
          ],
          "r2": 0.9863019215288439,
          "aic": -84.71783450213027,
          "bic": -84.12616077012161,
          "ceiling": 0.9700559043162171
        },
        "Michaelis": {
          "params": [
            0.7182573594096903,
            1.0170495204699384
          ],
          "r2": 0.9320299050161488,
          "aic": -72.3015241317264,
          "bic": -71.90707497705395,
          "ceiling": 0.7182573594096903
        },
        "Logarithmic": {
          "params": [
            0.4133416906501891,
            0.10850635708069686
          ],
          "r2": 0.9836174523320864,
          "aic": -85.10718517637525,
          "bic": -84.71273602170281,
          "ceiling": 0.4133416906501891
        }
      },
      "best_model": "Logarithmic",
      "N_max": 50.0,
      "alpha_bound": 0.85
    },
    "RTE": {
      "fits": {
        "InvSqrt": {
          "params": [
            1.0267883788067718,
            0.4379747150784621
          ],
          "r2": 0.9820316268014113,
          "aic": -84.83694546094267,
          "bic": -84.44249630627023,
          "ceiling": 1.0267883788067718
        },
        "Exponential": {
          "params": [
            0.864890003055918,
            0.8112258825431542
          ],
          "r2": 0.8033331826781599,
          "aic": -63.30086484411186,
          "bic": -62.90641568943942,
          "ceiling": 0.864890003055918
        },
        "Logistic": {
          "params": [
            1.457015673304639,
            0.05700902337363418,
            1.0000000000000002
          ],
          "r2": 0.9453357719388482,
          "aic": -72.82357820687078,
          "bic": -72.23190447486212,
          "ceiling": 1.457015673304639
        },
        "Michaelis": {
          "params": [
            0.9412071354079294,
            0.6419309897217107
          ],
          "r2": 0.9675808704123787,
          "aic": -79.52572596112007,
          "bic": -79.13127680644763,
          "ceiling": 0.9412071354079294
        },
        "Logarithmic": {
          "params": [
            0.6535438435493961,
            0.10580387686867565
          ],
          "r2": 0.9954190310356021,
          "aic": -97.13726911232669,
          "bic": -96.74281995765425,
          "ceiling": 0.6535438435493961
        }
      },
      "best_model": "Logarithmic",
      "N_max": 50.0,
      "alpha_bound": 1.0
    },
    "Temp_Ordering": {
      "fits": {
        "InvSqrt": {
          "params": [
            1.150066877930026,
            0.6547135729265565
          ],
          "r2": 0.978257577963965,
          "aic": -75.84976191089272,
          "bic": -75.45531275622028,
          "ceiling": 1.150066877930026
        },
        "Exponential": {
          "params": [
            0.9202587105750021,
            0.6223583574885905
          ],
          "r2": 0.9116542070751719,
          "aic": -63.23182225893795,
          "bic": -62.83737310426552,
          "ceiling": 0.9202587105750021
        },
        "Logistic": {
          "params": [
            1.4064719040560454,
            0.09033874570427287,
            1.00000000000002
          ],
          "r2": 0.8951486890474049,
          "aic": -59.690260129543944,
          "bic": -59.098586397535286,
          "ceiling": 1.4064719040560454
        },
        "Michaelis": {
          "params": [
            1.0377195384608358,
            1.035848761568228
          ],
          "r2": 0.9777915968133384,
          "aic": -75.65891282048435,
          "bic": -75.2644636658119,
          "ceiling": 1.0377195384608358
        },
        "Logarithmic": {
          "params": [
            0.5946087425575403,
            0.15667748120421351
          ],
          "r2": 0.9730587820290826,
          "aic": -73.92023304893344,
          "bic": -73.525783894261,
          "ceiling": 0.5946087425575403
        }
      },
      "best_model": "InvSqrt",
      "N_max": 50.0,
      "alpha_bound": 1.0
    },
    "WSD": {
      "fits": {
        "InvSqrt": {
          "params": [
            1.0067799840456952,
            0.03382738808066607
          ],
          "r2": 0.8238432308180517,
          "aic": -108.80762291703728,
          "bic": -108.41317376236483,
          "ceiling": 1.0067799840456952
        },
        "Exponential": {
          "params": [
            0.9939985730799055,
            1.999999992925784
          ],
          "r2": 0.8334848606055052,
          "aic": -109.31421581683266,
          "bic": -108.91976666216021,
          "ceiling": 0.9939985730799055
        },
        "Logistic": {
          "params": [
            1.4999999999999998,
            0.11064100661806918,
            1.0000000000000002
          ],
          "r2": -532.7546888342468,
          "aic": -34.660767256374825,
          "bic": -34.06909352436617,
          "ceiling": 1.4999999999999998
        },
        "Michaelis": {
          "params": [
            0.9991927502499964,
            0.03549736845533588
          ],
          "r2": 0.8968062243784165,
          "aic": -113.62051507270526,
          "bic": -113.22606591803282,
          "ceiling": 0.9991927502499964
        },
        "Logarithmic": {
          "params": [
            0.9788576891195176,
            0.007632259604031128
          ],
          "r2": 0.7284429366093357,
          "aic": -104.91244125034562,
          "bic": -104.51799209567318,
          "ceiling": 0.9788576891195176
        }
      },
      "best_model": "Michaelis",
      "N_max": 20.0,
      "alpha_bound": 1.0
    },
    "Word_Similarity": {
      "fits": {
        "InvSqrt": {
          "params": [
            1.043082810486907,
            0.2807127318499514
          ],
          "r2": 0.9947701173250537,
          "aic": -104.06788362769493,
          "bic": -103.67343447302248,
          "ceiling": 1.043082810486907
        },
        "Exponential": {
          "params": [
            0.9359069644937197,
            1.0766558132140227
          ],
          "r2": 0.872751878527742,
          "aic": -75.34213319490169,
          "bic": -74.94768404022925,
          "ceiling": 0.9359069644937197
        },
        "Logistic": {
          "params": [
            1.4999999999999998,
            0.08038584958060406,
            1.0000000000000002
          ],
          "r2": -1.0796496688399309,
          "aic": -48.197790659717526,
          "bic": -47.60611692770887,
          "ceiling": 1.4999999999999998
        },
        "Michaelis": {
          "params": [
            0.9830629729832233,
            0.3397538210023265
          ],