{
  "metadata": {
    "source": "Snow et al. (2008) EMNLP — digitized figures",
    "timestamp": "1970-01-01 00:00:00",
    "runtime_sec": 0.0,
    "utility_definition": "U(N) = λC(N) - (1-λ)N/N_max [Bingöl-unified]",
    "lambda_values": [
      0.25,
      0.5,
      0.75,
      0.9
    ],
    "epsilon_threshold": 0.005
  },
  "PS_S1_ceiling_fit": {
    "Affect_avg": {
      "fits": {
        "InvSqrt": {
          "params": [
            0.7932972616333887,
            0.4428441392761498
          ],
          "r2": 0.9432835763498021,
          "aic": -73.93056014316598,
          "bic": -73.53611098849353,
          "ceiling": 0.7932972616333887
        },
        "Exponential": {
          "params": [
            0.6369996197066079,
            0.6344989378684869
          ],
          "r2": 0.7821856813670596,
          "aic": -61.82034803679666,
          "bic": -61.42589888212422,
          "ceiling": 0.6369996197066079
        },
        "Logistic": {
          "params": [
            0.9700559042705494,
            0.0939885256214477,
            1.0000000000002194
          ],
          "r2": 0.9863019215288439,
          "aic": -84.71783450213027,
          "bic": -84.12616077012161,
          "ceiling": 0.9700559042705494
        },
        "Michaelis": {
          "params": [
            0.7182573578713687,
            1.0170495066739147
          ],
          "r2": 0.9320299050161654,
          "aic": -72.3015241317286,
          "bic": -71.90707497705615,
          "ceiling": 0.7182573578713687
        },
        "Logarithmic": {
          "params": [
            0.41334169076044813,
            0.10850635701499874
          ],
          "r2": 0.9836174523320864,
          "aic": -85.10718517637524,
          "bic": -84.7127360217028,
          "ceiling": 0.41334169076044813
        }
      },
      "best_model": "Logarithmic",
      "N_max": 50.0,
      "alpha_bound": 0.85
    },
    "RTE": {
      "fits": {
        "InvSqrt": {
          "params": [
            1.0267883788067718,
            0.43797471507846203
          ],
          "r2": 0.9820316268014114,
          "aic": -84.83694546094273,
          "bic": -84.44249630627029,
          "ceiling": 1.0267883788067718
        },
        "Exponential": {
          "params": [
            0.8648900031694611,
            0.8112258808315138
          ],
          "r2": 0.8033331826781445,
          "aic": -63.300864844111146,
          "bic": -62.90641568943871,
          "ceiling": 0.8648900031694611
        },
        "Logistic": {
          "params": [
            1.4570156739707192,
            0.05700902319470664,
            1.0000000000000002
          ],
          "r2": 0.9453357719388477,
          "aic": -72.82357820687068,
          "bic": -72.23190447486202,
          "ceiling": 1.4570156739707192
        },
        "Michaelis": {
          "params": [
            0.9412071344485299,
            0.6419309839287302
          ],
          "r2": 0.9675808704123791,
          "aic": -79.52572596112017,
          "bic": -79.13127680644773,
          "ceiling": 0.9412071344485299
        },
        "Logarithmic": {
          "params": [
            0.6535438435624671,
            0.10580387686088681
          ],
          "r2": 0.9954190310356023,
          "aic": -97.13726911232679,
          "bic": -96.74281995765435,
          "ceiling": 0.6535438435624671
        }
      },
      "best_model": "Logarithmic",
      "N_max": 50.0,
      "alpha_bound": 1.0
    },
    "Temp_Ordering": {
      "fits": {
        "InvSqrt": {
          "params": [
            1.1500668779300263,
            0.6547135729265566
          ],
          "r2": 0.978257577963965,
          "aic": -75.84976191089271,
          "bic": -75.45531275622027,
          "ceiling": 1.1500668779300263
        },
        "Exponential": {
          "params": [
            0.9202587100185055,
            0.6223583604923922
          ],
          "r2": 0.9116542070752023,
          "aic": -63.23182225894105,
          "bic": -62.837373104268615,
          "ceiling": 0.9202587100185055
        },
        "Logistic": {
          "params": [
            1.4064719038353442,
            0.09033874577960128,
            1.00000000000002
          ],
          "r2": 0.8951486890474054,
          "aic": -59.69026012954399,
          "bic": -59.09858639753533,
          "ceiling": 1.4064719038353442
        },
        "Michaelis": {
          "params": [
            1.0377195383629398,
            1.0358487610300249
          ],
          "r2": 0.9777915968133384,
          "aic": -75.65891282048439,
          "bic": -75.26446366581195,
          "ceiling": 1.0377195383629398
        },
        "Logarithmic": {
          "params": [
            0.5946087425224614,
            0.15667748122511527
          ],
          "r2": 0.9730587820290825,
          "aic": -73.92023304893343,
          "bic": -73.52578389426098,
          "ceiling": 0.5946087425224614
        }
      },
      "best_model": "InvSqrt",
      "N_max": 50.0,
      "alpha_bound": 1.0
    },
    "WSD": {
      "fits": {
        "InvSqrt": {
          "params": [
            1.0067799840456952,
            0.03382738808066607
          ],
          "r2": 0.8238432308180517,
          "aic": -108.80762291703728,
          "bic": -108.41317376236483,
          "ceiling": 1.0067799840456952
        },
        "Exponential": {
          "params": [
            0.9939985730799054,
            1.999999992925759
          ],
          "r2": 0.8334848606054638,
          "aic": -109.31421581683041,
          "bic": -108.91976666215797,
          "ceiling": 0.9939985730799054
        },
        "Logistic": {
          "params": [
            1.4999999999999998,
            0.11064100659160317,
            1.0000000000000002
          ],
          "r2": -532.7546888342462,
          "aic": -34.66076725637484,
          "bic": -34.06909352436618,
          "ceiling": 1.4999999999999998
        },
        "Michaelis": {
          "params": [
            0.9991927502499964,
            0.03549736845533591
          ],
          "r2": 0.8968062243784165,
          "aic": -113.62051507270526,
          "bic": -113.22606591803282,
          "ceiling": 0.9991927502499964
        },
        "Logarithmic": {
          "params": [
            0.9788576891091278,
            0.007632259610244392
          ],
          "r2": 0.728442936609323,
          "aic": -104.91244125034518,
          "bic": -104.51799209567274,
          "ceiling": 0.9788576891091278
        }
      },
      "best_model": "Michaelis",
      "N_max": 20.0,
      "alpha_bound": 1.0
    },
    "Word_Similarity": {
      "fits": {
        "InvSqrt": {
          "params": [
            1.043082810486907,
            0.2807127318499514
          ],
          "r2": 0.9947701173250537,
          "aic": -104.06788362769493,
          "bic": -103.67343447302248,
          "ceiling": 1.043082810486907
        },
        "Exponential": {
          "params": [
            0.9359069646486213,
            1.0766558102550179
          ],
          "r2": 0.8727518785277355,
          "aic": -75.34213319490124,
          "bic": -74.9476840402288,
          "ceiling": 0.9359069646486213
        },
        "Logistic": {
          "params": [
            1.4999999999999998,
            0.08038584955853789,
            1.0000000000000002
          ],
          "r2": -1.0796496688399344,
          "aic": -48.19779065971751,
          "bic": -47.606116927708854,
          "ceiling": 1.4999999999999998
        },
        "Michaelis": {
          "params": [
            0.9830629729816286,
            0.3397538209924743
          ],
          "r2": 0.9995398617327516,
          "aic": -125.943437513529,
          "bic": -125.54898835885656,
          "ceiling": 0.9830629729816286
        },
        "Logarithmic": {
          "params": [
            0.8063370620250511,
            0.0663360085621953
          ],