{
  "metadata": {
    "source": "Bingöl et al. (2026) arXiv:2512.23431",
    "timestamp": "1970-01-01 00:00:00",
    "runtime_sec": 0.0,
    "N_MAX": 500.0,
    "lambda_values": [
      0.25,
      0.5,
      0.75,
      0.9
    ]
  },
  "PB_B1_CJT_ceiling": {
    "0.51_checkerboard": {
      "p": 0.5361,
      "ceiling_a": 0.658712227104265,
      "beta_b": 0.1668156645134521,
      "r2": 0.7684337318047428,
      "N_99pct": 641.3309658214473
    },
    "0.52_checkerboard": {
      "p": 0.6017,
      "ceiling_a": 0.8956666271445374,
      "beta_b": 0.39108287667431824,
      "r2": 0.8119277777605435,
      "N_99pct": 1906.5351517860008
    },
    "0.52_four_rect": {
      "p": 0.5402,
      "ceiling_a": 0.6759615383677267,
      "beta_b": 0.18456306510809892,
      "r2": 0.7700213838802592,
      "N_99pct": 745.4965136712066
    },
    "0.52_halved": {
      "p": 0.5177,
      "ceiling_a": 0.5789151866447295,
      "beta_b": 0.08348742125965361,
      "r2": 0.7633754003752612,
      "N_99pct": 207.9755151341467
    },
    "0.52_striped": {
      "p": 0.5698,
      "ceiling_a": 0.7920586446644811,
      "beta_b": 0.29973043072684546,
      "r2": 0.7862167908508947,
      "N_99pct": 1432.0131266961523
    },
    "0.53_checkerboard": {
      "p": 0.6603,
      "ceiling_a": 0.9999999999100596,
      "beta_b": 0.41516737368312423,
      "r2": 0.8619500372140039,
      "N_99pct": 1723.6394820194712
    },
    "0.54_checkerboard": {
      "p": 0.7454,
      "ceiling_a": 0.9999999999998865,
      "beta_b": 0.21622576612111452,
      "r2": 0.7036558668019988,
      "N_99pct": 467.53581934673207
    },
    "0.55_checkerboard": {
      "p": 0.8069,
      "ceiling_a": 0.9999999997687744,
      "beta_b": 0.13254461055349143,
      "r2": 0.5887813357192009,
      "N_99pct": 175.68073794901076
    }
  },
  "PB_B2_USL_Npeak": {
    "0.51": {
      "alpha": 0.7971,
      "beta": 0.0012,
      "k": 0.5194,
      "N_peak_analytic": 13.003204733193018,
      "C_at_peak": 0.6279714303540936,
      "C_at_N1": 0.5194,
      "delta_pct": 20.90324034541657,
      "N_negative_gain": 13
    },
    "0.52": {
      "alpha": 0.6376,
      "beta": 0.0021,
      "k": 0.527,
      "N_peak_analytic": 13.136644494368744,
      "C_at_peak": 0.7630228893160559,
      "C_at_N1": 0.527,
      "delta_pct": 44.786127004944184,
      "N_negative_gain": 13
    },
    "0.53": {
      "alpha": 0.675,
      "beta": 0.0016,
      "k": 0.6093,
      "N_peak_analytic": 14.252192813739224,
      "C_at_peak": 0.8474187116266203,
      "C_at_N1": 0.6093,
      "delta_pct": 39.08070107116697,
      "N_negative_gain": 14
    },
    "0.54": {
      "alpha": 0.7089,
      "beta": 0.001,
      "k": 0.6814,
      "N_peak_analytic": 17.061652909375457,
      "C_at_peak": 0.9182999976640103,
      "C_at_N1": 0.6814,
      "delta_pct": 34.76665654006608,
      "N_negative_gain": 17
    },
    "0.55": {
      "alpha": 0.7526,
      "beta": 0.0003,
      "k": 0.7201,
      "N_peak_analytic": 28.717010057919794,
      "C_at_peak": 0.9357657364881662,
      "C_at_N1": 0.7201,
      "delta_pct": 29.949414871290962,
      "N_negative_gain": 29
    }
  },
  "PB_B3_utility_Nstar": {
    "0.51": {
      "N_peak": 13.003204733193018,
      "N_budget": 29.0,
      "lambda_results": {
        "0.25": {
          "N_star": 3.0,
          "U_star": 0.10566909695358702,
          "ratio_to_Npeak": 0.23071235603496734,
          "early_stop": true
        },
        "0.5": {
          "N_star": 6.0,
          "U_star": 0.3626567149912438,
          "ratio_to_Npeak": 0.4614247120699347,
          "early_stop": true
        },
        "0.75": {
          "N_star": 8.0,
          "U_star": 0.6614305032259692,
          "ratio_to_Npeak": 0.6152329494265796,
          "early_stop": true
        },
        "0.9": {
          "N_star": 11.0,
          "U_star": 0.8593152807977619,
          "ratio_to_Npeak": 0.8459453054615469,
          "early_stop": true
        }
      }
    },
    "0.52": {
      "N_peak": 13.136644494368744,
      "N_budget": 29.0,
      "lambda_results": {
        "0.25": {
          "N_star": 4.0,
          "U_star": 0.09832759324755282,
          "ratio_to_Npeak": 0.30449175980324894,
          "early_stop": true
        },
        "0.5": {
          "N_star": 6.0,
          "U_star": 0.35588213693265014,
          "ratio_to_Npeak": 0.4567376397048734,
          "early_stop": true
        },
        "0.75": {
          "N_star": 9.0,
          "U_star": 0.6584776874433842,
          "ratio_to_Npeak": 0.6851064595573101,
          "early_stop": true
        },
        "0.9": {
          "N_star": 11.0,
          "U_star": 0.8584020883036694,
          "ratio_to_Npeak": 0.8373523394589345,
          "early_stop": true
        }
      }
    },
    "0.53": {
      "N_peak": 14.252192813739224,
      "N_budget": 29.0,
      "lambda_results": {
        "0.25": {
          "N_star": 4.0,
          "U_star": 0.09740157208345847,
          "ratio_to_Npeak": 0.28065856617824936,
          "early_stop": true
        },
        "0.5": {
          "N_star": 6.0,
          "U_star": 0.35271719897661585,
          "ratio_to_Npeak": 0.42098784926737404,
          "early_stop": true
        },
        "0.75": {
          "N_star": 9.0,
          "U_star": 0.6543320896837097,
          "ratio_to_Npeak": 0.6314817739010611,
          "early_stop": true
        },
        "0.9": {
          "N_star": 12.0,
          "U_star": 0.8556107661199966,
          "ratio_to_Npeak": 0.8419756985347481,
          "early_stop": true
        }
      }
    },
    "0.54": {
      "N_peak": 17.061652909375457,
      "N_budget": 29.0,
      "lambda_results": {
        "0.25": {
          "N_star": 4.0,
          "U_star": 0.09387654685120307,
          "ratio_to_Npeak": 0.23444387371178918,
          "early_stop": true
        },
        "0.5": {
          "N_star": 6.0,
          "U_star": 0.34470922209735494,
          "ratio_to_Npeak": 0.35166581056768376,
          "early_stop": true
        },
        "0.75": {
          "N_star": 9.0,
          "U_star": 0.6443941279430693,
          "ratio_to_Npeak": 0.5274987158515256,
          "early_stop": true
        },
        "0.9": {
          "N_star": 13.0,
          "U_star": 0.8492162770322923,
          "ratio_to_Npeak": 0.7619425895633148,
          "early_stop": true
        }
      }
    },
    "0.55": {
      "N_peak": 28.717010057919794,
      "N_budget": 29.0,
      "lambda_results": {
        "0.25": {
          "N_star": 3.0,
          "U_star": 0.08656506498660764,
          "ratio_to_Npeak": 0.10446770029154331,
          "early_stop": true
        },
        "0.5": {
          "N_star": 6.0,
          "U_star": 0.32616688034359226,
          "ratio_to_Npeak": 0.20893540058308663,
          "early_stop": true
        },
        "0.75": {
          "N_star": 10.0,
          "U_star": 0.6199476487414739,
          "ratio_to_Npeak": 0.34822566763847773,
          "early_stop": true
        },
        "0.9": {
          "N_star": 16.0,
          "U_star": 0.8295002680025984,
          "ratio_to_Npeak": 0.5571610682215644,
          "early_stop": true
        }
      }
    }
  },
  "PB_B4_model_AIC": {
    "0.51_checkerboard": {
      "delta_aic": {
        "InvSqrt": 165.54929772100581,
        "Exponential": 265.0985306547026,
        "Logistic": 228.45027683203534,
        "Michaelis": 203.36487804653154,
        "Logarithmic": 0.0
      },
      "best_aic": -835.8248765438233
    },
    "0.52_checkerboard": {
      "delta_aic": {
        "InvSqrt": 266.7743538356722,
        "Exponential": 386.2484148108971,
        "Logistic": 256.63167097724374,
        "Michaelis": 289.56950315606275,
        "Logarithmic": 0.0
      },
      "best_aic": -905.4138225306951
    },
    "0.52_four_rect": {
      "delta_aic": {
        "InvSqrt": 169.38070212522246,
        "Exponential": 269.1121923686196,
        "Logistic": 216.38207265294216,
        "Michaelis": 204.4183267338277,