bootstrap,N,C
0,1,0.9476
0,2,0.9467
0,3,0.9767666666666666
0,4,0.98035
0,5,0.98375
0,6,0.9846166666666666
0,7,0.9863666666666666
0,8,0.98665
0,9,0.9874833333333334
0,10,0.9877833333333332
0,11,0.9887333333333332
0,12,0.9882833333333332
0,13,0.9882833333333334
0,14,0.9881833333333334
0,15,0.9885833333333334
0,16,0.99
0,17,0.99035
0,18,0.9907
0,19,0.99075
0,20,0.9906
0,21,0.9903
0,22,0.9905
0,23,0.99045
0,24,0.9912
0,25,0.9904
0,26,0.9912
0,27,0.991
0,28,0.99115
0,29,0.9916
0,30,0.99165
0,31,0.9914
0,32,0.99155
0,33,0.9912
0,34,0.99155
0,35,0.9912
0,36,0.9916833333333333
0,37,0.99185
0,38,0.9915
0,39,0.9911333333333332
0,40,0.9913
0,41,0.9914
0,42,0.9914
0,43,0.99115
0,44,0.99145
0,45,0.99185
0,46,0.99145
0,47,0.9916
0,48,0.9911
0,49,0.99085
0,50,0.9915
1,1,0.946
1,2,0.94945
1,3,0.9786666666666665
1,4,0.98255
1,5,0.98624
1,6,0.98675
1,7,0.988
1,8,0.9886833333333334
1,9,0.990175
1,10,0.99
1,11,0.9902
1,12,0.9905
1,13,0.99055
1,14,0.991
1,15,0.9912333333333332
1,16,0.9912333333333332
1,17,0.9916
1,18,0.99145
1,19,0.9921
1,20,0.99165
1,21,0.99165
1,22,0.9918
1,23,0.992
1,24,0.99205
1,25,0.9916
1,26,0.99195
1,27,0.99205
1,28,0.9918833333333333
1,29,0.9914
1,30,0.99185
1,31,0.9921
1,32,0.9921
1,33,0.9922
1,34,0.99205
1,35,0.9919
1,36,0.992
1,37,0.99235
1,38,0.99225
1,39,0.9921
1,40,0.99225
1,41,0.99225
1,42,0.99205
1,43,0.99225
1,44,0.99215
1,45,0.9921
1,46,0.9919
1,47,0.9923
1,48,0.9921
1,49,0.9922
1,50,0.99215
2,1,0.9506
2,2,0.95015
2,3,0.977833333333333
2,4,0.981075
2,5,0.9837899999999999
2,6,0.9855166666666666
2,7,0.9871333333333332
2,8,0.9874333333333332
2,9,0.9882999999999998
2,10,0.9885833333333333
2,11,0.9884
2,12,0.9894833333333332
2,13,0.9895
2,14,0.99
2,15,0.99005
2,16,0.9898
2,17,0.99105
2,18,0.9912833333333332
2,19,0.9908333333333332
2,20,0.99075
2,21,0.9907333333333332
2,22,0.99065
2,23,0.9906
2,24,0.99085
2,25,0.9909
2,26,0.9913
2,27,0.99125
2,28,0.99135
2,29,0.99125
2,30,0.991
2,31,0.99125
2,32,0.99155
2,33,0.9918
2,34,0.99195
2,35,0.9918
2,36,0.99155
2,37,0.9912
2,38,0.9915
2,39,0.99155
2,40,0.99135
2,41,0.9913
2,42,0.9915
2,43,0.99165
2,44,0.9918
2,45,0.99175
2,46,0.9916
2,47,0.9918
2,48,0.9919
2,49,0.99185
2,50,0.992
3,1,0.9481
3,2,0.94675
3,3,0.978966666666667
3,4,0.980625
3,5,0.9847599999999999
3,6,0.9858166666666666
3,7,0.9877833333333333
3,8,0.987525
3,9,0.99005
3,10,0.99
3,11,0.9904
3,12,0.9908833333333332
3,13,0.99105
3,14,0.99095
3,15,0.9910833333333332
3,16,0.9913
3,17,0.9911
3,18,0.9905
3,19,0.991
3,20,0.99045
3,21,0.9903
3,22,0.9903
3,23,0.9911
3,24,0.9913
3,25,0.99125
3,26,0.9914
3,27,0.99105
3,28,0.99135
3,29,0.99105
3,30,0.99125
3,31,0.991
3,32,0.99105
3,33,0.991
3,34,0.9912
3,35,0.9911666666666668
3,36,0.9909
3,37,0.99135
3,38,0.9913166666666667
3,39,0.9917666666666668
3,40,0.99155
3,41,0.99175
3,42,0.9916666666666668
3,43,0.9919
3,44,0.992
3,45,0.9921666666666668
3,46,0.99225
3,47,0.9922
3,48,0.99265
3,49,0.9924
3,50,0.99225
4,1,0.9472
4,2,0.94665
4,3,0.9795000000000004
4,4,0.982325
4,5,0.98567
4,6,0.9865666666666668
4,7,0.9888166666666666
4,8,0.9891999999999999
4,9,0.9894166666666668
4,10,0.99005
4,11,0.99105
4,12,0.99105
4,13,0.9921166666666666
4,14,0.99175
4,15,0.9923333333333334
4,16,0.99265
4,17,0.99225
4,18,0.9922
4,19,0.9927
4,20,0.9925
4,21,0.99265
4,22,0.9922
4,23,0.9927
4,24,0.99235
4,25,0.99295
4,26,0.993
4,27,0.99285
4,28,0.9924
4,29,0.9924
4,30,0.99295
4,31,0.99265
4,32,0.9928
4,33,0.99265
4,34,0.9927
4,35,0.99255
4,36,0.9929
4,37,0.99265
4,38,0.99285
4,39,0.9931
4,40,0.9929
4,41,0.99285
4,42,0.9929
4,43,0.99315
4,44,0.9929
4,45,0.99345
4,46,0.9932
4,47,0.9932
4,48,0.9926
4,49,0.9926
4,50,0.99295
5,1,0.9494
5,2,0.9467
5,3,0.9772
5,4,0.98195
5,5,0.9849
5,6,0.9854
5,7,0.9868333333333332
5,8,0.9870166666666668
5,9,0.9875
5,10,0.9875
5,11,0.9879
5,12,0.98855
5,13,0.9888
5,14,0.9886
5,15,0.989
5,16,0.9902
5,17,0.99055
5,18,0.9906333333333333
5,19,0.99025
5,20,0.9906
5,21,0.9908
5,22,0.9911
5,23,0.9909
5,24,0.9908
5,25,0.9908
5,26,0.99095
5,27,0.9916333333333334
5,28,0.991525
5,29,0.99187
5,30,0.9916
5,31,0.9910166666666668
5,32,0.9911833333333334
5,33,0.990975
5,34,0.9913
5,35,0.991
5,36,0.9911
5,37,0.9909
5,38,0.9911
5,39,0.99145
5,40,0.99155
5,41,0.9916833333333333
5,42,0.99135
5,43,0.99185
5,44,0.9916833333333333
5,45,0.99185
5,46,0.9917
5,47,0.9918
5,48,0.99175
5,49,0.9918
5,50,0.992
6,1,0.9523
6,2,0.94915
6,3,0.9780000000000002
6,4,0.981075
6,5,0.98446
6,6,0.9848
6,7,0.9869500000000002
6,8,0.9871833333333334
6,9,0.98815
6,10,0.9891
6,11,0.9889
6,12,0.9894333333333334
6,13,0.9892666666666667
6,14,0.99005
6,15,0.9905333333333334
6,16,0.9912666666666667
6,17,0.99145
6,18,0.9914
6,19,0.9913
6,20,0.9914833333333334
6,21,0.9916
6,22,0.992
6,23,0.9924
6,24,0.99215
6,25,0.9920166666666668
6,26,0.9919166666666668
6,27,0.99225
6,28,0.9927
6,29,0.99285
6,30,0.99265
6,31,0.99215
6,32,0.99235
6,33,0.9922
6,34,0.9921
6,35,0.99245
6,36,0.99225
6,37,0.99265
6,38,0.99255
6,39,0.9923
6,40,0.9923
6,41,0.99275
6,42,0.99255
6,43,0.9927
6,44,0.99275
6,45,0.993
6,46,0.9931
6,47,0.9929
6,48,0.99295
6,49,0.9931
6,50,0.9928
7,1,0.95
7,2,0.9475
7,3,0.9774333333333334
7,4,0.979575
7,5,0.9846
7,6,0.9864833333333332
7,7,0.9878333333333332
7,8,0.986875
7,9,0.9886833333333334
7,10,0.9884666666666668
7,11,0.98985
7,12,0.9894833333333334
7,13,0.99
7,14,0.99055
7,15,0.99045
7,16,0.9903333333333334
7,17,0.9902666666666666
7,18,0.9904166666666668
7,19,0.9909166666666668
7,20,0.9912
7,21,0.99125
7,22,0.99215
7,23,0.99225
7,24,0.99235
7,25,0.99235
7,26,0.99245
7,27,0.99235
7,28,0.99285
7,29,0.9926
7,30,0.99275
7,31,0.99305
7,32,0.99275
7,33,0.9928
7,34,0.9929
7,35,0.9928
7,36,0.99245
7,37,0.99265
7,38,0.9929
7,39,0.99295
7,40,0.99265
7,41,0.9926
7,42,0.9927
7,43,0.9931
7,44,0.9928
7,45,0.99245
7,46,0.99245
7,47,0.9931
7,48,0.99295
7,49,0.9929
7,50,0.99265
8,1,0.9472
8,2,0.9498
8,3,0.9777
8,4,0.98135
8,5,0.9833299999999999
8,6,0.9841666666666666
8,7,0.9859833333333332
8,8,0.98725
8,9,0.9877166666666666
8,10,0.9897
8,11,0.9895
8,12,0.9891
8,13,0.9902
8,14,0.99085
8,15,0.9903
8,16,0.9899333333333332
8,17,0.98965
8,18,0.9903
8,19,0.99085
8,20,0.991
8,21,0.99095
8,22,0.9908166666666668
8,23,0.99105
8,24,0.99085
8,25,0.9916
8,26,0.99175
8,27,0.99195
8,28,0.99205
8,29,0.9921
8,30,0.9922
8,31,0.9921
8,32,0.99225
8,33,0.9923
8,34,0.99245
8,35,0.9926
8,36,0.99265
8,37,0.99275
8,38,0.99265
8,39,0.9927
8,40,0.99305
8,41,0.99275
8,42,0.99315
8,43,0.99335
8,44,0.99305
8,45,0.99315
8,46,0.9932333333333332
8,47,0.99305
8,48,0.99275
8,49,0.9928
8,50,0.9926
9,1,0.9488
9,2,0.94655
9,3,0.9772333333333332
9,4,0.9813
9,5,0.98405
9,6,0.9844333333333334
9,7,0.9859333333333334
9,8,0.9874666666666668
9,9,0.9883833333333332
9,10,0.9895333333333333
9,11,0.99035
9,12,0.99035
9,13,0.9909333333333334
9,14,0.9910166666666667
9,15,0.9911166666666666
9,16,0.9911
9,17,0.9915
9,18,0.99125
9,19,0.9913
9,20,0.99115
9,21,0.99095
9,22,0.9914
9,23,0.9913
9,24,0.9915
9,25,0.99205
9,26,0.992
9,27,0.99145
9,28,0.99185
9,29,0.99215
9,30,0.9923
9,31,0.9921
9,32,0.99265
9,33,0.99285
9,34,0.9927
9,35,0.9928
9,36,0.9928
9,37,0.99265
9,38,0.9925
9,39,0.9926
9,40,0.9926
9,41,0.9927
9,42,0.9928
9,43,0.99265
9,44,0.9928
9,45,0.99285
9,46,0.99285
9,47,0.99285
9,48,0.9927
9,49,0.9927
9,50,0.9927
10,1,0.9503
10,2,0.94865
10,3,0.9756
10,4,0.978475
10,5,0.98319
10,6,0.9852666666666667
10,7,0.9866666666666666
10,8,0.9870166666666668
10,9,0.988975
10,10,0.9894
10,11,0.98915
10,12,0.9901
10,13,0.9908666666666668
10,14,0.99045
10,15,0.9907
10,16,0.9905833333333334
10,17,0.9912
10,18,0.991
10,19,0.9908
10,20,0.9906
10,21,0.9906
10,22,0.99075
10,23,0.99125
10,24,0.99095
10,25,0.9911
10,26,0.9911
10,27,0.99145
10,28,0.99125
10,29,0.9914
10,30,0.99145
10,31,0.99155
10,32,0.99155
10,33,0.9916
10,34,0.9914
10,35,0.99155
10,36,0.99185
10,37,0.9918
10,38,0.99175
10,39,0.9918666666666668
10,40,0.992
10,41,0.9919
10,42,0.9921
10,43,0.9923
10,44,0.9922
10,45,0.9921
10,46,0.9921
10,47,0.992
10,48,0.99205
10,49,0.9921
10,50,0.99205
11,1,0.9451
11,2,0.94815
11,3,0.9782999999999998
11,4,0.98145
11,5,0.9837
11,6,0.9855833333333333
11,7,0.9877333333333332
11,8,0.9873833333333332
11,9,0.98905
11,10,0.9897833333333332
11,11,0.9896
11,12,0.99005
11,13,0.9905
11,14,0.9908
11,15,0.9909
11,16,0.9913333333333332
11,17,0.9913
11,18,0.99155
11,19,0.99115
11,20,0.9912
11,21,0.99165
11,22,0.99155
11,23,0.99175
11,24,0.9918
11,25,0.99195
11,26,0.9915
11,27,0.99185
11,28,0.9918
11,29,0.9918
11,30,0.9919
11,31,0.99205
11,32,0.99235
11,33,0.99235
11,34,0.9926
11,35,0.9927
11,36,0.9925
11,37,0.9927
11,38,0.9927
11,39,0.99265
11,40,0.99315
11,41,0.9929
11,42,0.99285
11,43,0.99245
11,44,0.99245
11,45,0.99235
11,46,0.99275
11,47,0.99265
11,48,0.9924
11,49,0.99275
11,50,0.99275
12,1,0.9501
12,2,0.95
12,3,0.9778666666666668
12,4,0.980875
12,5,0.9856799999999999
12,6,0.9861833333333332
12,7,0.9866833333333334
12,8,0.9878666666666668
12,9,0.9877
12,10,0.98835
12,11,0.98855
12,12,0.98815
12,13,0.9887166666666668
12,14,0.9884666666666668
12,15,0.98895
12,16,0.9896666666666668
12,17,0.9898
12,18,0.98985
12,19,0.99
12,20,0.9902
12,21,0.99075
12,22,0.9912
12,23,0.9912
12,24,0.99105
12,25,0.991
12,26,0.9909
12,27,0.9907166666666666
12,28,0.99085
12,29,0.99125
12,30,0.99135
12,31,0.9911
12,32,0.9912
12,33,0.99135
12,34,0.9916
12,35,0.9919
12,36,0.9922
12,37,0.99215
12,38,0.99245
12,39,0.9926
12,40,0.9927
12,41,0.9926
12,42,0.99255
12,43,0.99255
12,44,0.99245
12,45,0.9926
12,46,0.9923
12,47,0.9924
12,48,0.99225
12,49,0.9923
12,50,0.99245
13,1,0.9463
13,2,0.9491
13,3,0.9794666666666669
13,4,0.981475
13,5,0.9853
13,6,0.9875
13,7,0.98935
13,8,0.9899333333333334
13,9,0.9913833333333332
13,10,0.9907
13,11,0.9913
13,12,0.99075
13,13,0.9913
13,14,0.9916833333333334
13,15,0.99195
13,16,0.9921
13,17,0.9919
13,18,0.9922
13,19,0.992
13,20,0.9919
13,21,0.99125
13,22,0.9914
13,23,0.9909
13,24,0.99145
13,25,0.9917
13,26,0.99215
13,27,0.99185
13,28,0.9919
13,29,0.9919
13,30,0.99215
13,31,0.9921
13,32,0.9927
13,33,0.99295
13,34,0.99275
13,35,0.9931
13,36,0.99255
13,37,0.9929
13,38,0.99275
13,39,0.99285
13,40,0.99285
13,41,0.99285
13,42,0.9925
13,43,0.99295
13,44,0.9928
13,45,0.99295
13,46,0.99295
13,47,0.99285
13,48,0.99305
13,49,0.9929
13,50,0.993
14,1,0.9432
14,2,0.9451
14,3,0.9760000000000003
14,4,0.98005
14,5,0.98685
14,6,0.9875833333333333
14,7,0.98875
14,8,0.98805
14,9,0.9875666666666666
14,10,0.9892333333333332
14,11,0.9893833333333332
14,12,0.9897833333333332
14,13,0.9895
14,14,0.9901
14,15,0.9903833333333332
14,16,0.99095
14,17,0.9913
14,18,0.99155
14,19,0.9914833333333334
14,20,0.99135
14,21,0.9914833333333334
14,22,0.9914
14,23,0.99115
14,24,0.9916
14,25,0.9915
14,26,0.9917
14,27,0.99115
14,28,0.9912
14,29,0.9909
14,30,0.9908
14,31,0.9906
14,32,0.9913
14,33,0.99125
14,34,0.991
14,35,0.99115
14,36,0.99175
14,37,0.99165
14,38,0.992
14,39,0.99145
14,40,0.99105
14,41,0.9914
14,42,0.99145
14,43,0.99155
14,44,0.99165
14,45,0.99135
14,46,0.99095
14,47,0.99085
14,48,0.9908
14,49,0.9908
14,50,0.99125
15,1,0.9428
15,2,0.94805
15,3,0.9780333333333335
15,4,0.980975
15,5,0.9843599999999999
15,6,0.9856666666666668
15,7,0.9876976190476191
15,8,0.9885666666666666
15,9,0.9892333333333332
15,10,0.98965
15,11,0.9896166666666668
15,12,0.9897333333333332
15,13,0.9906666666666666
15,14,0.9908
15,15,0.99
15,16,0.9906833333333332
15,17,0.9909
15,18,0.99045
15,19,0.99025
15,20,0.99035
15,21,0.9908
15,22,0.9905666666666668
15,23,0.9913
15,24,0.9911
15,25,0.99145
15,26,0.9912
15,27,0.9912
15,28,0.9908
15,29,0.9917166666666668
15,30,0.9915
15,31,0.9913
15,32,0.99185
15,33,0.9919
15,34,0.9919
15,35,0.9922
15,36,0.9921
15,37,0.99175
15,38,0.99175
15,39,0.9916
15,40,0.99205
15,41,0.9923
15,42,0.99245
15,43,0.9923
15,44,0.9924
15,45,0.9923
15,46,0.99245
15,47,0.99245
15,48,0.9923
15,49,0.99255
15,50,0.9926
16,1,0.9488
16,2,0.94865
16,3,0.9759333333333334
16,4,0.97945
16,5,0.98377
16,6,0.9835166666666666
16,7,0.9860333333333332
16,8,0.987
16,9,0.9882
16,10,0.9876333333333334
16,11,0.9885
16,12,0.9885
16,13,0.98965
16,14,0.9895
16,15,0.99015
16,16,0.98995
16,17,0.9903
16,18,0.99025
16,19,0.9902
16,20,0.9908
16,21,0.9902833333333332
16,22,0.99035
16,23,0.99045
16,24,0.99025
16,25,0.99015
16,26,0.99065
16,27,0.99105
16,28,0.9915333333333334
16,29,0.9915
16,30,0.9910166666666667
16,31,0.9904833333333334
16,32,0.99095
16,33,0.99065
16,34,0.99085
16,35,0.9906
16,36,0.991
16,37,0.9909
16,38,0.99075
16,39,0.991
16,40,0.9911
16,41,0.99155
16,42,0.99185
16,43,0.9918
16,44,0.9915
16,45,0.9914
16,46,0.9914
16,47,0.99135
16,48,0.9912
16,49,0.99135
16,50,0.9913
17,1,0.9471
17,2,0.94995
17,3,0.9776333333333336
17,4,0.982175
17,5,0.98559
17,6,0.98565
17,7,0.9876666666666668
17,8,0.9885333333333334
17,9,0.9887083333333332
17,10,0.989675
17,11,0.9901
17,12,0.9905
17,13,0.9911833333333332
17,14,0.9908
17,15,0.99095
17,16,0.9905
17,17,0.99035
17,18,0.99105
17,19,0.9908
17,20,0.99075
17,21,0.9913
17,22,0.9916
17,23,0.992
17,24,0.9918
17,25,0.99165
17,26,0.9914
17,27,0.9916833333333333
17,28,0.99165
17,29,0.99225
17,30,0.9924
17,31,0.9925
17,32,0.9922
17,33,0.9922
17,34,0.9922
17,35,0.99235
17,36,0.9922333333333332
17,37,0.99255
17,38,0.99215
17,39,0.9919
17,40,0.99195
17,41,0.99175
17,42,0.99195
17,43,0.99185
17,44,0.9919
17,45,0.9921
17,46,0.99205
17,47,0.99205
17,48,0.99175
17,49,0.99205
17,50,0.99215
18,1,0.9512
18,2,0.95045
18,3,0.9749000000000002
18,4,0.978925
18,5,0.9826099999999999
18,6,0.9837333333333333
18,7,0.9848
18,8,0.9864333333333334
18,9,0.9865166666666668
18,10,0.9865333333333333
18,11,0.9865
18,12,0.98675
18,13,0.9866333333333333
18,14,0.9875333333333333
18,15,0.9877333333333332
18,16,0.9881
18,17,0.98845
18,18,0.9888
18,19,0.9895
18,20,0.9891
18,21,0.9892
18,22,0.98895
18,23,0.9891
18,24,0.98915
18,25,0.9891
18,26,0.98935
18,27,0.99025
18,28,0.9902
18,29,0.99005
18,30,0.99035
18,31,0.9906
18,32,0.9905
18,33,0.9903
18,34,0.99055
18,35,0.98985
18,36,0.9904166666666668
18,37,0.9904
18,38,0.99075
18,39,0.9909666666666668
18,40,0.9909
18,41,0.9911
18,42,0.9912666666666667
18,43,0.99105
18,44,0.99085
18,45,0.9911
18,46,0.99135
18,47,0.99145
18,48,0.99145
18,49,0.99165
18,50,0.9917
19,1,0.9489
19,2,0.9522
19,3,0.9817666666666668
19,4,0.982675
19,5,0.98675
19,6,0.9876500000000001
19,7,0.9894333333333332
19,8,0.9886833333333332
19,9,0.9897833333333332
19,10,0.9899
19,11,0.9907
19,12,0.9912833333333332
19,13,0.99205
19,14,0.9922
19,15,0.9917833333333332
19,16,0.99185
19,17,0.99165
19,18,0.99205
19,19,0.9923
19,20,0.9924
19,21,0.9919
19,22,0.99245
19,23,0.99225
19,24,0.99315
19,25,0.99345
19,26,0.9934166666666666
19,27,0.99345
19,28,0.99315
19,29,0.9935
19,30,0.9933
19,31,0.99305
19,32,0.9931
19,33,0.9928
19,34,0.99335
19,35,0.99325
19,36,0.9932
19,37,0.99385
19,38,0.99365
19,39,0.9933
19,40,0.9935
19,41,0.9935
19,42,0.99285
19,43,0.99305
19,44,0.9931
19,45,0.9929
19,46,0.993
19,47,0.99325
19,48,0.9934
19,49,0.9931
19,50,0.99355
20,1,0.949
20,2,0.9508
20,3,0.9777
20,4,0.9807
20,5,0.98411
20,6,0.9854166666666666
20,7,0.9861333333333334
20,8,0.9859833333333334
20,9,0.9871999999999999
20,10,0.98795
20,11,0.9885833333333334
20,12,0.9880166666666668
20,13,0.98795
20,14,0.9877
20,15,0.9885
20,16,0.98815
20,17,0.98825
20,18,0.9886
20,19,0.98865
20,20,0.9886
20,21,0.9891
20,22,0.98895
20,23,0.98875
20,24,0.98875
20,25,0.98915
20,26,0.9897
20,27,0.9899
20,28,0.9904
20,29,0.99095
20,30,0.9902
20,31,0.9902
20,32,0.99025
20,33,0.9903
20,34,0.99005
20,35,0.9904
20,36,0.9909
20,37,0.99125
20,38,0.99105
20,39,0.99025
20,40,0.9903
20,41,0.9907
20,42,0.9904
20,43,0.99025
20,44,0.9905
20,45,0.9907
20,46,0.9909
20,47,0.99105
20,48,0.9908
20,49,0.9909
20,50,0.99085
21,1,0.9469
21,2,0.94765
21,3,0.9785333333333336
21,4,0.980875
21,5,0.98567
21,6,0.9867166666666668
21,7,0.9886166666666666
21,8,0.987975
21,9,0.9892666666666667
21,10,0.9889333333333334
21,11,0.98975
21,12,0.98985
21,13,0.9899666666666668
21,14,0.9906833333333332
21,15,0.99095
21,16,0.991
21,17,0.991
21,18,0.9915
21,19,0.9918
21,20,0.9911
21,21,0.9911
21,22,0.99175
21,23,0.99235
21,24,0.9919
21,25,0.99225
21,26,0.9922
21,27,0.99215
21,28,0.992
21,29,0.992
21,30,0.99195
21,31,0.9922
21,32,0.99235
21,33,0.9928
21,34,0.9926
21,35,0.99245
21,36,0.99255
21,37,0.99265
21,38,0.99275
21,39,0.99295
21,40,0.99285
21,41,0.99285
21,42,0.99275
21,43,0.99265
21,44,0.99275
21,45,0.99245
21,46,0.99285
21,47,0.99295
21,48,0.99285
21,49,0.99275
21,50,0.9933
22,1,0.9464
22,2,0.94675
22,3,0.9757000000000002
22,4,0.98105
22,5,0.98636
22,6,0.9874
22,7,0.98885
22,8,0.9899333333333334
22,9,0.9904333333333334
22,10,0.9901333333333334
22,11,0.9897666666666666
22,12,0.99005
22,13,0.9907333333333334
22,14,0.99125
22,15,0.9916
22,16,0.9916833333333333
22,17,0.99215
22,18,0.9924
22,19,0.99245
22,20,0.9921
22,21,0.9919666666666666
22,22,0.9923
22,23,0.9921
22,24,0.99205
22,25,0.9921
22,26,0.99215
22,27,0.9923
22,28,0.99185
22,29,0.99195
22,30,0.9926
22,31,0.9924
22,32,0.9929
22,33,0.99275
22,34,0.9926
22,35,0.9929
22,36,0.993
22,37,0.99285
22,38,0.99275
22,39,0.9929
22,40,0.9929
22,41,0.993
22,42,0.9928
22,43,0.99305
22,44,0.9929
22,45,0.9927
22,46,0.99295
22,47,0.99295
22,48,0.9928
22,49,0.99265
22,50,0.99295
23,1,0.9494
23,2,0.9492
23,3,0.9775999999999998
23,4,0.981425
23,5,0.9869399999999999
23,6,0.98705
23,7,0.9884333333333332
23,8,0.9887333333333334
23,9,0.9895
23,10,0.9901166666666666
23,11,0.9903666666666666
23,12,0.9909833333333334
23,13,0.9908833333333334
23,14,0.9916833333333334
23,15,0.9915333333333333
23,16,0.9922
23,17,0.9919
23,18,0.9913166666666666
23,19,0.9918333333333333
23,20,0.99215
23,21,0.9921
23,22,0.9923666666666668
23,23,0.99205
23,24,0.99165
23,25,0.9921
23,26,0.992
23,27,0.99195
23,28,0.9921
23,29,0.9927
23,30,0.99295
23,31,0.9926
23,32,0.9922
23,33,0.99245
23,34,0.99275
23,35,0.9928
23,36,0.99335
23,37,0.99345
23,38,0.99375
23,39,0.9935
23,40,0.9932
23,41,0.9924333333333334
23,42,0.9929833333333334
23,43,0.993
23,44,0.9928
23,45,0.9927
23,46,0.9928
23,47,0.9928
23,48,0.99255
23,49,0.99275
23,50,0.9928
24,1,0.9492
24,2,0.94805
24,3,0.9793333333333332
24,4,0.98095
24,5,0.98587
24,6,0.9864999999999998
24,7,0.9885166666666666
24,8,0.9887833333333332
24,9,0.98975
24,10,0.9903666666666668
24,11,0.9916833333333334
24,12,0.9917333333333334
24,13,0.9916666666666668
24,14,0.9916
24,15,0.99205
24,16,0.99225
24,17,0.9922
24,18,0.992
24,19,0.99245
24,20,0.99165
24,21,0.99135
24,22,0.9916
24,23,0.9918
24,24,0.9919
24,25,0.99165
24,26,0.99155
24,27,0.9917
24,28,0.9913
24,29,0.9913
24,30,0.99145
24,31,0.9914
24,32,0.99145
24,33,0.99175
24,34,0.9916
24,35,0.99155
24,36,0.9916
24,37,0.9916
24,38,0.99185
24,39,0.99175
24,40,0.9917
24,41,0.9919
24,42,0.99185
24,43,0.99195
24,44,0.99195
24,45,0.99185
24,46,0.99205
24,47,0.99225
24,48,0.9926
24,49,0.99235
24,50,0.992
25,1,0.9455
25,2,0.94685
25,3,0.9765666666666668
25,4,0.982075
25,5,0.9858299999999999
25,6,0.98555
25,7,0.98655
25,8,0.9875333333333333
25,9,0.9878166666666668
25,10,0.9879833333333332
25,11,0.989
25,12,0.98949
25,13,0.98925
25,14,0.99005
25,15,0.9905333333333334
25,16,0.9914
25,17,0.99055
25,18,0.9907
25,19,0.9907
25,20,0.99115
25,21,0.9913
25,22,0.99105
25,23,0.99105
25,24,0.9908
25,25,0.99075
25,26,0.9908
25,27,0.99085
25,28,0.9914
25,29,0.9912
25,30,0.99155
25,31,0.992
25,32,0.99175
25,33,0.99185
25,34,0.9921
25,35,0.9922
25,36,0.9926333333333333
25,37,0.9927833333333332
25,38,0.99275
25,39,0.9924
25,40,0.99235
25,41,0.9923
25,42,0.99255
25,43,0.99265
25,44,0.99255
25,45,0.99235
25,46,0.9923
25,47,0.99255
25,48,0.9927
25,49,0.9927
25,50,0.99275
26,1,0.9448
26,2,0.94755
26,3,0.9790333333333334
26,4,0.982175
26,5,0.98477
26,6,0.9855999999999998
26,7,0.9871666666666667
26,8,0.98715
26,9,0.9886333333333334
26,10,0.9888666666666668
26,11,0.98925
26,12,0.9902333333333332
26,13,0.98955
26,14,0.99015
26,15,0.9905333333333333
26,16,0.99065
26,17,0.99065
26,18,0.99135
26,19,0.9911
26,20,0.99165
26,21,0.99145
26,22,0.9915
26,23,0.99185
26,24,0.9918833333333333
26,25,0.9921333333333334
26,26,0.9918833333333333
26,27,0.9924833333333334
26,28,0.9925
26,29,0.99275
26,30,0.9931
26,31,0.99325
26,32,0.9933166666666667
26,33,0.99295
26,34,0.99315
26,35,0.9933
26,36,0.9937
26,37,0.9936
26,38,0.9936
26,39,0.9935
26,40,0.99325
26,41,0.99335
26,42,0.99325
26,43,0.9934
26,44,0.99345
26,45,0.9932
26,46,0.99315
26,47,0.99305
26,48,0.99315
26,49,0.99325
26,50,0.99335
27,1,0.9481
27,2,0.9478
27,3,0.9777999999999997
27,4,0.981725
27,5,0.98539
27,6,0.9856833333333332
27,7,0.9862166666666666
27,8,0.9863
27,9,0.98815
27,10,0.98805
27,11,0.9882333333333334
27,12,0.9886
27,13,0.98955
27,14,0.9899
27,15,0.9904
27,16,0.99055
27,17,0.9907
27,18,0.99025
27,19,0.98975
27,20,0.99035
27,21,0.9906
27,22,0.99055
27,23,0.99065
27,24,0.991
27,25,0.9915
27,26,0.9914
27,27,0.99155
27,28,0.99195
27,29,0.9918
27,30,0.9917
27,31,0.9921
27,32,0.99195
27,33,0.99245
27,34,0.992
27,35,0.99175
27,36,0.9924
27,37,0.99275
27,38,0.9931
27,39,0.99295
27,40,0.99295
27,41,0.9927
27,42,0.9927
27,43,0.99285
27,44,0.9927
27,45,0.993
27,46,0.99265
27,47,0.99275
27,48,0.9926
27,49,0.9923
27,50,0.9923
28,1,0.9499
28,2,0.9512
28,3,0.9793666666666666
28,4,0.981575
28,5,0.98425
28,6,0.9861166666666666
28,7,0.98805
28,8,0.9879
28,9,0.9877583333333332
28,10,0.98855
28,11,0.98965
28,12,0.98975
28,13,0.98935
28,14,0.9907
28,15,0.99095
28,16,0.9911
28,17,0.99185
28,18,0.9915
28,19,0.9917
28,20,0.9914
28,21,0.9914
28,22,0.99155
28,23,0.9914
28,24,0.9913
28,25,0.99155
28,26,0.9914
28,27,0.99165
28,28,0.9915
28,29,0.99155
28,30,0.9915
28,31,0.9915666666666668
28,32,0.9911
28,33,0.99135
28,34,0.9916
28,35,0.99125
28,36,0.99135
28,37,0.9914
28,38,0.9912
28,39,0.9914
28,40,0.99125
28,41,0.99165
28,42,0.99185
28,43,0.9918
28,44,0.9921
28,45,0.99215
28,46,0.99195
28,47,0.9915166666666668
28,48,0.99175
28,49,0.99125
28,50,0.9917
29,1,0.9477
29,2,0.9482
29,3,0.9748
29,4,0.97895
29,5,0.98462
29,6,0.9844166666666668
29,7,0.9869666666666667
29,8,0.98675
29,9,0.9879333333333334
29,10,0.9886
29,11,0.9895
29,12,0.9902583333333332
29,13,0.99055
29,14,0.9903
29,15,0.98985
29,16,0.9895
29,17,0.99035
29,18,0.9906
29,19,0.99115
29,20,0.99115
29,21,0.9913833333333334
29,22,0.9916
29,23,0.9915
29,24,0.9915
29,25,0.99115
29,26,0.99085
29,27,0.99085
29,28,0.9909
29,29,0.99055
29,30,0.9907833333333332
29,31,0.9905
29,32,0.9907
29,33,0.9904333333333332
29,34,0.99055
29,35,0.99055
29,36,0.9905
29,37,0.9907
29,38,0.99105
29,39,0.9908
29,40,0.99085
29,41,0.99045
29,42,0.9908
29,43,0.9908
29,44,0.9906833333333332
29,45,0.9906
29,46,0.99035
29,47,0.99045
29,48,0.9902
29,49,0.9904
29,50,0.9904
30,1,0.9522
30,2,0.95425
30,3,0.9825333333333336
30,4,0.984925
30,5,0.9883
30,6,0.9885
30,7,0.98835
30,8,0.9897
30,9,0.9898833333333332
30,10,0.9906666666666668
30,11,0.99095
30,12,0.9912833333333334
30,13,0.99125
30,14,0.99125
30,15,0.9915833333333333
30,16,0.9917
30,17,0.9921
30,18,0.9923
30,19,0.99275
30,20,0.9922
30,21,0.9924
30,22,0.9926
30,23,0.99275
30,24,0.99265
30,25,0.9924
30,26,0.99255
30,27,0.9924666666666668
30,28,0.9924166666666668
30,29,0.99265
30,30,0.99265
30,31,0.99305
30,32,0.99295
30,33,0.9929
30,34,0.99285
30,35,0.99295
30,36,0.993
30,37,0.99315
30,38,0.99305
30,39,0.99315
30,40,0.9931
30,41,0.9933
30,42,0.9931666666666668
30,43,0.9934
30,44,0.9932
30,45,0.9932
30,46,0.99325
30,47,0.9931
30,48,0.99305
30,49,0.9934
30,50,0.9935
31,1,0.9482
31,2,0.95045
31,3,0.9800999999999999
31,4,0.983875
31,5,0.98825
31,6,0.9881000000000002
31,7,0.9894333333333334
31,8,0.990575
31,9,0.99125
31,10,0.99115
31,11,0.99095
31,12,0.9918
31,13,0.99195
31,14,0.99185
31,15,0.99145
31,16,0.9916333333333333
31,17,0.9917
31,18,0.9921333333333334
31,19,0.9928
31,20,0.99275
31,21,0.9923666666666668
31,22,0.9923
31,23,0.9922
31,24,0.9926
31,25,0.99285
31,26,0.99285
31,27,0.99285
31,28,0.9928
31,29,0.993
31,30,0.99295
31,31,0.99325
31,32,0.99325
31,33,0.99325
31,34,0.9933
31,35,0.99355
31,36,0.9934
31,37,0.9934
31,38,0.9934
31,39,0.99345
31,40,0.99365
31,41,0.9938166666666668
31,42,0.99355
31,43,0.9935
31,44,0.9939
31,45,0.9935
31,46,0.9934
31,47,0.9934
31,48,0.9935
31,49,0.99345
31,50,0.99325
32,1,0.946
32,2,0.9474
32,3,0.9766333333333338
32,4,0.980725
32,5,0.9855
32,6,0.9861166666666668
32,7,0.9883666666666666
32,8,0.989375
32,9,0.99025
32,10,0.9899333333333332
32,11,0.9911
32,12,0.9911
32,13,0.9902
32,14,0.9904333333333334
32,15,0.9904833333333332
32,16,0.9909
32,17,0.99125
32,18,0.99185
32,19,0.99295
32,20,0.99255
32,21,0.9928
32,22,0.9926
32,23,0.99225
32,24,0.99265
32,25,0.99255
32,26,0.99285
32,27,0.99295
32,28,0.9934
32,29,0.99375
32,30,0.9932
32,31,0.9932
32,32,0.99285
32,33,0.9929
32,34,0.9926
32,35,0.99285
32,36,0.9926
32,37,0.9924
32,38,0.99245
32,39,0.99205
32,40,0.9922
32,41,0.9925
32,42,0.9929
32,43,0.99245
32,44,0.9927
32,45,0.99295
32,46,0.993
32,47,0.99285
32,48,0.99315
32,49,0.99335
32,50,0.99325
33,1,0.9455
33,2,0.94455
33,3,0.9734333333333337
33,4,0.978075
33,5,0.98405
33,6,0.9853833333333334
33,7,0.9864
33,8,0.9865333333333334
33,9,0.98795
33,10,0.98755
33,11,0.9882666666666667
33,12,0.9882
33,13,0.9892333333333332
33,14,0.98995
33,15,0.9902
33,16,0.9909
33,17,0.99055
33,18,0.99055
33,19,0.9903
33,20,0.99085
33,21,0.9907
33,22,0.991
33,23,0.99105
33,24,0.9909
33,25,0.99115
33,26,0.9911
33,27,0.99125
33,28,0.99155
33,29,0.9916
33,30,0.99155
33,31,0.99205
33,32,0.9924
33,33,0.9919833333333332
33,34,0.9922
33,35,0.99205
33,36,0.9923
33,37,0.9919
33,38,0.9917
33,39,0.99145
33,40,0.9914
33,41,0.9915
33,42,0.9915
33,43,0.9917333333333332
33,44,0.9917
33,45,0.99155
33,46,0.99125
33,47,0.9917
33,48,0.99165
33,49,0.99185
33,50,0.99205
34,1,0.9494
34,2,0.9526
34,3,0.9793999999999998
34,4,0.982325
34,5,0.985
34,6,0.9868
34,7,0.98855
34,8,0.9894333333333334
34,9,0.9894333333333332
34,10,0.9894333333333334
34,11,0.9904
34,12,0.9904
34,13,0.9907
34,14,0.9901333333333334
34,15,0.99065
34,16,0.9910333333333332
34,17,0.99135
34,18,0.99155
34,19,0.9917833333333332
34,20,0.9916
34,21,0.99235
34,22,0.9925
34,23,0.9928833333333332
34,24,0.99295
34,25,0.99305
34,26,0.9928
34,27,0.9924
34,28,0.99215
34,29,0.9922
34,30,0.99225
34,31,0.9919
34,32,0.99205
34,33,0.99225
34,34,0.99205
34,35,0.9923
34,36,0.99185
34,37,0.99215
34,38,0.9919
34,39,0.99155
34,40,0.99195
34,41,0.99225
34,42,0.99245
34,43,0.9927
34,44,0.9927
34,45,0.9925
34,46,0.993
34,47,0.9926
34,48,0.99255
34,49,0.9926
34,50,0.9926
35,1,0.9492
35,2,0.94875
35,3,0.9757333333333336
35,4,0.979275
35,5,0.98372
35,6,0.9841666666666667
35,7,0.98725
35,8,0.98765
35,9,0.98685
35,10,0.9878833333333334
35,11,0.98865
35,12,0.98875
35,13,0.9893666666666668
35,14,0.9888666666666668
35,15,0.99015
35,16,0.99025
35,17,0.9906833333333334
35,18,0.99085
35,19,0.9913
35,20,0.9914333333333334
35,21,0.9915
35,22,0.99145
35,23,0.9917
35,24,0.9915
35,25,0.99105
35,26,0.99105
35,27,0.99125
35,28,0.9913
35,29,0.99115
35,30,0.99135
35,31,0.9911
35,32,0.99115
35,33,0.991
35,34,0.9910333333333332
35,35,0.9914
35,36,0.9915
35,37,0.99125
35,38,0.99125
35,39,0.99115
35,40,0.9912
35,41,0.9915
35,42,0.9914
35,43,0.99145
35,44,0.99135
35,45,0.99125
35,46,0.99125
35,47,0.99135
35,48,0.99145
35,49,0.99135
35,50,0.99125
36,1,0.9448
36,2,0.94575
36,3,0.9757999999999997
36,4,0.977725
36,5,0.98185
36,6,0.9843833333333332
36,7,0.9862666666666666
36,8,0.9864333333333334
36,9,0.9872833333333332
36,10,0.98815
36,11,0.98905
36,12,0.98885
36,13,0.9889
36,14,0.98975
36,15,0.9903
36,16,0.9902
36,17,0.9899
36,18,0.99025
36,19,0.9905
36,20,0.99085
36,21,0.9908
36,22,0.99125
36,23,0.9906
36,24,0.9902
36,25,0.99045
36,26,0.9911
36,27,0.9914
36,28,0.99125
36,29,0.9917
36,30,0.9923
36,31,0.9921
36,32,0.9913
36,33,0.99115
36,34,0.99095
36,35,0.99065
36,36,0.99055
36,37,0.99095
36,38,0.9906
36,39,0.99035
36,40,0.991
36,41,0.9912
36,42,0.99135
36,43,0.99145
36,44,0.99145
36,45,0.99175
36,46,0.9911
36,47,0.99095
36,48,0.99095
36,49,0.991
36,50,0.9912
37,1,0.9504
37,2,0.95145
37,3,0.979633333333333
37,4,0.9813
37,5,0.98524
37,6,0.9858166666666666
37,7,0.9879333333333334
37,8,0.98875
37,9,0.9890333333333332
37,10,0.9886699999999999
37,11,0.9891
37,12,0.9895833333333333
37,13,0.9903333333333334
37,14,0.99105
37,15,0.99105
37,16,0.99105
37,17,0.991
37,18,0.9913
37,19,0.99165
37,20,0.9914
37,21,0.9912
37,22,0.9917
37,23,0.9917
37,24,0.99205
37,25,0.9918
37,26,0.99205
37,27,0.99175
37,28,0.9923
37,29,0.99175
37,30,0.99185
37,31,0.99205
37,32,0.99175
37,33,0.9917
37,34,0.99205
37,35,0.99205
37,36,0.992
37,37,0.99235
37,38,0.9919
37,39,0.99235
37,40,0.99255
37,41,0.9927
37,42,0.9923
37,43,0.9923
37,44,0.9921
37,45,0.9923
37,46,0.99235
37,47,0.9925
37,48,0.99265
37,49,0.9928
37,50,0.9926
38,1,0.949
38,2,0.94965
38,3,0.9774666666666664
38,4,0.981675
38,5,0.9859899999999999
38,6,0.9881666666666667
38,7,0.98975
38,8,0.9902166666666667
38,9,0.9909333333333332
38,10,0.9914
38,11,0.9922
38,12,0.9914333333333332
38,13,0.9919833333333334
38,14,0.99225
38,15,0.9923333333333332
38,16,0.9926
38,17,0.99265
38,18,0.99205
38,19,0.9923
38,20,0.99195
38,21,0.9929
38,22,0.993
38,23,0.9925
38,24,0.9924
38,25,0.9926
38,26,0.99235
38,27,0.99265
38,28,0.9927
38,29,0.99285
38,30,0.99315
38,31,0.9929
38,32,0.9931
38,33,0.99285
38,34,0.99265
38,35,0.99195
38,36,0.99215
38,37,0.9922333333333334
38,38,0.9924
38,39,0.99265
38,40,0.9925
38,41,0.99235
38,42,0.99195
38,43,0.99245
38,44,0.9927
38,45,0.99255
38,46,0.9929
38,47,0.99275
38,48,0.9926
38,49,0.9921
38,50,0.9924
39,1,0.9508
39,2,0.9483
39,3,0.9762999999999996
39,4,0.979125
39,5,0.9822299999999999
39,6,0.98475
39,7,0.9856833333333334
39,8,0.98585
39,9,0.9879583333333332
39,10,0.987225
39,11,0.9876
39,12,0.9880833333333332
39,13,0.98835
39,14,0.98825
39,15,0.9886
39,16,0.98885
39,17,0.9886
39,18,0.9886
39,19,0.9889
39,20,0.98885
39,21,0.9895
39,22,0.9899333333333334
39,23,0.98995
39,24,0.99035
39,25,0.99045
39,26,0.9905
39,27,0.9904
39,28,0.9904
39,29,0.99025
39,30,0.9909
39,31,0.99105
39,32,0.99095
39,33,0.9911
39,34,0.9914
39,35,0.9912
39,36,0.99135
39,37,0.99135
39,38,0.9914
39,39,0.99115
39,40,0.9913
39,41,0.99125
39,42,0.99105
39,43,0.9911
39,44,0.9911
39,45,0.99145
39,46,0.9912
39,47,0.991
39,48,0.9912
39,49,0.99155
39,50,0.99115
40,1,0.9485
40,2,0.94735
40,3,0.9760666666666664
40,4,0.9798
40,5,0.9836
40,6,0.9851666666666666
40,7,0.9863
40,8,0.98605
40,9,0.98625
40,10,0.9870833333333332
40,11,0.988
40,12,0.9876
40,13,0.9884166666666666
40,14,0.9893
40,15,0.98965
40,16,0.99005
40,17,0.98985
40,18,0.98985
40,19,0.98925
40,20,0.9899
40,21,0.9898
40,22,0.98985
40,23,0.9902
40,24,0.9896
40,25,0.9898
40,26,0.99
40,27,0.9902
40,28,0.99045
40,29,0.9908
40,30,0.99075
40,31,0.99095
40,32,0.991
40,33,0.99045
40,34,0.9904
40,35,0.9905
40,36,0.99115
40,37,0.9911
40,38,0.99125
40,39,0.9911
40,40,0.9912
40,41,0.99105
40,42,0.99125
40,43,0.9916
40,44,0.9915
40,45,0.99155
40,46,0.99135
40,47,0.9912
40,48,0.99115
40,49,0.9911
40,50,0.9914
41,1,0.9438
41,2,0.946
41,3,0.976433333333333
41,4,0.982025
41,5,0.9847
41,6,0.9862833333333334
41,7,0.9872166666666666
41,8,0.9876833333333332
41,9,0.9891666666666666
41,10,0.9898833333333332
41,11,0.989225
41,12,0.9900533333333335
41,13,0.9898
41,14,0.9896
41,15,0.9900166666666667
41,16,0.9902833333333332
41,17,0.99045
41,18,0.9909166666666666
41,19,0.9903333333333332
41,20,0.990675
41,21,0.99125
41,22,0.9914666666666666
41,23,0.9915333333333333
41,24,0.991725
41,25,0.9922
41,26,0.9921
41,27,0.9921833333333332
41,28,0.9924
41,29,0.99255
41,30,0.9926
41,31,0.9924
41,32,0.9926
41,33,0.9924
41,34,0.9925
41,35,0.99245
41,36,0.9925
41,37,0.99245
41,38,0.9925
41,39,0.99305
41,40,0.993
41,41,0.99285
41,42,0.9927
41,43,0.9927
41,44,0.9926
41,45,0.99275
41,46,0.99295
41,47,0.9932
41,48,0.99295
41,49,0.993
41,50,0.9934
42,1,0.9479
42,2,0.9483
42,3,0.9782333333333334
42,4,0.982325
42,5,0.98708
42,6,0.9892666666666666
42,7,0.9895666666666666
42,8,0.9903333333333334
42,9,0.9911583333333333
42,10,0.9910333333333334
42,11,0.9912333333333332
42,12,0.9909916666666668
42,13,0.9916333333333333
42,14,0.9912
42,15,0.9912
42,16,0.99185
42,17,0.99235
42,18,0.9925
42,19,0.99275
42,20,0.9926
42,21,0.9929
42,22,0.9932
42,23,0.993
42,24,0.99275
42,25,0.99315
42,26,0.9938
42,27,0.99355
42,28,0.99405
42,29,0.9943
42,30,0.99385
42,31,0.9941
42,32,0.9942
42,33,0.9942
42,34,0.9938
42,35,0.99385
42,36,0.99375
42,37,0.9941
42,38,0.99405
42,39,0.99395
42,40,0.994
42,41,0.99405
42,42,0.994
42,43,0.99365
42,44,0.9937
42,45,0.9936
42,46,0.9935
42,47,0.99365
42,48,0.99345
42,49,0.9933
42,50,0.9934
43,1,0.9474
43,2,0.9473
43,3,0.9762333333333328
43,4,0.979275
43,5,0.98545
43,6,0.9849666666666668
43,7,0.9871500000000002
43,8,0.9879999999999998
43,9,0.9896333333333333
43,10,0.9897083333333332
43,11,0.9904
43,12,0.9906
43,13,0.99095
43,14,0.9919
43,15,0.9917
43,16,0.9914
43,17,0.991
43,18,0.99075
43,19,0.99095
43,20,0.991
43,21,0.9911
43,22,0.991
43,23,0.9906
43,24,0.99125
43,25,0.9915
43,26,0.99165
43,27,0.9918333333333333
43,28,0.9919
43,29,0.99225
43,30,0.9922
43,31,0.9927333333333334
43,32,0.99245
43,33,0.9921
43,34,0.9925
43,35,0.9926
43,36,0.99265
43,37,0.9928
43,38,0.9926
43,39,0.9921
43,40,0.9923
43,41,0.99245
43,42,0.99265
43,43,0.9922
43,44,0.9926
43,45,0.99265
43,46,0.99275
43,47,0.99295
43,48,0.99255
43,49,0.9924
43,50,0.99315
44,1,0.9501
44,2,0.94845
44,3,0.9752999999999996
44,4,0.979575
44,5,0.9836099999999999
44,6,0.9841166666666666
44,7,0.98685
44,8,0.9873916666666668
44,9,0.9879583333333334
44,10,0.988475
44,11,0.9888
44,12,0.9889333333333332
44,13,0.9892
44,14,0.98845
44,15,0.9889166666666666
44,16,0.98905
44,17,0.9889
44,18,0.98855
44,19,0.9887
44,20,0.9891
44,21,0.9893
44,22,0.9893
44,23,0.9897
44,24,0.9901
44,25,0.99025
44,26,0.9905
44,27,0.9904
44,28,0.9905
44,29,0.99055
44,30,0.9906333333333333
44,31,0.9908
44,32,0.99095
44,33,0.99105
44,34,0.99115
44,35,0.99075
44,36,0.9908
44,37,0.99045
44,38,0.9905
44,39,0.99055
44,40,0.9908
44,41,0.9904333333333332
44,42,0.99085
44,43,0.99065
44,44,0.9905
44,45,0.9904333333333332
44,46,0.99065
44,47,0.9904
44,48,0.99045
44,49,0.99075
44,50,0.99065
45,1,0.9485
45,2,0.9476
45,3,0.9783666666666668
45,4,0.9809
45,5,0.9850200000000001
45,6,0.9846333333333332
45,7,0.9858166666666668
45,8,0.9872
45,9,0.9883333333333332
45,10,0.98815
45,11,0.98885
45,12,0.9888833333333332
45,13,0.9897666666666666
45,14,0.98915
45,15,0.9897333333333334
45,16,0.98965
45,17,0.9902833333333332
45,18,0.990475
45,19,0.99065
45,20,0.99105
45,21,0.9904
45,22,0.9912
45,23,0.99125
45,24,0.991
45,25,0.9904
45,26,0.9908
45,27,0.9907
45,28,0.99015
45,29,0.99035
45,30,0.9906
45,31,0.99085
45,32,0.99115
45,33,0.9916
45,34,0.99135
45,35,0.99095
45,36,0.99105
45,37,0.9909
45,38,0.9909
45,39,0.9903
45,40,0.99005
45,41,0.99065
45,42,0.99055
45,43,0.99085
45,44,0.99085
45,45,0.99095
45,46,0.99025
45,47,0.99065
45,48,0.9906
45,49,0.9903
45,50,0.99045
46,1,0.9529
46,2,0.95305
46,3,0.9796000000000001
46,4,0.981175
46,5,0.985
46,6,0.9865000000000002
46,7,0.98845
46,8,0.9886166666666668
46,9,0.98945
46,10,0.9898
46,11,0.9900833333333332
46,12,0.99025
46,13,0.98985
46,14,0.99005
46,15,0.99035
46,16,0.9897
46,17,0.99
46,18,0.99005
46,19,0.9906
46,20,0.9903166666666666
46,21,0.9904166666666666
46,22,0.9903666666666666
46,23,0.9909166666666666
46,24,0.9908
46,25,0.99105
46,26,0.99125
46,27,0.99115
46,28,0.99135
46,29,0.99115
46,30,0.9912
46,31,0.9915
46,32,0.99175
46,33,0.992
46,34,0.9918
46,35,0.99155
46,36,0.99135
46,37,0.99185
46,38,0.9917
46,39,0.9917
46,40,0.9924
46,41,0.99195
46,42,0.9922
46,43,0.9924
46,44,0.9925
46,45,0.9924
46,46,0.9924
46,47,0.99215
46,48,0.99215
46,49,0.9921
46,50,0.99235
47,1,0.9507
47,2,0.94955
47,3,0.9785666666666665
47,4,0.979575
47,5,0.9849
47,6,0.9856166666666668
47,7,0.9874666666666666
47,8,0.9882
47,9,0.98865
47,10,0.9889666666666668
47,11,0.98965
47,12,0.9897333333333334
47,13,0.9898
47,14,0.9896333333333333
47,15,0.9899833333333334
47,16,0.9904
47,17,0.9902
47,18,0.99075
47,19,0.99075
47,20,0.99055
47,21,0.9909
47,22,0.99125
47,23,0.9913
47,24,0.99105
47,25,0.99135
47,26,0.99155
47,27,0.9915
47,28,0.9914
47,29,0.9917
47,30,0.99125
47,31,0.9916
47,32,0.9916
47,33,0.9914
47,34,0.99155
47,35,0.99135
47,36,0.99135
47,37,0.99105
47,38,0.9914
47,39,0.99115
47,40,0.9917
47,41,0.9919
47,42,0.99175
47,43,0.9914
47,44,0.99165
47,45,0.9914
47,46,0.99185
47,47,0.99195
47,48,0.9919
47,49,0.99195
47,50,0.992
48,1,0.944
48,2,0.9486
48,3,0.9772666666666666
48,4,0.97965
48,5,0.98375
48,6,0.9859
48,7,0.9878833333333332
48,8,0.988175
48,9,0.9886
48,10,0.9889
48,11,0.9890999999999999
48,12,0.9896
48,13,0.98935
48,14,0.98985
48,15,0.9896666666666666
48,16,0.9896333333333333
48,17,0.9896
48,18,0.9899
48,19,0.99075
48,20,0.9907
48,21,0.9909
48,22,0.9912
48,23,0.99195
48,24,0.9916666666666666
48,25,0.9914
48,26,0.9918
48,27,0.99155
48,28,0.99165
48,29,0.99175
48,30,0.99215
48,31,0.9923
48,32,0.99255
48,33,0.99255
48,34,0.9927
48,35,0.9927
48,36,0.99205
48,37,0.99235
48,38,0.9921
48,39,0.9922
48,40,0.9926
48,41,0.99225
48,42,0.9921166666666668
48,43,0.9921
48,44,0.99255
48,45,0.9922
48,46,0.99215
48,47,0.99265
48,48,0.9922
48,49,0.99185
48,50,0.99215
49,1,0.947
49,2,0.94675
49,3,0.9739333333333334
49,4,0.977175
49,5,0.9820700000000001
49,6,0.9844166666666666
49,7,0.9859833333333332
49,8,0.9870666666666668
49,9,0.9881333333333332
49,10,0.98765
49,11,0.9879
49,12,0.9881833333333332
49,13,0.98915
49,14,0.9891
49,15,0.9888833333333332
49,16,0.9893333333333332
49,17,0.9896
49,18,0.99
49,19,0.99025
49,20,0.9906666666666668
49,21,0.99125
49,22,0.991
49,23,0.99105
49,24,0.9908833333333332
49,25,0.9912
49,26,0.991
49,27,0.9913333333333332
49,28,0.99155
49,29,0.99165
49,30,0.9919
49,31,0.99235
49,32,0.9918
49,33,0.993
49,34,0.992
49,35,0.9922
49,36,0.99215
49,37,0.9925
49,38,0.99275
49,39,0.99215
49,40,0.99195
49,41,0.99195
49,42,0.9921
49,43,0.9924
49,44,0.99245
49,45,0.99265
49,46,0.99255
49,47,0.99265
49,48,0.99255
49,49,0.99245
49,50,0.99245
50,1,0.9436
50,2,0.94745
50,3,0.9756666666666666
50,4,0.980275
50,5,0.9834400000000001
50,6,0.98495
50,7,0.9872166666666666
50,8,0.9871
50,9,0.9877083333333334
50,10,0.988
50,11,0.989
50,12,0.9887
50,13,0.9887
50,14,0.9891
50,15,0.9893
50,16,0.9894833333333332
50,17,0.98945
50,18,0.99015
50,19,0.98955
50,20,0.98975
50,21,0.98975
50,22,0.98965
50,23,0.98955
50,24,0.98985
50,25,0.9892
50,26,0.98955
50,27,0.98965
50,28,0.99035
50,29,0.99005
50,30,0.98985
50,31,0.99025
50,32,0.9901333333333332
50,33,0.99015
50,34,0.9905
50,35,0.9908
50,36,0.9901833333333332
50,37,0.99025
50,38,0.99035
50,39,0.9902
50,40,0.9902
50,41,0.9902
50,42,0.99055
50,43,0.99075
50,44,0.99065
50,45,0.99085
50,46,0.99075
50,47,0.99115
50,48,0.99145
50,49,0.99135
50,50,0.9914
51,1,0.9469
51,2,0.9485
51,3,0.976066666666667
51,4,0.979825
51,5,0.9817
51,6,0.9821333333333334
51,7,0.98535
51,8,0.9843
51,9,0.9853
51,10,0.9855333333333333
51,11,0.98715
51,12,0.98805
51,13,0.9892833333333334
51,14,0.9892
51,15,0.98905
51,16,0.98955
51,17,0.9894
51,18,0.99015
51,19,0.98995
51,20,0.9901
51,21,0.99015
51,22,0.99055
51,23,0.9908
51,24,0.99015
51,25,0.99045
51,26,0.9898
51,27,0.98985
51,28,0.9896
51,29,0.9902
51,30,0.9909
51,31,0.99135
51,32,0.9914
51,33,0.99135
51,34,0.991
51,35,0.9915
51,36,0.9907
51,37,0.99075
51,38,0.9913
51,39,0.99065
51,40,0.99075
51,41,0.9905
51,42,0.99055
51,43,0.99065
51,44,0.9906
51,45,0.99075
51,46,0.9907
51,47,0.99065
51,48,0.99095
51,49,0.99075
51,50,0.9907
52,1,0.9514
52,2,0.9508
52,3,0.9768333333333334
52,4,0.9794
52,5,0.9840200000000001
52,6,0.9862166666666667
52,7,0.98675
52,8,0.9882666666666667
52,9,0.98875
52,10,0.9890333333333334
52,11,0.99
52,12,0.9895166666666666
52,13,0.9895833333333333
52,14,0.9901
52,15,0.98955
52,16,0.9901166666666666
52,17,0.99065
52,18,0.98965
52,19,0.98985
52,20,0.99025
52,21,0.99
52,22,0.98965
52,23,0.98935
52,24,0.9895
52,25,0.99015
52,26,0.99015
52,27,0.9901
52,28,0.99035
52,29,0.9909
52,30,0.9912
52,31,0.99135
52,32,0.99085
52,33,0.99115
52,34,0.9912
52,35,0.99145
52,36,0.99155
52,37,0.99115
52,38,0.99115
52,39,0.99135
52,40,0.99185
52,41,0.9913833333333334
52,42,0.99195
52,43,0.99195
52,44,0.99215
52,45,0.9925333333333334
52,46,0.9927333333333334
52,47,0.9925833333333334
52,48,0.9923
52,49,0.99235
52,50,0.99235
53,1,0.9511
53,2,0.95115
53,3,0.9783333333333336
53,4,0.98045
53,5,0.98421
53,6,0.98545
53,7,0.9871
53,8,0.9879
53,9,0.9886833333333334
53,10,0.98995
53,11,0.9905
53,12,0.9911
53,13,0.9912
53,14,0.99125
53,15,0.9914
53,16,0.99195
53,17,0.99185
53,18,0.99225
53,19,0.9921
53,20,0.9922
53,21,0.9928
53,22,0.9928
53,23,0.9927
53,24,0.9926
53,25,0.993
53,26,0.9931
53,27,0.99345
53,28,0.99335
53,29,0.9932
53,30,0.9929
53,31,0.993
53,32,0.9928
53,33,0.9927833333333334
53,34,0.99315
53,35,0.99345
53,36,0.9929
53,37,0.9928
53,38,0.9926
53,39,0.9926
53,40,0.99245
53,41,0.99265
53,42,0.9928
53,43,0.99275
53,44,0.99285
53,45,0.99275
53,46,0.9929
53,47,0.9929
53,48,0.99295
53,49,0.99295
53,50,0.9928
54,1,0.9517
54,2,0.94765
54,3,0.9777666666666665
54,4,0.98065
54,5,0.98467
54,6,0.9852166666666667
54,7,0.9857833333333332
54,8,0.9867833333333333
54,9,0.9881333333333332
54,10,0.9879833333333334
54,11,0.9889333333333334
54,12,0.9886
54,13,0.9896
54,14,0.9895333333333334
54,15,0.9894833333333334
54,16,0.9896
54,17,0.9903333333333334
54,18,0.9907
54,19,0.99055
54,20,0.99065
54,21,0.9902
54,22,0.9901166666666668
54,23,0.9903
54,24,0.99025
54,25,0.9914
54,26,0.99095
54,27,0.9906
54,28,0.9906166666666668
54,29,0.9908666666666668
54,30,0.9907
54,31,0.99055
54,32,0.99075
54,33,0.99125
54,34,0.99135
54,35,0.9913
54,36,0.99105
54,37,0.99075
54,38,0.9911333333333334
54,39,0.9909
54,40,0.9911
54,41,0.9913166666666667
54,42,0.9915666666666666
54,43,0.9916
54,44,0.9916
54,45,0.99145
54,46,0.99165
54,47,0.99175
54,48,0.9915666666666666
54,49,0.9912
54,50,0.9915
55,1,0.9448
55,2,0.94835
55,3,0.9772999999999998
55,4,0.9787
55,5,0.98315
55,6,0.9841833333333332
55,7,0.9860333333333334
55,8,0.9856
55,9,0.9876
55,10,0.9883333333333334
55,11,0.9888333333333333
55,12,0.9887166666666668
55,13,0.9894833333333334
55,14,0.989675
55,15,0.9902333333333334
55,16,0.9899
55,17,0.9894
55,18,0.99015
55,19,0.99
55,20,0.98985
55,21,0.9905
55,22,0.98975
55,23,0.98955
55,24,0.98925
55,25,0.9894833333333332
55,26,0.9899
55,27,0.99
55,28,0.98985
55,29,0.98985
55,30,0.9898
55,31,0.9902
55,32,0.99085
55,33,0.9911
55,34,0.99055
55,35,0.9909
55,36,0.9912
55,37,0.99135
55,38,0.9915
55,39,0.9912
55,40,0.99105
55,41,0.99105
55,42,0.99135
55,43,0.99135
55,44,0.9915
55,45,0.9914
55,46,0.9918
55,47,0.99155
55,48,0.99195
55,49,0.992
55,50,0.9919
56,1,0.9502
56,2,0.9491
56,3,0.9755666666666666
56,4,0.9779
56,5,0.98065
56,6,0.9837833333333333
56,7,0.9856333333333333
56,8,0.9858
56,9,0.9869166666666668
56,10,0.98745
56,11,0.9883833333333332
56,12,0.98845
56,13,0.9886166666666668
56,14,0.98885
56,15,0.98895
56,16,0.9899
56,17,0.9896
56,18,0.9902
56,19,0.99065
56,20,0.99055
56,21,0.99135
56,22,0.991
56,23,0.99075
56,24,0.9908
56,25,0.9913
56,26,0.99065
56,27,0.9908
56,28,0.99055
56,29,0.9905666666666668
56,30,0.9907
56,31,0.9907
56,32,0.9907
56,33,0.9916
56,34,0.9912
56,35,0.99085
56,36,0.9911
56,37,0.99095
56,38,0.9909
56,39,0.991
56,40,0.9916
56,41,0.99135
56,42,0.99135
56,43,0.9919
56,44,0.9915
56,45,0.9915
56,46,0.9916
56,47,0.9916
56,48,0.99165
56,49,0.99145
56,50,0.99145
57,1,0.9484
57,2,0.9476
57,3,0.9785666666666666
57,4,0.98085
57,5,0.98569
57,6,0.9865666666666668
57,7,0.9886666666666666
57,8,0.98775
57,9,0.9887
57,10,0.9887999999999998
57,11,0.9894666666666668
57,12,0.9897666666666668
57,13,0.99
57,14,0.99025
57,15,0.9905
57,16,0.9902666666666667
57,17,0.99065
57,18,0.99125
57,19,0.99145
57,20,0.99145
57,21,0.9914
57,22,0.9918
57,23,0.9921666666666666
57,24,0.9923
57,25,0.99255
57,26,0.99215
57,27,0.99285
57,28,0.99265
57,29,0.9929
57,30,0.9929
57,31,0.99315
57,32,0.9933
57,33,0.9929833333333332
57,34,0.9927
57,35,0.99305
57,36,0.9929
57,37,0.9926
57,38,0.993
57,39,0.99285
57,40,0.99305
57,41,0.99285
57,42,0.99285
57,43,0.9928
57,44,0.9929
57,45,0.9927
57,46,0.99255
57,47,0.9928
57,48,0.9927
57,49,0.99285
57,50,0.99255
58,1,0.9479
58,2,0.9478
58,3,0.9751
58,4,0.978775
58,5,0.9828100000000001
58,6,0.98475
58,7,0.9859166666666668
58,8,0.9868
58,9,0.98805
58,10,0.98835
58,11,0.98855
58,12,0.989
58,13,0.9894
58,14,0.9899
58,15,0.989725
58,16,0.98965
58,17,0.9892
58,18,0.98925
58,19,0.9898
58,20,0.98965
58,21,0.98965
58,22,0.9898
58,23,0.9904
58,24,0.98975
58,25,0.99005
58,26,0.99035
58,27,0.9904
58,28,0.9903
58,29,0.99105
58,30,0.9908
58,31,0.99095
58,32,0.9915
58,33,0.99105
58,34,0.99105
58,35,0.991
58,36,0.99085
58,37,0.99145
58,38,0.99155
58,39,0.99165
58,40,0.99135
58,41,0.99095
58,42,0.9915
58,43,0.99085
58,44,0.99135
58,45,0.9912
58,46,0.99105
58,47,0.991
58,48,0.99145
58,49,0.9913
58,50,0.9917
59,1,0.9488
59,2,0.94865
59,3,0.9763333333333332
59,4,0.981025
59,5,0.98354
59,6,0.9848333333333332
59,7,0.9881166666666666
59,8,0.98845
59,9,0.9898833333333334
59,10,0.9904166666666668
59,11,0.98965
59,12,0.99125
59,13,0.9922833333333332
59,14,0.9920166666666668
59,15,0.992
59,16,0.9920833333333332
59,17,0.9916333333333333
59,18,0.9917333333333332
59,19,0.9919
59,20,0.9921
59,21,0.9917
59,22,0.99225
59,23,0.99225
59,24,0.9922
59,25,0.9929
59,26,0.99295
59,27,0.99305
59,28,0.99275
59,29,0.99265
59,30,0.99265
59,31,0.9926
59,32,0.99275
59,33,0.9923
59,34,0.99255
59,35,0.993
59,36,0.99315
59,37,0.9931
59,38,0.9934333333333332
59,39,0.99355
59,40,0.99345
59,41,0.9937
59,42,0.99365
59,43,0.9934
59,44,0.9934
59,45,0.99365
59,46,0.99375
59,47,0.9939
59,48,0.99425
59,49,0.99405
59,50,0.99395
60,1,0.9499
60,2,0.94995
60,3,0.9782000000000002
60,4,0.980675
60,5,0.9838899999999999
60,6,0.9850166666666668
60,7,0.9860833333333332
60,8,0.9869833333333332
60,9,0.9886833333333334
60,10,0.98935
60,11,0.9901833333333332
60,12,0.99065
60,13,0.9902333333333334
60,14,0.99
60,15,0.9904
60,16,0.9899833333333334
60,17,0.9897
60,18,0.99025
60,19,0.9902
60,20,0.99115
60,21,0.9918
60,22,0.99145
60,23,0.99195
60,24,0.99165
60,25,0.9914
60,26,0.99165
60,27,0.992
60,28,0.9919
60,29,0.9924
60,30,0.99195
60,31,0.99155
60,32,0.9918
60,33,0.99175
60,34,0.9921
60,35,0.99195
60,36,0.99165
60,37,0.9915
60,38,0.99165
60,39,0.9919
60,40,0.99195
60,41,0.99235
60,42,0.99215
60,43,0.9924
60,44,0.9923
60,45,0.99215
60,46,0.99175
60,47,0.99165
60,48,0.9916
60,49,0.9917
60,50,0.99155
61,1,0.947
61,2,0.94885
61,3,0.977533333333333
61,4,0.98025
61,5,0.9840200000000001
61,6,0.9844333333333332
61,7,0.9878833333333332
61,8,0.9869833333333332
61,9,0.98845
61,10,0.9889
61,11,0.98925
61,12,0.9899
61,13,0.9901166666666668
61,14,0.9899
61,15,0.9901666666666668
61,16,0.9901333333333334
61,17,0.99005
61,18,0.9912166666666667
61,19,0.99095
61,20,0.9909333333333332
61,21,0.991
61,22,0.99095
61,23,0.99075
61,24,0.99145
61,25,0.99185
61,26,0.9922
61,27,0.9920333333333332
61,28,0.9924833333333332
61,29,0.9924
61,30,0.9925
61,31,0.99255
61,32,0.99215
61,33,0.99165
61,34,0.9919
61,35,0.99145
61,36,0.9918333333333332
61,37,0.99205
61,38,0.99245
61,39,0.9921333333333332
61,40,0.99235
61,41,0.99255
61,42,0.99265
61,43,0.9925
61,44,0.99275
61,45,0.9925
61,46,0.99235
61,47,0.99235
61,48,0.9923
61,49,0.99285
61,50,0.9932
62,1,0.9503
62,2,0.9485
62,3,0.9754000000000002
62,4,0.977575
62,5,0.9809899999999999
62,6,0.98285
62,7,0.9867333333333332
62,8,0.9870166666666668
62,9,0.9889166666666668
62,10,0.9892333333333332
62,11,0.99
62,12,0.9905
62,13,0.991
62,14,0.9913
62,15,0.99155
62,16,0.9915
62,17,0.9912
62,18,0.9915
62,19,0.99175
62,20,0.99235
62,21,0.9924
62,22,0.99275
62,23,0.9927
62,24,0.9926
62,25,0.9932
62,26,0.99345
62,27,0.99365
62,28,0.99335
62,29,0.9935
62,30,0.9936
62,31,0.99355
62,32,0.99355
62,33,0.9935
62,34,0.99345
62,35,0.9933
62,36,0.99305
62,37,0.99265
62,38,0.9926
62,39,0.9927
62,40,0.99295
62,41,0.99285
62,42,0.9926
62,43,0.99235
62,44,0.9926
62,45,0.993
62,46,0.9931
62,47,0.9931
62,48,0.9929
62,49,0.99275
62,50,0.993
63,1,0.9506
63,2,0.9495
63,3,0.9778999999999994
63,4,0.980375
63,5,0.9858
63,6,0.9858666666666666
63,7,0.9879666666666667
63,8,0.9899
63,9,0.9896666666666668
63,10,0.9894666666666666
63,11,0.9900333333333334
63,12,0.99085
63,13,0.9912
63,14,0.99125
63,15,0.99105
63,16,0.99105
63,17,0.99155
63,18,0.99105
63,19,0.99125
63,20,0.99165
63,21,0.9918
63,22,0.99205
63,23,0.9917
63,24,0.9917
63,25,0.99165
63,26,0.99185
63,27,0.9918
63,28,0.9919833333333332
63,29,0.99265
63,30,0.99235
63,31,0.992
63,32,0.99195
63,33,0.99185
63,34,0.9916333333333333
63,35,0.9918333333333332
63,36,0.9918
63,37,0.99195
63,38,0.99215
63,39,0.99235
63,40,0.9924
63,41,0.9922
63,42,0.99235
63,43,0.9925
63,44,0.9925
63,45,0.99255
63,46,0.9925
63,47,0.99225
63,48,0.9927
63,49,0.99275
63,50,0.99235
64,1,0.9515
64,2,0.95065
64,3,0.9812666666666663
64,4,0.983975
64,5,0.98603
64,6,0.9873
64,7,0.9885166666666668
64,8,0.98835
64,9,0.9889666666666667
64,10,0.9884833333333334
64,11,0.9883333333333332
64,12,0.9892
64,13,0.9888333333333332
64,14,0.9901666666666666
64,15,0.9907
64,16,0.9907
64,17,0.9912166666666667
64,18,0.9917
64,19,0.99185
64,20,0.99145
64,21,0.9913166666666667
64,22,0.992
64,23,0.9915666666666666
64,24,0.9916666666666668
64,25,0.99225
64,26,0.9922
64,27,0.99215
64,28,0.99215
64,29,0.9925
64,30,0.99235
64,31,0.9922
64,32,0.99235
64,33,0.99255
64,34,0.99265
64,35,0.99265
64,36,0.99275
64,37,0.99275
64,38,0.9929
64,39,0.9929
64,40,0.9932
64,41,0.993
64,42,0.9929
64,43,0.9926
64,44,0.99255
64,45,0.9926
64,46,0.99265
64,47,0.99235
64,48,0.99225
64,49,0.9923
64,50,0.99245
65,1,0.9507
65,2,0.9489
65,3,0.977733333333333
65,4,0.9797
65,5,0.9845200000000001
65,6,0.9855833333333334
65,7,0.9875333333333333
65,8,0.9876083333333332
65,9,0.9896333333333333
65,10,0.9894666666666666
65,11,0.98975
65,12,0.9898166666666668
65,13,0.9897499999999998
65,14,0.9901333333333334
65,15,0.9897
65,16,0.9895333333333333
65,17,0.9904
65,18,0.9895166666666668
65,19,0.9900833333333332
65,20,0.9903
65,21,0.9903166666666667
65,22,0.99065
65,23,0.99085
65,24,0.9903
65,25,0.9905
65,26,0.9908333333333333
65,27,0.9904833333333334
65,28,0.9907333333333334
65,29,0.99135
65,30,0.9912
65,31,0.9909166666666668
65,32,0.9914
65,33,0.99115
65,34,0.9911666666666668
65,35,0.9914
65,36,0.99145
65,37,0.99155
65,38,0.99185
65,39,0.99205
65,40,0.9922
65,41,0.99205
65,42,0.99225
65,43,0.992
65,44,0.99205
65,45,0.9919
65,46,0.9916
65,47,0.99185
65,48,0.9918
65,49,0.992
65,50,0.9918
66,1,0.9519
66,2,0.95135
66,3,0.9778666666666668
66,4,0.97915
66,5,0.9821
66,6,0.9835166666666668
66,7,0.9839833333333334
66,8,0.986275
66,9,0.9890833333333334
66,10,0.98865
66,11,0.9893833333333334
66,12,0.99025
66,13,0.98995
66,14,0.98985
66,15,0.99045
66,16,0.99035
66,17,0.99044
66,18,0.99095
66,19,0.9914666666666668
66,20,0.99155
66,21,0.9919
66,22,0.9922
66,23,0.99235
66,24,0.9922
66,25,0.992
66,26,0.99245
66,27,0.9925
66,28,0.9927
66,29,0.99255
66,30,0.9929
66,31,0.99305
66,32,0.9928833333333332
66,33,0.9927
66,34,0.99265
66,35,0.9926
66,36,0.99275
66,37,0.9931
66,38,0.9932
66,39,0.9929
66,40,0.9931
66,41,0.9928333333333333
66,42,0.9928833333333333
66,43,0.9927333333333334
66,44,0.99285
66,45,0.9927
66,46,0.99275
66,47,0.99295
66,48,0.99335
66,49,0.99335
66,50,0.9934
67,1,0.9475
67,2,0.947
67,3,0.9775
67,4,0.980475
67,5,0.9845700000000001
67,6,0.9861333333333334
67,7,0.98845
67,8,0.9882
67,9,0.9886833333333332
67,10,0.9893166666666667
67,11,0.98965
67,12,0.99005
67,13,0.9907166666666668
67,14,0.99035
67,15,0.9903
67,16,0.99075
67,17,0.9909
67,18,0.9910333333333332
67,19,0.99205
67,20,0.99225
67,21,0.9925
67,22,0.99295
67,23,0.9926
67,24,0.99295
67,25,0.9933
67,26,0.9931
67,27,0.99315
67,28,0.99315
67,29,0.9929833333333332
67,30,0.9930333333333332
67,31,0.9931
67,32,0.9928
67,33,0.993
67,34,0.99295
67,35,0.9931
67,36,0.9931833333333332
67,37,0.99275
67,38,0.99245
67,39,0.9928333333333332
67,40,0.99305
67,41,0.993
67,42,0.9932333333333332
67,43,0.99335
67,44,0.9933
67,45,0.9931
67,46,0.993
67,47,0.9932
67,48,0.9932
67,49,0.99345
67,50,0.99325
68,1,0.9493
68,2,0.95
68,3,0.977733333333333
68,4,0.980225
68,5,0.9841700000000001
68,6,0.98485
68,7,0.9874666666666666
68,8,0.98815
68,9,0.9886
68,10,0.9888
68,11,0.9895833333333334
68,12,0.98945
68,13,0.99055
68,14,0.98995
68,15,0.9908
68,16,0.99025
68,17,0.9906333333333334
68,18,0.99085
68,19,0.9905
68,20,0.9907
68,21,0.9910833333333334
68,22,0.99115
68,23,0.9912
68,24,0.9912
68,25,0.9914833333333334
68,26,0.9909833333333334
68,27,0.99125
68,28,0.99125
68,29,0.9919
68,30,0.99135
68,31,0.99125
68,32,0.992
68,33,0.992
68,34,0.99225
68,35,0.99235
68,36,0.9921
68,37,0.99255
68,38,0.9927
68,39,0.9926
68,40,0.99255
68,41,0.9927
68,42,0.99275
68,43,0.99275
68,44,0.99295
68,45,0.9925
68,46,0.99245
68,47,0.993
68,48,0.99295
68,49,0.99315
68,50,0.99285
69,1,0.9419
69,2,0.9436
69,3,0.9760333333333329
69,4,0.9796
69,5,0.98315
69,6,0.9846166666666668
69,7,0.9867166666666668
69,8,0.98785
69,9,0.9899833333333334
69,10,0.9903666666666668
69,11,0.9909333333333334
69,12,0.99065
69,13,0.9913333333333332
69,14,0.9917
69,15,0.99135
69,16,0.9914833333333332
69,17,0.9923333333333332
69,18,0.99215
69,19,0.9917333333333332
69,20,0.9925
69,21,0.9925833333333333
69,22,0.9928
69,23,0.9928
69,24,0.99305
69,25,0.9925833333333333
69,26,0.9923
69,27,0.99205
69,28,0.9923166666666667
69,29,0.9925
69,30,0.99305
69,31,0.99275
69,32,0.99295
69,33,0.9931
69,34,0.99275
69,35,0.9934
69,36,0.99325
69,37,0.99325
69,38,0.99335
69,39,0.9932
69,40,0.99305
69,41,0.993
69,42,0.993
69,43,0.99275
69,44,0.9930833333333332
69,45,0.9931
69,46,0.99285
69,47,0.99295
69,48,0.9928
69,49,0.9928
69,50,0.99285
70,1,0.9429
70,2,0.9436
70,3,0.9763666666666669
70,4,0.979575
70,5,0.98229
70,6,0.9844166666666666
70,7,0.9861333333333334
70,8,0.98805
70,9,0.9884666666666666
70,10,0.9887
70,11,0.99015
70,12,0.9897833333333332
70,13,0.99015
70,14,0.9901
70,15,0.9908
70,16,0.9912
70,17,0.9912666666666667
70,18,0.99125
70,19,0.9916
70,20,0.9916
70,21,0.9914
70,22,0.9912
70,23,0.9912
70,24,0.9911
70,25,0.99205
70,26,0.99245
70,27,0.99235
70,28,0.9925
70,29,0.99225
70,30,0.99235
70,31,0.99215
70,32,0.9923
70,33,0.9924
70,34,0.992
70,35,0.99235
70,36,0.9922
70,37,0.9919
70,38,0.992
70,39,0.99175
70,40,0.9921
70,41,0.99195
70,42,0.99175
70,43,0.99195
70,44,0.99195
70,45,0.99185
70,46,0.99155
70,47,0.99135
70,48,0.99145
70,49,0.99115
70,50,0.99115
71,1,0.9508
71,2,0.94805
71,3,0.9782666666666666
71,4,0.980925
71,5,0.9858399999999999
71,6,0.9855
71,7,0.9875
71,8,0.9882166666666666
71,9,0.9884083333333334
71,10,0.9889
71,11,0.99035
71,12,0.9899333333333332
71,13,0.9900833333333332
71,14,0.9898333333333332
71,15,0.9903
71,16,0.9905
71,17,0.9911833333333332
71,18,0.9908833333333334
71,19,0.99095
71,20,0.99085
71,21,0.99105
71,22,0.99125
71,23,0.99135
71,24,0.9908666666666668
71,25,0.9905
71,26,0.9904833333333332
71,27,0.99095
71,28,0.9915
71,29,0.9915
71,30,0.99205
71,31,0.99225
71,32,0.9921
71,33,0.9917
71,34,0.9922
71,35,0.99165
71,36,0.99185
71,37,0.9919666666666668
71,38,0.9919
71,39,0.9917
71,40,0.9918
71,41,0.99185
71,42,0.99235
71,43,0.99195
71,44,0.992
71,45,0.99205
71,46,0.99225
71,47,0.9922
71,48,0.99195
71,49,0.99185
71,50,0.99215
72,1,0.949
72,2,0.94905
72,3,0.9784333333333336
72,4,0.982
72,5,0.98675
72,6,0.9859166666666666
72,7,0.9878666666666666
72,8,0.9885833333333333
72,9,0.98875
72,10,0.9895666666666666
72,11,0.9907166666666666
72,12,0.9909333333333334
72,13,0.99125
72,14,0.99085
72,15,0.99135
72,16,0.9915833333333334
72,17,0.9914
72,18,0.9911
72,19,0.9915333333333333
72,20,0.99155
72,21,0.99195
72,22,0.9919
72,23,0.99195
72,24,0.9919
72,25,0.99185
72,26,0.99205
72,27,0.99225
72,28,0.9924
72,29,0.99225
72,30,0.9928
72,31,0.99225
72,32,0.9928
72,33,0.99305
72,34,0.9926
72,35,0.9926
72,36,0.9927
72,37,0.9927
72,38,0.9925
72,39,0.99265
72,40,0.993
72,41,0.99275
72,42,0.99295
72,43,0.99305
72,44,0.99305
72,45,0.99285
72,46,0.99295
72,47,0.99295
72,48,0.99285
72,49,0.9929
72,50,0.99295
73,1,0.9486
73,2,0.94945
73,3,0.9791999999999998
73,4,0.98115
73,5,0.9852
73,6,0.9857333333333334
73,7,0.9879166666666666
73,8,0.988825
73,9,0.98935
73,10,0.9899
73,11,0.99095
73,12,0.9908
73,13,0.99145
73,14,0.9914
73,15,0.99095
73,16,0.9916
73,17,0.9917333333333332
73,18,0.99155
73,19,0.9916
73,20,0.9918
73,21,0.99175
73,22,0.99225
73,23,0.99235
73,24,0.9929
73,25,0.99255
73,26,0.9928
73,27,0.9931
73,28,0.99345
73,29,0.9935
73,30,0.9932
73,31,0.99335
73,32,0.9935
73,33,0.99345
73,34,0.99365
73,35,0.9932
73,36,0.99315
73,37,0.99335
73,38,0.9935
73,39,0.99385
73,40,0.99375
73,41,0.9937
73,42,0.9937
73,43,0.99385
73,44,0.9934
73,45,0.9938
73,46,0.9935
73,47,0.99375
73,48,0.9942
73,49,0.99405
73,50,0.9938
74,1,0.9452
74,2,0.94585
74,3,0.9792333333333334
74,4,0.979825
74,5,0.9832400000000001
74,6,0.9848833333333334
74,7,0.9871166666666666
74,8,0.98825
74,9,0.98875
74,10,0.98885
74,11,0.9896
74,12,0.9897166666666668
74,13,0.9897
74,14,0.99075
74,15,0.9907666666666668
74,16,0.99075
74,17,0.99085
74,18,0.9904
74,19,0.99065
74,20,0.99105
74,21,0.9914
74,22,0.9912333333333332
74,23,0.9912333333333332
74,24,0.9918166666666666
74,25,0.99175
74,26,0.992
74,27,0.99205
74,28,0.9921
74,29,0.99205
74,30,0.992
74,31,0.9919
74,32,0.9917833333333332
74,33,0.9918833333333332
74,34,0.9917
74,35,0.9916
74,36,0.9917
74,37,0.9917
74,38,0.9917
74,39,0.9915
74,40,0.99165
74,41,0.9918
74,42,0.99195
74,43,0.99185
74,44,0.9917
74,45,0.99155
74,46,0.99175
74,47,0.9917
74,48,0.9917
74,49,0.9917
74,50,0.9919
75,1,0.9418
75,2,0.94485
75,3,0.9742333333333332
75,4,0.978125
75,5,0.9826099999999999
75,6,0.9839
75,7,0.9843166666666666
75,8,0.98575
75,9,0.9866333333333333
75,10,0.98665
75,11,0.9873
75,12,0.9874666666666666
75,13,0.9877
75,14,0.98825
75,15,0.989
75,16,0.9889333333333332
75,17,0.98925
75,18,0.9893
75,19,0.9895
75,20,0.9896
75,21,0.9901
75,22,0.99015
75,23,0.99005
75,24,0.98995
75,25,0.99
75,26,0.99005
75,27,0.9907
75,28,0.99075
75,29,0.9913
75,30,0.99115
75,31,0.99095
75,32,0.99105
75,33,0.9909
75,34,0.99145
75,35,0.9918166666666668
75,36,0.99205
75,37,0.9922
75,38,0.99245
75,39,0.9923
75,40,0.992
75,41,0.9922
75,42,0.99215
75,43,0.9923
75,44,0.9923
75,45,0.9919
75,46,0.9922
75,47,0.99215
75,48,0.99235
75,49,0.99245
75,50,0.99215
76,1,0.9516
76,2,0.95175
76,3,0.9789
76,4,0.982275
76,5,0.9861
76,6,0.9873333333333332
76,7,0.9884166666666666
76,8,0.9884666666666668
76,9,0.98915
76,10,0.9895
76,11,0.9891
76,12,0.98985
76,13,0.98915
76,14,0.9896
76,15,0.9899
76,16,0.99075
76,17,0.9906
76,18,0.9911
76,19,0.9913
76,20,0.9909
76,21,0.9909
76,22,0.9906
76,23,0.9910833333333332
76,24,0.99155
76,25,0.9913
76,26,0.9916
76,27,0.9918
76,28,0.9918
76,29,0.9916
76,30,0.9912
76,31,0.99125
76,32,0.99145
76,33,0.9915833333333334
76,34,0.99175
76,35,0.99135
76,36,0.9916
76,37,0.992
76,38,0.992
76,39,0.99225
76,40,0.99195
76,41,0.99235
76,42,0.99215
76,43,0.9919
76,44,0.9922
76,45,0.99175
76,46,0.9919
76,47,0.9921
76,48,0.9921
76,49,0.9923
76,50,0.99245
77,1,0.9515
77,2,0.95
77,3,0.9796333333333334
77,4,0.980125
77,5,0.98701
77,6,0.98515
77,7,0.9869666666666668
77,8,0.987825
77,9,0.9884333333333332
77,10,0.9883166666666666
77,11,0.9884833333333334
77,12,0.9888166666666668
77,13,0.98925
77,14,0.9897
77,15,0.98965
77,16,0.9896333333333333
77,17,0.9899
77,18,0.9903
77,19,0.99045
77,20,0.9903333333333332
77,21,0.9908666666666668
77,22,0.9909
77,23,0.99145
77,24,0.9913
77,25,0.9915
77,26,0.99145
77,27,0.9914
77,28,0.99165
77,29,0.9917
77,30,0.9914
77,31,0.99155
77,32,0.99195
77,33,0.99255
77,34,0.99245
77,35,0.99225
77,36,0.9921833333333332
77,37,0.9919
77,38,0.9924
77,39,0.9922
77,40,0.9924
77,41,0.99255
77,42,0.99215
77,43,0.99195
77,44,0.99225
77,45,0.9918
77,46,0.99185
77,47,0.992
77,48,0.9919
77,49,0.99195
77,50,0.99215
78,1,0.9474
78,2,0.9478
78,3,0.9772666666666663
78,4,0.9807
78,5,0.9862599999999998
78,6,0.9868666666666666
78,7,0.98835
78,8,0.98915
78,9,0.9900333333333334
78,10,0.9907666666666668
78,11,0.9908
78,12,0.99135
78,13,0.9911
78,14,0.9907
78,15,0.99125
78,16,0.991
78,17,0.9908833333333332
78,18,0.9907
78,19,0.99115
78,20,0.9913166666666667
78,21,0.9913333333333334
78,22,0.9915
78,23,0.9920166666666668
78,24,0.99205
78,25,0.9922333333333334
78,26,0.99245
78,27,0.99185
78,28,0.99205
78,29,0.9921
78,30,0.9922
78,31,0.99205
78,32,0.99245
78,33,0.9924
78,34,0.99205
78,35,0.9921
78,36,0.9921
78,37,0.9921
78,38,0.9917
78,39,0.99165
78,40,0.99185
78,41,0.99215
78,42,0.99235
78,43,0.99225
78,44,0.9919
78,45,0.99195
78,46,0.99215
78,47,0.9922
78,48,0.9919
78,49,0.99215
78,50,0.9921
79,1,0.9496
79,2,0.9494
79,3,0.9766666666666665
79,4,0.98075
79,5,0.98446
79,6,0.9844166666666668
79,7,0.9870000000000002
79,8,0.9872
79,9,0.9886333333333333
79,10,0.9889583333333332
79,11,0.989
79,12,0.9899166666666666
79,13,0.9905833333333334
79,14,0.99045
79,15,0.9916
79,16,0.9922
79,17,0.9922
79,18,0.99155
79,19,0.9917
79,20,0.9911
79,21,0.9907
79,22,0.9907
79,23,0.99105
79,24,0.9915
79,25,0.9917
79,26,0.9918
79,27,0.9917
79,28,0.9919
79,29,0.9917
79,30,0.992
79,31,0.9919
79,32,0.99205
79,33,0.9926
79,34,0.9921
79,35,0.99225
79,36,0.9921
79,37,0.9917
79,38,0.99195
79,39,0.992
79,40,0.99205
79,41,0.9919
79,42,0.99195
79,43,0.992
79,44,0.9919
79,45,0.9921
79,46,0.9922
79,47,0.99225
79,48,0.99195
79,49,0.99185
79,50,0.9919
80,1,0.9466
80,2,0.9482
80,3,0.9784666666666669
80,4,0.98245
80,5,0.98664
80,6,0.98655
80,7,0.9892666666666666
80,8,0.9902333333333334
80,9,0.9905
80,10,0.9904333333333332
80,11,0.9907
80,12,0.9909833333333332
80,13,0.9915
80,14,0.9917
80,15,0.9914
80,16,0.991
80,17,0.99135
80,18,0.9914
80,19,0.99205
80,20,0.99185
80,21,0.99145
80,22,0.99205
80,23,0.9923
80,24,0.99245
80,25,0.99235
80,26,0.9924333333333334
80,27,0.9922
80,28,0.9923333333333332
80,29,0.9922833333333332
80,30,0.99245
80,31,0.9923
80,32,0.99255
80,33,0.9925
80,34,0.99285
80,35,0.99275
80,36,0.9929
80,37,0.9928
80,38,0.9929
80,39,0.9928
80,40,0.99255
80,41,0.99235
80,42,0.99235
80,43,0.9927
80,44,0.99245
80,45,0.9926
80,46,0.9923
80,47,0.9922
80,48,0.99245
80,49,0.99255
80,50,0.99265
81,1,0.949
81,2,0.94895
81,3,0.9786333333333334
81,4,0.98195
81,5,0.9855700000000001
81,6,0.9878333333333333
81,7,0.9899166666666668
81,8,0.99015
81,9,0.99125
81,10,0.9916333333333334
81,11,0.9924
81,12,0.9923333333333332
81,13,0.99225
81,14,0.99235
81,15,0.9931
81,16,0.9931666666666668
81,17,0.9930000000000002
81,18,0.9932
81,19,0.9931
81,20,0.9933
81,21,0.99325
81,22,0.9935
81,23,0.9937333333333334
81,24,0.9937833333333334
81,25,0.9933
81,26,0.9941
81,27,0.9937
81,28,0.9942
81,29,0.9939
81,30,0.9942
81,31,0.9939
81,32,0.99435
81,33,0.994
81,34,0.9942
81,35,0.9943
81,36,0.9942
81,37,0.99445
81,38,0.9946
81,39,0.9944
81,40,0.9941
81,41,0.994
81,42,0.9938
81,43,0.99375
81,44,0.9938
81,45,0.9938
81,46,0.99385
81,47,0.9938
81,48,0.99385
81,49,0.99405
81,50,0.99395
82,1,0.9474
82,2,0.94865
82,3,0.980766666666667
82,4,0.981075
82,5,0.9834400000000001
82,6,0.9849833333333334
82,7,0.9857833333333332
82,8,0.98625
82,9,0.9872666666666667
82,10,0.9877
82,11,0.9889
82,12,0.98925
82,13,0.9907333333333332
82,14,0.9899
82,15,0.9896
82,16,0.9897
82,17,0.9908166666666668
82,18,0.9905833333333334
82,19,0.99105
82,20,0.9910166666666668
82,21,0.99075
82,22,0.9909
82,23,0.99115
82,24,0.99125
82,25,0.99125
82,26,0.9911833333333334
82,27,0.99095
82,28,0.99075
82,29,0.99095
82,30,0.99075
82,31,0.9911
82,32,0.991
82,33,0.99125
82,34,0.9912
82,35,0.9905
82,36,0.99075
82,37,0.9911
82,38,0.991
82,39,0.9905333333333333
82,40,0.9904
82,41,0.99065
82,42,0.991
82,43,0.99095
82,44,0.99135
82,45,0.99125
82,46,0.99125
82,47,0.9908
82,48,0.9915
82,49,0.9914
82,50,0.99135
83,1,0.9544
83,2,0.9494
83,3,0.9778666666666666
83,4,0.98045
83,5,0.98465
83,6,0.9858333333333333
83,7,0.9870166666666668
83,8,0.9880166666666667
83,9,0.9899833333333332
83,10,0.9904166666666668
83,11,0.9909
83,12,0.9909
83,13,0.9921666666666668
83,14,0.9912833333333332
83,15,0.9923
83,16,0.99215
83,17,0.9913833333333334
83,18,0.99205
83,19,0.99195
83,20,0.99255
83,21,0.99265
83,22,0.9923
83,23,0.9922166666666666
83,24,0.9924
83,25,0.99235
83,26,0.99205
83,27,0.99195
83,28,0.992
83,29,0.99245
83,30,0.99215
83,31,0.99235
83,32,0.99265
83,33,0.9924
83,34,0.99265
83,35,0.9921
83,36,0.9922
83,37,0.99215
83,38,0.9922
83,39,0.99195
83,40,0.9917
83,41,0.99255
83,42,0.9922
83,43,0.9919
83,44,0.992
83,45,0.99175
83,46,0.9919
83,47,0.99215
83,48,0.9924
83,49,0.99265
83,50,0.9926
84,1,0.9451
84,2,0.949
84,3,0.9783666666666666
84,4,0.98095
84,5,0.9836
84,6,0.9853666666666666
84,7,0.98685
84,8,0.98685
84,9,0.98755
84,10,0.9879666666666667
84,11,0.9884
84,12,0.9881833333333332
84,13,0.98875
84,14,0.9891
84,15,0.98935
84,16,0.98915
84,17,0.9892
84,18,0.9888
84,19,0.9886666666666666
84,20,0.9891
84,21,0.98975
84,22,0.9896333333333333
84,23,0.9900333333333332
84,24,0.9909
84,25,0.992
84,26,0.99155
84,27,0.99155
84,28,0.99145
84,29,0.9912
84,30,0.99145
84,31,0.99165
84,32,0.9921
84,33,0.9921
84,34,0.992
84,35,0.9918
84,36,0.99215
84,37,0.9921333333333332
84,38,0.9921
84,39,0.9924
84,40,0.99295
84,41,0.9930666666666668
84,42,0.993
84,43,0.99275
84,44,0.9927166666666668
84,45,0.9928
84,46,0.9923
84,47,0.99225
84,48,0.9923
84,49,0.9926
84,50,0.99255
85,1,0.9506
85,2,0.9508
85,3,0.9803333333333331
85,4,0.9801
85,5,0.9836599999999999
85,6,0.9856833333333332
85,7,0.9861666666666667
85,8,0.9865333333333333
85,9,0.9874333333333334
85,10,0.98785
85,11,0.98835
85,12,0.9887166666666666
85,13,0.9892
85,14,0.98915
85,15,0.9898333333333332
85,16,0.98985
85,17,0.9898833333333332
85,18,0.9895833333333333
85,19,0.9901
85,20,0.98945
85,21,0.9901
85,22,0.9906
85,23,0.99095
85,24,0.9904
85,25,0.9913
85,26,0.99075
85,27,0.99075
85,28,0.9907
85,29,0.9909
85,30,0.991
85,31,0.99075
85,32,0.99125
85,33,0.9903
85,34,0.9905
85,35,0.9905
85,36,0.99015
85,37,0.9901
85,38,0.99015
85,39,0.99015
85,40,0.9907
85,41,0.9908
85,42,0.99075
85,43,0.99035
85,44,0.9906
85,45,0.9907
85,46,0.99085
85,47,0.9913
85,48,0.99105
85,49,0.99115
85,50,0.99105
86,1,0.9502
86,2,0.9491
86,3,0.9790333333333332
86,4,0.982075
86,5,0.9853200000000001
86,6,0.9856333333333333
86,7,0.98645
86,8,0.9864166666666668
86,9,0.9868
86,10,0.9874333333333334
86,11,0.9875166666666668
86,12,0.98835
86,13,0.9885333333333333
86,14,0.9881833333333332
86,15,0.9888333333333332
86,16,0.9886833333333332
86,17,0.98885
86,18,0.9891
86,19,0.9898
86,20,0.98975
86,21,0.9901
86,22,0.99015
86,23,0.99065
86,24,0.99085
86,25,0.99105
86,26,0.9911
86,27,0.9907
86,28,0.991
86,29,0.9907
86,30,0.99095
86,31,0.99095
86,32,0.99095
86,33,0.99105
86,34,0.9911
86,35,0.99095
86,36,0.99095
86,37,0.99085
86,38,0.99085
86,39,0.99115
86,40,0.9909
86,41,0.9911
86,42,0.99095
86,43,0.99095
86,44,0.99125
86,45,0.9909833333333332
86,46,0.99105
86,47,0.9909
86,48,0.9908
86,49,0.99105
86,50,0.9909
87,1,0.9472
87,2,0.94725
87,3,0.9776
87,4,0.98195
87,5,0.9850899999999999
87,6,0.9867833333333333
87,7,0.98785
87,8,0.9884166666666668
87,9,0.9893083333333332
87,10,0.9895333333333334
87,11,0.98815
87,12,0.98935
87,13,0.9888833333333332
87,14,0.9894
87,15,0.9898
87,16,0.9898833333333334
87,17,0.99005
87,18,0.9908
87,19,0.9909
87,20,0.99085
87,21,0.9906
87,22,0.9913
87,23,0.99115
87,24,0.99115
87,25,0.99065
87,26,0.9901
87,27,0.9902
87,28,0.99005
87,29,0.9899
87,30,0.9898
87,31,0.98965
87,32,0.99
87,33,0.99065
87,34,0.9908
87,35,0.99095
87,36,0.991
87,37,0.99115
87,38,0.99145
87,39,0.9916
87,40,0.99185
87,41,0.9916833333333333
87,42,0.99145
87,43,0.9913
87,44,0.99135
87,45,0.9915
87,46,0.99215
87,47,0.9916
87,48,0.99125
87,49,0.99145
87,50,0.99155
88,1,0.9515
88,2,0.95195
88,3,0.9790999999999999
88,4,0.980575
88,5,0.9842
88,6,0.9850666666666666
88,7,0.9874333333333334
88,8,0.988825
88,9,0.9894333333333334
88,10,0.9907833333333333
88,11,0.99085
88,12,0.9908
88,13,0.9910000000000002
88,14,0.9909833333333334
88,15,0.9910333333333332
88,16,0.9904
88,17,0.9906
88,18,0.9912
88,19,0.99115
88,20,0.99115
88,21,0.99145
88,22,0.9911
88,23,0.9912333333333334
88,24,0.9915
88,25,0.9914
88,26,0.9914
88,27,0.9914
88,28,0.9919
88,29,0.9917
88,30,0.992
88,31,0.99205
88,32,0.99235
88,33,0.99225
88,34,0.9919
88,35,0.9921
88,36,0.9921
88,37,0.9919
88,38,0.99175
88,39,0.9916333333333333
88,40,0.9915
88,41,0.9914
88,42,0.9912
88,43,0.9915
88,44,0.9921
88,45,0.9923
88,46,0.99215
88,47,0.99225
88,48,0.99215
88,49,0.99215
88,50,0.9922
89,1,0.9487
89,2,0.94815
89,3,0.9807999999999998
89,4,0.9819
89,5,0.9863200000000001
89,6,0.9873666666666668
89,7,0.9889166666666668
89,8,0.9892
89,9,0.98985
89,10,0.9902833333333334
89,11,0.9909666666666666
89,12,0.9906333333333334
89,13,0.9918333333333332
89,14,0.9911
89,15,0.9915166666666666
89,16,0.99095
89,17,0.9907
89,18,0.9914666666666666
89,19,0.9911666666666668
89,20,0.99145
89,21,0.9915
89,22,0.99155
89,23,0.99165
89,24,0.9921
89,25,0.99115
89,26,0.99145
89,27,0.9912
89,28,0.99145
89,29,0.99105
89,30,0.9912
89,31,0.99175
89,32,0.9918
89,33,0.9917
89,34,0.99195
89,35,0.9919
89,36,0.992
89,37,0.992
89,38,0.99195
89,39,0.9916
89,40,0.9917
89,41,0.9921
89,42,0.99235
89,43,0.99225
89,44,0.99245
89,45,0.9924
89,46,0.99235
89,47,0.992
89,48,0.9916
89,49,0.99175
89,50,0.9917
90,1,0.9535
90,2,0.95
90,3,0.9797999999999998
90,4,0.9816
90,5,0.9844700000000001
90,6,0.9847333333333333
90,7,0.98675
90,8,0.98735
90,9,0.9870166666666668
90,10,0.98775
90,11,0.98775
90,12,0.98865
90,13,0.989
90,14,0.98915
90,15,0.9895
90,16,0.9895
90,17,0.9892
90,18,0.9897333333333334
90,19,0.98955
90,20,0.99015
90,21,0.9906
90,22,0.99085
90,23,0.991
90,24,0.9911
90,25,0.99095
90,26,0.9907
90,27,0.9906
90,28,0.9904
90,29,0.99065
90,30,0.9903
90,31,0.99015
90,32,0.99005
90,33,0.99015
90,34,0.9906
90,35,0.9905
90,36,0.9902
90,37,0.99025
90,38,0.9905
90,39,0.99045
90,40,0.99
90,41,0.99015
90,42,0.99005
90,43,0.99035
90,44,0.9906
90,45,0.9902
90,46,0.99045
90,47,0.99025
90,48,0.9904
90,49,0.9906
90,50,0.9907
91,1,0.9478
91,2,0.95105
91,3,0.9772333333333334
91,4,0.979075
91,5,0.9839
91,6,0.9843166666666668
91,7,0.9846333333333334
91,8,0.9853333333333332
91,9,0.9874666666666666
91,10,0.9879
91,11,0.9897
91,12,0.9903
91,13,0.9903333333333332
91,14,0.99025
91,15,0.99075
91,16,0.9903
91,17,0.99065
91,18,0.99125
91,19,0.9907
91,20,0.9906333333333333
91,21,0.9907333333333332
91,22,0.9911
91,23,0.9915
91,24,0.9915833333333333
91,25,0.99165
91,26,0.99155
91,27,0.99215
91,28,0.9922
91,29,0.992
91,30,0.99165
91,31,0.99205
91,32,0.9923
91,33,0.992
91,34,0.99255
91,35,0.99265
91,36,0.99265
91,37,0.99255
91,38,0.99295
91,39,0.99325
91,40,0.99305
91,41,0.99295
91,42,0.9931
91,43,0.993
91,44,0.99305
91,45,0.993
91,46,0.9934
91,47,0.9931666666666668
91,48,0.9932
91,49,0.99315
91,50,0.9929
92,1,0.9442
92,2,0.94545
92,3,0.9760333333333329
92,4,0.9783
92,5,0.983
92,6,0.9849499999999998
92,7,0.9863499999999998
92,8,0.9880833333333334
92,9,0.9882666666666667
92,10,0.9891083333333334
92,11,0.989575
92,12,0.9895700000000001
92,13,0.9899333333333334
92,14,0.9905
92,15,0.9901
92,16,0.9902
92,17,0.99015
92,18,0.99015
92,19,0.9900833333333334
92,20,0.9906333333333333
92,21,0.9912333333333334
92,22,0.99045
92,23,0.991
92,24,0.99105
92,25,0.99135
92,26,0.9914
92,27,0.9912
92,28,0.99135
92,29,0.9915
92,30,0.9914
92,31,0.99125
92,32,0.99165
92,33,0.9922
92,34,0.9923
92,35,0.9924
92,36,0.9923
92,37,0.99215
92,38,0.99225
92,39,0.9922
92,40,0.9922
92,41,0.99205
92,42,0.9922
92,43,0.9921
92,44,0.99175
92,45,0.99165
92,46,0.99135
92,47,0.9915
92,48,0.99145
92,49,0.99185
92,50,0.9921
93,1,0.9548
93,2,0.9505
93,3,0.9780999999999999
93,4,0.980525
93,5,0.9855
93,6,0.9859
93,7,0.9871333333333334
93,8,0.9893333333333332
93,9,0.9907583333333334
93,10,0.990475
93,11,0.99065
93,12,0.9906166666666668
93,13,0.9915
93,14,0.99165
93,15,0.9923
93,16,0.992
93,17,0.99195
93,18,0.9917
93,19,0.99165
93,20,0.99185
93,21,0.99215
93,22,0.9913
93,23,0.99115
93,24,0.99185
93,25,0.99165
93,26,0.9915
93,27,0.99135
93,28,0.99135
93,29,0.9915
93,30,0.99155
93,31,0.99145
93,32,0.99185
93,33,0.9917
93,34,0.9915
93,35,0.9917
93,36,0.99205
93,37,0.9917
93,38,0.99195
93,39,0.99145
93,40,0.992
93,41,0.9918
93,42,0.9918
93,43,0.992
93,44,0.9922
93,45,0.99185
93,46,0.9922
93,47,0.99175
93,48,0.9922
93,49,0.99205
93,50,0.99205
94,1,0.9474
94,2,0.94745
94,3,0.9781333333333332
94,4,0.9803
94,5,0.9829100000000001
94,6,0.9853833333333334
94,7,0.98705
94,8,0.9856416666666666
94,9,0.9867666666666668
94,10,0.987
94,11,0.9877
94,12,0.9891
94,13,0.988925
94,14,0.9893
94,15,0.98985
94,16,0.99035
94,17,0.99005
94,18,0.9898
94,19,0.99005
94,20,0.99065
94,21,0.9912
94,22,0.99105
94,23,0.9905
94,24,0.9909
94,25,0.9906
94,26,0.9909
94,27,0.9908
94,28,0.991
94,29,0.99105
94,30,0.9913
94,31,0.99135
94,32,0.9916
94,33,0.99135
94,34,0.9915
94,35,0.99145
94,36,0.9913
94,37,0.9918
94,38,0.9919
94,39,0.99215
94,40,0.99195
94,41,0.99225
94,42,0.99215
94,43,0.9922
94,44,0.9921
94,45,0.99185
94,46,0.9919
94,47,0.99165
94,48,0.99155
94,49,0.9916
94,50,0.99165
95,1,0.9438
95,2,0.94695
95,3,0.9767666666666668
95,4,0.98035
95,5,0.9857600000000001
95,6,0.9857666666666668
95,7,0.9881
95,8,0.9882
95,9,0.9885333333333333
95,10,0.9885166666666668
95,11,0.9890833333333332
95,12,0.9892333333333332
95,13,0.98975
95,14,0.9901
95,15,0.9907
95,16,0.9906833333333334
95,17,0.99145
95,18,0.99165
95,19,0.9912
95,20,0.99085
95,21,0.99175
95,22,0.9921
95,23,0.99215
95,24,0.9921
95,25,0.9917
95,26,0.99195
95,27,0.99205
95,28,0.9922
95,29,0.9923
95,30,0.99215
95,31,0.992
95,32,0.992
95,33,0.9916
95,34,0.9916
95,35,0.99155
95,36,0.9916
95,37,0.9917
95,38,0.9916
95,39,0.99175
95,40,0.99165
95,41,0.9916
95,42,0.99185
95,43,0.99175
95,44,0.9919
95,45,0.9919
95,46,0.99195
95,47,0.99225
95,48,0.99215
95,49,0.99225
95,50,0.9922
96,1,0.9476
96,2,0.94615
96,3,0.9755000000000001
96,4,0.9776
96,5,0.9819100000000001
96,6,0.9837333333333333
96,7,0.9850666666666668
96,8,0.987
96,9,0.9881499999999999
96,10,0.9889166666666668
96,11,0.9893333333333334
96,12,0.99025
96,13,0.9898
96,14,0.98975
96,15,0.9898
96,16,0.9904
96,17,0.9907
96,18,0.9908
96,19,0.99095
96,20,0.9908
96,21,0.9916
96,22,0.99135
96,23,0.9911
96,24,0.9915
96,25,0.9916333333333333
96,26,0.9915
96,27,0.9920333333333332
96,28,0.99225
96,29,0.99225
96,30,0.9921
96,31,0.99205
96,32,0.9916
96,33,0.9919833333333332
96,34,0.9915
96,35,0.99145
96,36,0.9913
96,37,0.99165
96,38,0.9919
96,39,0.992
96,40,0.9917833333333332
96,41,0.99205
96,42,0.99245
96,43,0.9922
96,44,0.9925
96,45,0.9924
96,46,0.992
96,47,0.99265
96,48,0.99285
96,49,0.99255
96,50,0.9924
97,1,0.9528
97,2,0.95175
97,3,0.9803666666666664
97,4,0.98295
97,5,0.98687
97,6,0.9881333333333334
97,7,0.98915
97,8,0.98915
97,9,0.9890166666666668
97,10,0.9892
97,11,0.9899
97,12,0.9897333333333334
97,13,0.9903
97,14,0.99035
97,15,0.9908333333333333
97,16,0.9905666666666668
97,17,0.99
97,18,0.9906
97,19,0.99065
97,20,0.9909
97,21,0.99145
97,22,0.9912
97,23,0.99125
97,24,0.99175
97,25,0.99155
97,26,0.99195
97,27,0.99215
97,28,0.9923
97,29,0.99255
97,30,0.99245
97,31,0.99235
97,32,0.99235
97,33,0.99235
97,34,0.99235
97,35,0.99235
97,36,0.9925
97,37,0.99235
97,38,0.9922
97,39,0.9924
97,40,0.99215
97,41,0.9922
97,42,0.99225
97,43,0.99205
97,44,0.99205
97,45,0.9922
97,46,0.99225
97,47,0.99205
97,48,0.99235
97,49,0.9922
97,50,0.9924
98,1,0.9478
98,2,0.9465
98,3,0.9753333333333334
98,4,0.9798
98,5,0.98413
98,6,0.9845
98,7,0.9851166666666668
98,8,0.9864333333333332
98,9,0.9880833333333332
98,10,0.9887
98,11,0.9897666666666666
98,12,0.9890333333333332
98,13,0.98855
98,14,0.98905
98,15,0.98915
98,16,0.9896
98,17,0.9896666666666668
98,18,0.9899833333333332
98,19,0.99035
98,20,0.99055
98,21,0.9908333333333332
98,22,0.99065
98,23,0.99105
98,24,0.99135
98,25,0.99165
98,26,0.99145
98,27,0.9917
98,28,0.99185
98,29,0.9918
98,30,0.99215
98,31,0.99165
98,32,0.992
98,33,0.9917
98,34,0.992
98,35,0.99185
98,36,0.99195
98,37,0.9921
98,38,0.9918
98,39,0.99235
98,40,0.99205
98,41,0.99205
98,42,0.99215
98,43,0.9919
98,44,0.99175
98,45,0.99175
98,46,0.99225
98,47,0.9918
98,48,0.99195
98,49,0.9922
98,50,0.9922
99,1,0.9508
99,2,0.95015
99,3,0.9771333333333332
99,4,0.98025
99,5,0.9839399999999999
99,6,0.9848166666666668
99,7,0.9869
99,8,0.9878
99,9,0.9881333333333332
99,10,0.9883
99,11,0.988
99,12,0.989
99,13,0.9899
99,14,0.98995
99,15,0.9903
99,16,0.9905
99,17,0.99125
99,18,0.99155
99,19,0.99115
99,20,0.9915
99,21,0.991
99,22,0.99115
99,23,0.99175
99,24,0.99125
99,25,0.99115
99,26,0.99135
99,27,0.99125
99,28,0.9914
99,29,0.99155
99,30,0.99195
99,31,0.9925
99,32,0.99225
99,33,0.99155
99,34,0.992
99,35,0.99215
99,36,0.99255
99,37,0.9926
99,38,0.9923
99,39,0.99195
99,40,0.9923
99,41,0.99215
99,42,0.99205
99,43,0.9924
99,44,0.99205
99,45,0.9919833333333332
99,46,0.9919
99,47,0.99175
99,48,0.9921
99,49,0.99205
99,50,0.99215
100,1,0.9469
100,2,0.9508
100,3,0.979666666666667
100,4,0.9814
100,5,0.9841200000000001
100,6,0.9867500000000001
100,7,0.9872333333333332
100,8,0.9885666666666668
100,9,0.9898333333333332
100,10,0.9897
100,11,0.99015
100,12,0.9901
100,13,0.9910666666666668
100,14,0.99145
100,15,0.9914
100,16,0.99165
100,17,0.9913
100,18,0.992
100,19,0.9918
100,20,0.99145
100,21,0.9916
100,22,0.9924
100,23,0.9931833333333332
100,24,0.9929
100,25,0.993
100,26,0.99265
100,27,0.99245
100,28,0.99195
100,29,0.9922
100,30,0.99265
100,31,0.9926
100,32,0.99255
100,33,0.99305
100,34,0.99295
100,35,0.99285
100,36,0.9928
100,37,0.9928
100,38,0.9928
100,39,0.99255
100,40,0.9930833333333332
100,41,0.99295
100,42,0.99305
100,43,0.9928833333333332
100,44,0.99295
100,45,0.9929
100,46,0.993
100,47,0.9928
100,48,0.9928
100,49,0.99255
100,50,0.9927
101,1,0.9479
101,2,0.9465
101,3,0.9778333333333332
101,4,0.978225
101,5,0.9839
101,6,0.9850666666666668
101,7,0.9857
101,8,0.9861166666666666
101,9,0.9875666666666666
101,10,0.9878333333333333
101,11,0.98965
101,12,0.9898666666666668
101,13,0.9905833333333333
101,14,0.9903
101,15,0.99075
101,16,0.9903833333333332
101,17,0.9907833333333332
101,18,0.9911
101,19,0.99115
101,20,0.9916
101,21,0.9922
101,22,0.9921
101,23,0.99175
101,24,0.9918
101,25,0.99165
101,26,0.9918
101,27,0.9921
101,28,0.9923
101,29,0.9924
101,30,0.9922
101,31,0.99235
101,32,0.99245
101,33,0.9925
101,34,0.99225
101,35,0.99225
101,36,0.99265
101,37,0.9924
101,38,0.99275
101,39,0.99245
101,40,0.9927
101,41,0.993
101,42,0.99275
101,43,0.9929
101,44,0.9927
101,45,0.993
101,46,0.9927
101,47,0.99275
101,48,0.99285
101,49,0.99295
101,50,0.99285
102,1,0.9466
102,2,0.9468
102,3,0.9771999999999998
102,4,0.9815
102,5,0.9843200000000001
102,6,0.9848500000000002
102,7,0.9862666666666667
102,8,0.98745
102,9,0.9874666666666668
102,10,0.9881
102,11,0.9885500000000002
102,12,0.9891
102,13,0.9892
102,14,0.9895
102,15,0.9899
102,16,0.98965
102,17,0.9896666666666668
102,18,0.9902833333333334
102,19,0.99045
102,20,0.9908166666666666
102,21,0.99055
102,22,0.9907
102,23,0.9911
102,24,0.99115
102,25,0.99055
102,26,0.99085
102,27,0.9906
102,28,0.9906
102,29,0.9907
102,30,0.9911
102,31,0.9911
102,32,0.99135
102,33,0.99105
102,34,0.9914
102,35,0.99105
102,36,0.9912
102,37,0.99155
102,38,0.99125
102,39,0.99115
102,40,0.99085
102,41,0.99115
102,42,0.99095
102,43,0.9912
102,44,0.99135
102,45,0.99135
102,46,0.99155
102,47,0.99125
102,48,0.99145
102,49,0.99125
102,50,0.9913
103,1,0.9455
103,2,0.94645
103,3,0.975433333333333
103,4,0.97885
103,5,0.9835300000000001
103,6,0.9854333333333334
103,7,0.98675
103,8,0.988125
103,9,0.98905
103,10,0.99005
103,11,0.9909
103,12,0.9909333333333334
103,13,0.9903833333333334
103,14,0.99045
103,15,0.9911
103,16,0.9912
103,17,0.99075
103,18,0.9909
103,19,0.9906
103,20,0.99035
103,21,0.99065
103,22,0.9912
103,23,0.9907
103,24,0.99095
103,25,0.991
103,26,0.99085
103,27,0.99105
103,28,0.9915
103,29,0.99135
103,30,0.99145
103,31,0.99145
103,32,0.9923
103,33,0.99215
103,34,0.99225
103,35,0.9919
103,36,0.99215
103,37,0.99205
103,38,0.99265
103,39,0.99275
103,40,0.99275
103,41,0.99285
103,42,0.9927
103,43,0.9925
103,44,0.9928
103,45,0.9926
103,46,0.99255
103,47,0.99255
103,48,0.99275
103,49,0.9927
103,50,0.9927
104,1,0.9466
104,2,0.949
104,3,0.9783000000000002
104,4,0.98205
104,5,0.9861800000000001
104,6,0.9881333333333332
104,7,0.9887666666666668
104,8,0.9900166666666668
104,9,0.99035
104,10,0.99085
104,11,0.9911666666666668
104,12,0.9909666666666668
104,13,0.9915833333333334
104,14,0.9915
104,15,0.9918
104,16,0.99185
104,17,0.9919
104,18,0.9924
104,19,0.99275
104,20,0.99245
104,21,0.99225
104,22,0.99205
104,23,0.9923
104,24,0.9926
104,25,0.9923833333333334
104,26,0.99265
104,27,0.9929
104,28,0.9929833333333334
104,29,0.9929
104,30,0.99285
104,31,0.9926333333333334
104,32,0.9929
104,33,0.9929
104,34,0.99335
104,35,0.99335
104,36,0.993
104,37,0.99305
104,38,0.99285
104,39,0.9927
104,40,0.99265
104,41,0.9929
104,42,0.9929
104,43,0.9929
104,44,0.9926
104,45,0.99285
104,46,0.9927
104,47,0.9927
104,48,0.9924
104,49,0.9923
104,50,0.9924
105,1,0.9532
105,2,0.95105
105,3,0.9782666666666664
105,4,0.97945
105,5,0.98367
105,6,0.9848333333333332
105,7,0.9865
105,8,0.9864333333333334
105,9,0.9865333333333334
105,10,0.9879833333333334
105,11,0.9888
105,12,0.98835
105,13,0.9886
105,14,0.9886166666666668
105,15,0.9882
105,16,0.9877333333333334
105,17,0.9875666666666666
105,18,0.9879
105,19,0.9879
105,20,0.98835
105,21,0.98905
105,22,0.98945
105,23,0.9893
105,24,0.98955
105,25,0.9898
105,26,0.9896
105,27,0.9899
105,28,0.9902
105,29,0.9907
105,30,0.99075
105,31,0.9909
105,32,0.991
105,33,0.99095
105,34,0.99095
105,35,0.99095
105,36,0.99145
105,37,0.99115
105,38,0.99095
105,39,0.99135
105,40,0.99135
105,41,0.99115
105,42,0.9907
105,43,0.9906
105,44,0.9907
105,45,0.99065
105,46,0.9909
105,47,0.99085
105,48,0.9903
105,49,0.9905
105,50,0.9908
106,1,0.9489
106,2,0.9498
106,3,0.9780666666666668
106,4,0.981275
106,5,0.98414
106,6,0.9855833333333334
106,7,0.98685
106,8,0.9872166666666667
106,9,0.98815
106,10,0.9881166666666668
106,11,0.9880333333333334
106,12,0.9887833333333333
106,13,0.98895
106,14,0.9891
106,15,0.9893
106,16,0.9899
106,17,0.9898166666666666
106,18,0.9904
106,19,0.99085
106,20,0.9906
106,21,0.99095
106,22,0.9907
106,23,0.9904166666666668
106,24,0.9903
106,25,0.99065
106,26,0.99055
106,27,0.99015
106,28,0.98995
106,29,0.9898
106,30,0.98985
106,31,0.99015
106,32,0.9907
106,33,0.99045
106,34,0.99055
106,35,0.99035
106,36,0.99065
106,37,0.9900666666666668
106,38,0.99005
106,39,0.99055
106,40,0.99115
106,41,0.99135
106,42,0.99165
106,43,0.9911
106,44,0.99095
106,45,0.99125
106,46,0.9916
106,47,0.9915
106,48,0.9914
106,49,0.99175
106,50,0.9917
107,1,0.9495
107,2,0.94745
107,3,0.9782999999999996
107,4,0.982
107,5,0.98687
107,6,0.988
107,7,0.9884166666666668
107,8,0.9881833333333334
107,9,0.9893833333333332
107,10,0.9893166666666667
107,11,0.9904
107,12,0.9909833333333332
107,13,0.99025
107,14,0.9897
107,15,0.9897833333333332
107,16,0.98975
107,17,0.98995
107,18,0.9900833333333332
107,19,0.9907
107,20,0.9908
107,21,0.99135
107,22,0.99065
107,23,0.99065
107,24,0.99075
107,25,0.99075
107,26,0.9910333333333332
107,27,0.9912
107,28,0.9914
107,29,0.99125
107,30,0.99155
107,31,0.99125
107,32,0.99165
107,33,0.9921
107,34,0.9916
107,35,0.99155
107,36,0.99135
107,37,0.9909
107,38,0.9907
107,39,0.99105
107,40,0.99135
107,41,0.9917
107,42,0.99165
107,43,0.99155
107,44,0.99155
107,45,0.9913
107,46,0.99105
107,47,0.99125
107,48,0.991
107,49,0.9907
107,50,0.991
108,1,0.9492
108,2,0.9472
108,3,0.9758333333333336
108,4,0.98015
108,5,0.98539
108,6,0.9854166666666668
108,7,0.9873452380952381
108,8,0.9869
108,9,0.9877
108,10,0.9881333333333332
108,11,0.9898333333333333
108,12,0.98985
108,13,0.9905666666666668
108,14,0.98975
108,15,0.9904
108,16,0.9910166666666668
108,17,0.9908
108,18,0.99125
108,19,0.99175
108,20,0.9914666666666666
108,21,0.9917166666666668
108,22,0.99215
108,23,0.99245
108,24,0.9924
108,25,0.992
108,26,0.99205
108,27,0.9915
108,28,0.99175
108,29,0.99195
108,30,0.992
108,31,0.9921
108,32,0.99245
108,33,0.99225
108,34,0.992
108,35,0.9921
108,36,0.9922
108,37,0.99245
108,38,0.99295
108,39,0.9927
108,40,0.99255
108,41,0.99265
108,42,0.99275
108,43,0.99275
108,44,0.9927
108,45,0.99245
108,46,0.9926
108,47,0.9926
108,48,0.99245
108,49,0.99275
108,50,0.99245
109,1,0.9429
109,2,0.9464
109,3,0.9754
109,4,0.9784
109,5,0.9810200000000001
109,6,0.9827833333333332
109,7,0.9839166666666666
109,8,0.9848333333333334
109,9,0.9860333333333332
109,10,0.98625
109,11,0.9875
109,12,0.98715
109,13,0.9876666666666668
109,14,0.988
109,15,0.98835
109,16,0.98825
109,17,0.9889833333333332
109,18,0.9890833333333332
109,19,0.9894166666666666
109,20,0.98975
109,21,0.9904666666666666
109,22,0.9904833333333332
109,23,0.99085
109,24,0.99045
109,25,0.9908
109,26,0.99045
109,27,0.9906
109,28,0.99035
109,29,0.99015
109,30,0.9902
109,31,0.99
109,32,0.99045
109,33,0.9903666666666666
109,34,0.9909
109,35,0.99095
109,36,0.9911
109,37,0.99085
109,38,0.99115
109,39,0.99095
109,40,0.99075
109,41,0.9905
109,42,0.99085
109,43,0.99055
109,44,0.9906
109,45,0.99065
109,46,0.9907
109,47,0.99045
109,48,0.9902
109,49,0.9901
109,50,0.99015
110,1,0.9474
110,2,0.94765
110,3,0.9786
110,4,0.981275
110,5,0.9861
110,6,0.987
110,7,0.989
110,8,0.989375
110,9,0.99025
110,10,0.9897
110,11,0.9903166666666667
110,12,0.99105
110,13,0.9912833333333332
110,14,0.98985
110,15,0.99075
110,16,0.9903333333333334
110,17,0.9906
110,18,0.99085
110,19,0.99125
110,20,0.99135
110,21,0.99185
110,22,0.9923
110,23,0.99165
110,24,0.99225
110,25,0.9924
110,26,0.99225
110,27,0.9924
110,28,0.99285
110,29,0.99245
110,30,0.9925
110,31,0.99215
110,32,0.99225
110,33,0.9922
110,34,0.99265
110,35,0.9929
110,36,0.993
110,37,0.9931
110,38,0.9928
110,39,0.9935
110,40,0.9932
110,41,0.99305
110,42,0.99285
110,43,0.99315
110,44,0.9934
110,45,0.99315
110,46,0.99305
110,47,0.9931
110,48,0.99305
110,49,0.99315
110,50,0.9929
111,1,0.9473
111,2,0.9477
111,3,0.9773666666666663
111,4,0.98205
111,5,0.9845200000000001
111,6,0.9856166666666666
111,7,0.9874
111,8,0.98855
111,9,0.98985
111,10,0.98955
111,11,0.98975
111,12,0.98935
111,13,0.9898
111,14,0.9906
111,15,0.99105
111,16,0.99085
111,17,0.99145
111,18,0.99125
111,19,0.99185
111,20,0.9917
111,21,0.99145
111,22,0.9912
111,23,0.9918
111,24,0.9914
111,25,0.99065
111,26,0.9909
111,27,0.9916
111,28,0.99185
111,29,0.99095
111,30,0.9915
111,31,0.9918
111,32,0.99215
111,33,0.99175
111,34,0.9913
111,35,0.99105
111,36,0.99135
111,37,0.99185
111,38,0.99145
111,39,0.99175
111,40,0.9917
111,41,0.99205
111,42,0.9916
111,43,0.9919
111,44,0.99165
111,45,0.99175
111,46,0.9918
111,47,0.9921
111,48,0.99265
111,49,0.9923
111,50,0.99255
112,1,0.9431
112,2,0.94695
112,3,0.9773000000000002
112,4,0.98195
112,5,0.9873
112,6,0.98925
112,7,0.9904000000000002
112,8,0.99135
112,9,0.99205
112,10,0.9923333333333334
112,11,0.9928
112,12,0.9928
112,13,0.9931
112,14,0.9931
112,15,0.9923
112,16,0.9935166666666668
112,17,0.99345
112,18,0.99315
112,19,0.9935333333333332
112,20,0.9935
112,21,0.994
112,22,0.9938
112,23,0.9934333333333334
112,24,0.9934333333333334
112,25,0.9931833333333334
112,26,0.9936666666666668
112,27,0.99415
112,28,0.9941
112,29,0.9943
112,30,0.9946
112,31,0.9946833333333334
112,32,0.9946833333333334
112,33,0.99485
112,34,0.9946
112,35,0.99435
112,36,0.9939
112,37,0.9949
112,38,0.9942
112,39,0.99395
112,40,0.9935333333333334
112,41,0.9936333333333334
112,42,0.99365
112,43,0.99415
112,44,0.9937
112,45,0.99425
112,46,0.994
112,47,0.9935
112,48,0.9939
112,49,0.99355
112,50,0.9936
113,1,0.9394
113,2,0.94485
113,3,0.9765666666666665
113,4,0.979825
113,5,0.98356
113,6,0.986
113,7,0.9875833333333334
113,8,0.9877166666666668
113,9,0.9896166666666666
113,10,0.9896833333333334
113,11,0.989625
113,12,0.9893700000000001
113,13,0.9900833333333334
113,14,0.99095
113,15,0.99155
113,16,0.9918
113,17,0.99155
113,18,0.9916
113,19,0.9911
113,20,0.99105
113,21,0.9913
113,22,0.99105
113,23,0.9915
113,24,0.99145
113,25,0.99105
113,26,0.991875
113,27,0.9921
113,28,0.99215
113,29,0.992
113,30,0.99185
113,31,0.9921
113,32,0.992
113,33,0.9919
113,34,0.992
113,35,0.99195
113,36,0.9922
113,37,0.9925
113,38,0.9923
113,39,0.99245
113,40,0.9925
113,41,0.99245
113,42,0.99255
113,43,0.99305
113,44,0.9931
113,45,0.993
113,46,0.9925
113,47,0.99265
113,48,0.99295
113,49,0.99275
113,50,0.9926
114,1,0.9493
114,2,0.9472
114,3,0.9773999999999995
114,4,0.981475
114,5,0.9868
114,6,0.98705
114,7,0.9882833333333332
114,8,0.9890833333333334
114,9,0.98965
114,10,0.98975
114,11,0.9903333333333334
114,12,0.9910333333333334
114,13,0.99135
114,14,0.99075
114,15,0.9911
114,16,0.9919333333333334
114,17,0.99185
114,18,0.9923
114,19,0.99285
114,20,0.99235
114,21,0.993
114,22,0.9931
114,23,0.9931
114,24,0.99285
114,25,0.99325
114,26,0.9932833333333332
114,27,0.9931333333333332
114,28,0.9929333333333332
114,29,0.9931333333333332
114,30,0.99295
114,31,0.99295
114,32,0.9925833333333333
114,33,0.99285
114,34,0.9928
114,35,0.99255
114,36,0.99255
114,37,0.99285
114,38,0.99275
114,39,0.99285
114,40,0.99275
114,41,0.99265
114,42,0.99265
114,43,0.9925
114,44,0.99265
114,45,0.9927
114,46,0.9925
114,47,0.9923
114,48,0.99265
114,49,0.9922
114,50,0.9924
115,1,0.9472
115,2,0.9489
115,3,0.9762333333333331
115,4,0.980975
115,5,0.9846600000000001
115,6,0.9849
115,7,0.9858333333333332
115,8,0.98665
115,9,0.9873833333333332
115,10,0.988
115,11,0.9888166666666666
115,12,0.9889
115,13,0.9892333333333332
115,14,0.9889333333333334
115,15,0.9892666666666666
115,16,0.9894833333333332
115,17,0.98925
115,18,0.9893
115,19,0.99
115,20,0.98925
115,21,0.99
115,22,0.98995
115,23,0.9899
115,24,0.9898333333333332
115,25,0.9905
115,26,0.9906
115,27,0.9906333333333334
115,28,0.9907833333333333
115,29,0.99045
115,30,0.9907
115,31,0.9912
115,32,0.9906
115,33,0.9913833333333332
115,34,0.9912
115,35,0.9907
115,36,0.9916
115,37,0.99165
115,38,0.9909
115,39,0.9917
115,40,0.99145
115,41,0.99115
115,42,0.991
115,43,0.99115
115,44,0.9914
115,45,0.991
115,46,0.99105
115,47,0.9916
115,48,0.99135
115,49,0.99095
115,50,0.9912
116,1,0.9515
116,2,0.9514
116,3,0.9788999999999998
116,4,0.98085
116,5,0.9839200000000001
116,6,0.9847166666666666
116,7,0.9865333333333333
116,8,0.9872083333333332
116,9,0.98795
116,10,0.9887
116,11,0.98855
116,12,0.9887333333333332
116,13,0.989
116,14,0.9894
116,15,0.9901
116,16,0.9904333333333334
116,17,0.9907
116,18,0.9907
116,19,0.99125
116,20,0.99165
116,21,0.9915
116,22,0.9909
116,23,0.991
116,24,0.9906
116,25,0.9911
116,26,0.9911
116,27,0.99165
116,28,0.992
116,29,0.99175
116,30,0.9917
116,31,0.99135
116,32,0.99115
116,33,0.99095
116,34,0.9909
116,35,0.9909
116,36,0.99065
116,37,0.9912
116,38,0.9907
116,39,0.99115
116,40,0.9912
116,41,0.99105
116,42,0.99095
116,43,0.991
116,44,0.9906
116,45,0.9905
116,46,0.99045
116,47,0.9912
116,48,0.9909
116,49,0.99135
116,50,0.99105
117,1,0.9478
117,2,0.94815
117,3,0.9773333333333334
117,4,0.98025
117,5,0.98465
117,6,0.98565
117,7,0.9860166666666668
117,8,0.9868
117,9,0.9879
117,10,0.9883
117,11,0.98825
117,12,0.98835
117,13,0.9888833333333332
117,14,0.9882
117,15,0.9889833333333332
117,16,0.9891
117,17,0.9898333333333332
117,18,0.9899333333333334
117,19,0.990675
117,20,0.9903666666666668
117,21,0.9911
117,22,0.9904
117,23,0.9911
117,24,0.991
117,25,0.9912166666666667
117,26,0.99115
117,27,0.99085
117,28,0.99105
117,29,0.99145
117,30,0.9912666666666667
117,31,0.99125
117,32,0.9908
117,33,0.9909
117,34,0.9912
117,35,0.99115
117,36,0.99145
117,37,0.99145
117,38,0.9913
117,39,0.9911
117,40,0.99155
117,41,0.9915
117,42,0.99185
117,43,0.9915
117,44,0.992
117,45,0.9921
117,46,0.99165
117,47,0.9912
117,48,0.9916
117,49,0.99135
117,50,0.99125
118,1,0.9474
118,2,0.9498
118,3,0.976066666666667
118,4,0.978575
118,5,0.9844200000000001
118,6,0.9860500000000002
118,7,0.98745
118,8,0.98735
118,9,0.9895833333333333
118,10,0.9897
118,11,0.98925
118,12,0.98935
118,13,0.9903833333333332
118,14,0.99065
118,15,0.9914666666666668
118,16,0.9913833333333332
118,17,0.9918
118,18,0.9913833333333332
118,19,0.99225
118,20,0.9916
118,21,0.99005
118,22,0.9910666666666667
118,23,0.9916
118,24,0.99155
118,25,0.991
118,26,0.99165
118,27,0.9915833333333333
118,28,0.9911
118,29,0.9911
118,30,0.99115
118,31,0.9917
118,32,0.9918
118,33,0.9916
118,34,0.9912
118,35,0.9914
118,36,0.9918
118,37,0.99185
118,38,0.9923
118,39,0.99235
118,40,0.9923
118,41,0.9921
118,42,0.9924333333333332
118,43,0.9921
118,44,0.9922
118,45,0.9921833333333332
118,46,0.99235
118,47,0.992
118,48,0.99245
118,49,0.99255
118,50,0.9923
119,1,0.9535
119,2,0.95165
119,3,0.977833333333333
119,4,0.980725
119,5,0.98414
119,6,0.98655
119,7,0.9888666666666666
119,8,0.9896416666666668
119,9,0.9902
119,10,0.9907
119,11,0.9909833333333332
119,12,0.9905666666666668
119,13,0.9918333333333332
119,14,0.99145
119,15,0.99155
119,16,0.9918
119,17,0.99185
119,18,0.99195
119,19,0.992
119,20,0.99215
119,21,0.9919
119,22,0.99225
119,23,0.99285
119,24,0.99285
119,25,0.9932
119,26,0.9932
119,27,0.9934
119,28,0.99295
119,29,0.9936
119,30,0.99335
119,31,0.99315
119,32,0.99295
119,33,0.99315
119,34,0.9927
119,35,0.99285
119,36,0.9929
119,37,0.99315
119,38,0.993
119,39,0.9928
119,40,0.9932
119,41,0.99325
119,42,0.99325
119,43,0.99345
119,44,0.9936
119,45,0.99375
119,46,0.99365
119,47,0.99345
119,48,0.9938
119,49,0.9937
119,50,0.99345
120,1,0.9489
120,2,0.9478
120,3,0.9763666666666664
120,4,0.980125
120,5,0.98357
120,6,0.9836833333333334
120,7,0.9851499999999999
120,8,0.9857
120,9,0.9861666666666666
120,10,0.9867
120,11,0.98744
120,12,0.9877333333333332
120,13,0.9895333333333333
120,14,0.98975
120,15,0.99075
120,16,0.9906
120,17,0.9907833333333333
120,18,0.99105
120,19,0.9916166666666666
120,20,0.9916
120,21,0.9914
120,22,0.99115
120,23,0.99165
120,24,0.99175
120,25,0.99155
120,26,0.992
120,27,0.9918
120,28,0.9919
120,29,0.99215
120,30,0.99225
120,31,0.9926
120,32,0.99245
120,33,0.9922
120,34,0.9922
120,35,0.9923
120,36,0.9922
120,37,0.99215
120,38,0.992
120,39,0.9916
120,40,0.99185
120,41,0.99195
120,42,0.9921
120,43,0.9921
120,44,0.99215
120,45,0.992
120,46,0.99155
120,47,0.9914
120,48,0.99165
120,49,0.9921
120,50,0.9924
121,1,0.9493
121,2,0.9498
121,3,0.9789333333333334
121,4,0.981875
121,5,0.9856
121,6,0.98645
121,7,0.9878666666666666
121,8,0.9879833333333332
121,9,0.9891333333333332
121,10,0.9901
121,11,0.9902
121,12,0.9903
121,13,0.99075
121,14,0.9902333333333332
121,15,0.99135
121,16,0.9913
121,17,0.99155
121,18,0.9917
121,19,0.99205
121,20,0.99145
121,21,0.99175
121,22,0.99135
121,23,0.99135
121,24,0.99135
121,25,0.9917
121,26,0.9915
121,27,0.9918
121,28,0.99165
121,29,0.9918
121,30,0.9917
121,31,0.99235
121,32,0.99205
121,33,0.99215
121,34,0.99205
121,35,0.99205
121,36,0.99195
121,37,0.992
121,38,0.9921
121,39,0.99195
121,40,0.992
121,41,0.9921
121,42,0.9922833333333332
121,43,0.9921833333333332
121,44,0.99245
121,45,0.99215
121,46,0.99225
121,47,0.99215
121,48,0.992
121,49,0.992
121,50,0.99225
122,1,0.9494
122,2,0.9496
122,3,0.9784666666666664
122,4,0.981525
122,5,0.9849100000000001
122,6,0.9862833333333334
122,7,0.9866333333333333
122,8,0.9871333333333332
122,9,0.9883666666666666
122,10,0.9893
122,11,0.9896166666666666
122,12,0.9899
122,13,0.99015
122,14,0.99075
122,15,0.9907
122,16,0.9910333333333332
122,17,0.9908
122,18,0.9914
122,19,0.9922333333333332
122,20,0.9924
122,21,0.99145
122,22,0.99205
122,23,0.9917666666666666
122,24,0.9920166666666667
122,25,0.99235
122,26,0.99225
122,27,0.9922
122,28,0.9922
122,29,0.99245
122,30,0.99245
122,31,0.9928
122,32,0.99265
122,33,0.9923
122,34,0.99225
122,35,0.9922
122,36,0.99205
122,37,0.99185
122,38,0.99145
122,39,0.99145
122,40,0.9916
122,41,0.99165
122,42,0.992
122,43,0.9915
122,44,0.99175
122,45,0.99205
122,46,0.99225
122,47,0.9919
122,48,0.99225
122,49,0.9925
122,50,0.9926
123,1,0.9489
123,2,0.9487
123,3,0.9798333333333329
123,4,0.982425
123,5,0.98555
123,6,0.9859833333333332
123,7,0.9865
123,8,0.987225
123,9,0.9880666666666668
123,10,0.9880083333333333
123,11,0.9881
123,12,0.9888
123,13,0.9888
123,14,0.9901
123,15,0.9900333333333332
123,16,0.9899
123,17,0.99025
123,18,0.9902333333333332
123,19,0.99
123,20,0.9905
123,21,0.9901
123,22,0.99055
123,23,0.9905
123,24,0.9906333333333333
123,25,0.9905833333333333
123,26,0.9904833333333332
123,27,0.9906
123,28,0.99095
123,29,0.9913
123,30,0.9914
123,31,0.9914
123,32,0.99105
123,33,0.9913
123,34,0.9911
123,35,0.99145
123,36,0.9914
123,37,0.9915
123,38,0.99135
123,39,0.99135
123,40,0.99135
123,41,0.9916
123,42,0.9913
123,43,0.99135
123,44,0.9915
123,45,0.99145
123,46,0.9912
123,47,0.9913
123,48,0.99145
123,49,0.9914
123,50,0.99145
124,1,0.9508
124,2,0.9517
124,3,0.9789
124,4,0.98045
124,5,0.9861800000000001
124,6,0.9880166666666668
124,7,0.9893333333333334
124,8,0.9891833333333332
124,9,0.9893
124,10,0.9895333333333333
124,11,0.98905
124,12,0.9887
124,13,0.9888
124,14,0.9892
124,15,0.9903
124,16,0.9901833333333332
124,17,0.9906
124,18,0.9910166666666668
124,19,0.9912
124,20,0.991
124,21,0.99105
124,22,0.99075
124,23,0.99085
124,24,0.9912
124,25,0.9914333333333332
124,26,0.99145
124,27,0.99135
124,28,0.9911
124,29,0.99155
124,30,0.99135
124,31,0.9917333333333332
124,32,0.9918
124,33,0.9919166666666668
124,34,0.9915
124,35,0.9918
124,36,0.99165
124,37,0.9919
124,38,0.9917
124,39,0.99165
124,40,0.99155
124,41,0.99165
124,42,0.99195
124,43,0.992
124,44,0.99165
124,45,0.9918
124,46,0.9919
124,47,0.9919
124,48,0.9916
124,49,0.9914
124,50,0.9916
125,1,0.9495
125,2,0.95135
125,3,0.9789999999999996
125,4,0.98045
125,5,0.98424
125,6,0.9849333333333332
125,7,0.9869166666666666
125,8,0.9862833333333332
125,9,0.98775
125,10,0.9887333333333332
125,11,0.9889
125,12,0.9894
125,13,0.9896
125,14,0.9898
125,15,0.9901
125,16,0.99
125,17,0.99025
125,18,0.9902
125,19,0.99035
125,20,0.9905
125,21,0.9902
125,22,0.9907833333333333
125,23,0.99065
125,24,0.9914
125,25,0.99125
125,26,0.9915
125,27,0.99135
125,28,0.99185
125,29,0.99215
125,30,0.99235
125,31,0.9925
125,32,0.9925
125,33,0.993
125,34,0.9927
125,35,0.99245
125,36,0.99275
125,37,0.9934
125,38,0.99315
125,39,0.9933
125,40,0.99335
125,41,0.9935
125,42,0.9932
125,43,0.99335
125,44,0.9932
125,45,0.99305
125,46,0.99325
125,47,0.99295
125,48,0.99285
125,49,0.9929
125,50,0.9929
126,1,0.9492
126,2,0.94805
126,3,0.9761333333333332
126,4,0.982275
126,5,0.9840700000000001
126,6,0.9857666666666666
126,7,0.98755
126,8,0.98845
126,9,0.9888416666666666
126,10,0.98935
126,11,0.98955
126,12,0.99065
126,13,0.991
126,14,0.9910833333333332
126,15,0.99135
126,16,0.991
126,17,0.9909
126,18,0.9912
126,19,0.9916
126,20,0.9915
126,21,0.9916
126,22,0.99145
126,23,0.99155
126,24,0.99165
126,25,0.9918333333333332
126,26,0.99185
126,27,0.99175
126,28,0.99185
126,29,0.9916
126,30,0.99155
126,31,0.99155
126,32,0.9917
126,33,0.9912
126,34,0.992
126,35,0.99175
126,36,0.9921
126,37,0.9917
126,38,0.99155
126,39,0.99215
126,40,0.9916
126,41,0.9921
126,42,0.9923
126,43,0.9924
126,44,0.99255
126,45,0.9926
126,46,0.9925
126,47,0.9925
126,48,0.9925
126,49,0.99255
126,50,0.9928
127,1,0.9487
127,2,0.9505
127,3,0.9792333333333332
127,4,0.98255
127,5,0.98541
127,6,0.9871833333333332
127,7,0.98855
127,8,0.98935
127,9,0.9894666666666668
127,10,0.9894666666666668
127,11,0.99045
127,12,0.9902
127,13,0.9905
127,14,0.991
127,15,0.9914333333333334
127,16,0.9912
127,17,0.9915
127,18,0.9913833333333334
127,19,0.9915333333333334
127,20,0.99155
127,21,0.99145
127,22,0.9918
127,23,0.9923
127,24,0.9922
127,25,0.9922
127,26,0.9925
127,27,0.9921
127,28,0.99245
127,29,0.99255
127,30,0.99265
127,31,0.99255
127,32,0.9927
127,33,0.99255
127,34,0.9927
127,35,0.99275
127,36,0.9925
127,37,0.99255
127,38,0.9923
127,39,0.9924
127,40,0.99205
127,41,0.99265
127,42,0.9926
127,43,0.9928
127,44,0.9927
127,45,0.99265
127,46,0.99275
127,47,0.9928
127,48,0.9928
127,49,0.9925
127,50,0.99275
128,1,0.9433
128,2,0.9477
128,3,0.9795333333333336
128,4,0.981475
128,5,0.9837899999999999
128,6,0.98565
128,7,0.9884333333333332
128,8,0.989
128,9,0.9898333333333332
128,10,0.9907
128,11,0.99015
128,12,0.99025
128,13,0.9918666666666668
128,14,0.99115
128,15,0.9918
128,16,0.99125
128,17,0.99185
128,18,0.9919
128,19,0.9922
128,20,0.992
128,21,0.99235
128,22,0.9922
128,23,0.992
128,24,0.9921833333333332
128,25,0.99255
128,26,0.9925
128,27,0.9920833333333332
128,28,0.99225
128,29,0.9919
128,30,0.9921
128,31,0.99235
128,32,0.99225
128,33,0.99275
128,34,0.99255
128,35,0.99215
128,36,0.9922
128,37,0.99225
128,38,0.99235
128,39,0.9921
128,40,0.9919
128,41,0.9921
128,42,0.9918333333333332
128,43,0.99235
128,44,0.99245
128,45,0.99245
128,46,0.99205
128,47,0.99195
128,48,0.99185
128,49,0.992
128,50,0.99165
129,1,0.9419
129,2,0.94625
129,3,0.9748666666666667
129,4,0.97955
129,5,0.98436
129,6,0.9852166666666666
129,7,0.98625
129,8,0.9867333333333334
129,9,0.988125
129,10,0.988
129,11,0.98845
129,12,0.9882166666666666
129,13,0.9887
129,14,0.9895333333333333
129,15,0.9891
129,16,0.9897333333333334
129,17,0.9893
129,18,0.98935
129,19,0.9894333333333334
129,20,0.9897
129,21,0.9899
129,22,0.9895
129,23,0.989
129,24,0.9887333333333334
129,25,0.98905
129,26,0.98925
129,27,0.98995
129,28,0.99015
129,29,0.98985
129,30,0.99
129,31,0.99005
129,32,0.9904
129,33,0.9902
129,34,0.9903
129,35,0.9906
129,36,0.99065
129,37,0.99065
129,38,0.99055
129,39,0.99075
129,40,0.98995
129,41,0.98995
129,42,0.98985
129,43,0.98945
129,44,0.98975
129,45,0.99025
129,46,0.99045
129,47,0.99035
129,48,0.99065
129,49,0.99045
129,50,0.99065
130,1,0.9453
130,2,0.94775
130,3,0.9779666666666667
130,4,0.9783
130,5,0.982
130,6,0.984
130,7,0.98575
130,8,0.9859333333333334
130,9,0.9878666666666666
130,10,0.98845
130,11,0.98905
130,12,0.9889000000000002
130,13,0.9889
130,14,0.99025
130,15,0.9898666666666668
130,16,0.9909
130,17,0.99085
130,18,0.99105
130,19,0.9911
130,20,0.9909
130,21,0.99115
130,22,0.9910166666666667
130,23,0.9913666666666668
130,24,0.9915166666666668
130,25,0.9919
130,26,0.99185
130,27,0.99185
130,28,0.9917
130,29,0.99205
130,30,0.9917666666666668
130,31,0.992
130,32,0.99205
130,33,0.9921166666666668
130,34,0.9917
130,35,0.9918
130,36,0.99185
130,37,0.99225
130,38,0.99285
130,39,0.9927
130,40,0.99285
130,41,0.99235
130,42,0.99285
130,43,0.99305
130,44,0.9931
130,45,0.993
130,46,0.9931
130,47,0.9933
130,48,0.9932
130,49,0.9933
130,50,0.9931
131,1,0.9468
131,2,0.9452
131,3,0.9774999999999996
131,4,0.98245
131,5,0.9836799999999999
131,6,0.9843333333333332
131,7,0.9861333333333334
131,8,0.9876666666666666
131,9,0.98855
131,10,0.9892333333333332
131,11,0.9891
131,12,0.9892
131,13,0.9892666666666666
131,14,0.9896
131,15,0.9891
131,16,0.98925
131,17,0.98945
131,18,0.9896
131,19,0.99015
131,20,0.99015
131,21,0.9907
131,22,0.99055
131,23,0.9902
131,24,0.9907
131,25,0.9907
131,26,0.9913
131,27,0.9913
131,28,0.99095
131,29,0.9910666666666668
131,30,0.9915
131,31,0.9914
131,32,0.9915
131,33,0.9917
131,34,0.99175
131,35,0.99185
131,36,0.99205
131,37,0.9918833333333332
131,38,0.9921
131,39,0.99175
131,40,0.99205
131,41,0.99225
131,42,0.99255
131,43,0.9923
131,44,0.9924
131,45,0.99225
131,46,0.99215
131,47,0.99175
131,48,0.9918
131,49,0.9918
131,50,0.9922
132,1,0.9422
132,2,0.94725
132,3,0.9758666666666664
132,4,0.982
132,5,0.98514
132,6,0.9862833333333332
132,7,0.9875833333333333
132,8,0.98735
132,9,0.98695
132,10,0.9876166666666668
132,11,0.9879333333333332
132,12,0.9878
132,13,0.98915
132,14,0.98885
132,15,0.9888
132,16,0.989
132,17,0.98895
132,18,0.9886
132,19,0.98825
132,20,0.9897
132,21,0.9899666666666668
132,22,0.9895666666666668
132,23,0.9903
132,24,0.99025
132,25,0.99065
132,26,0.9905
132,27,0.9911
132,28,0.9908
132,29,0.9907
132,30,0.9906
132,31,0.9906
132,32,0.99125
132,33,0.9916
132,34,0.99185
132,35,0.99115
132,36,0.9915
132,37,0.9918
132,38,0.9917
132,39,0.99145
132,40,0.99165
132,41,0.99165
132,42,0.99145
132,43,0.99125
132,44,0.9913
132,45,0.99125
132,46,0.99155
132,47,0.99135
132,48,0.99165
132,49,0.9916
132,50,0.99145
133,1,0.9446
133,2,0.9464
133,3,0.9759000000000002
133,4,0.97905
133,5,0.983
133,6,0.9849333333333334
133,7,0.9860166666666668
133,8,0.9874166666666668
133,9,0.9889
133,10,0.98865
133,11,0.9887666666666668
133,12,0.9894166666666666
133,13,0.98935
133,14,0.98945
133,15,0.9895333333333334
133,16,0.9895
133,17,0.9894
133,18,0.9894833333333334
133,19,0.9892666666666667
133,20,0.9894333333333334
133,21,0.9894833333333332
133,22,0.9899
133,23,0.98985
133,24,0.9896
133,25,0.99015
133,26,0.99015
133,27,0.99005
133,28,0.9899
133,29,0.9901
133,30,0.99
133,31,0.99035
133,32,0.99025
133,33,0.9904
133,34,0.9912
133,35,0.99085
133,36,0.99115
133,37,0.9911
133,38,0.991
133,39,0.9917
133,40,0.99155
133,41,0.9915
133,42,0.9915
133,43,0.9913
133,44,0.9915
133,45,0.99175
133,46,0.9914
133,47,0.9915
133,48,0.99135
133,49,0.9915
133,50,0.99125
134,1,0.947
134,2,0.94545
134,3,0.9763666666666669
134,4,0.9792
134,5,0.9831099999999998
134,6,0.9848499999999998
134,7,0.9876619047619047
134,8,0.98785
134,9,0.9883166666666668
134,10,0.9877833333333332
134,11,0.9883833333333334
134,12,0.9888833333333334
134,13,0.9892833333333334
134,14,0.9892
134,15,0.9898166666666668
134,16,0.9902
134,17,0.99055
134,18,0.9905
134,19,0.99075
134,20,0.9913
134,21,0.9911666666666666
134,22,0.99145
134,23,0.9912
134,24,0.99135
134,25,0.9914
134,26,0.99135
134,27,0.99055
134,28,0.99035
134,29,0.9907
134,30,0.99015
134,31,0.9905
134,32,0.9903
134,33,0.9909
134,34,0.99085
134,35,0.99085
134,36,0.99075
134,37,0.9911
134,38,0.99115
134,39,0.99155
134,40,0.99135
134,41,0.99165
134,42,0.99145
134,43,0.9914
134,44,0.99165
134,45,0.9923
134,46,0.9924
134,47,0.9926
134,48,0.9923
134,49,0.992
134,50,0.99265
135,1,0.9507
135,2,0.9511
135,3,0.9787666666666668
135,4,0.982725
135,5,0.9864200000000001
135,6,0.9879
135,7,0.9886833333333332
135,8,0.988675
135,9,0.989675
135,10,0.9901200000000001
135,11,0.9902833333333334
135,12,0.9908333333333333
135,13,0.99225
135,14,0.9915
135,15,0.9914666666666668
135,16,0.99175
135,17,0.9922833333333332
135,18,0.9918333333333333
135,19,0.99225
135,20,0.9921666666666666
135,21,0.9920333333333334
135,22,0.9925333333333334
135,23,0.99225
135,24,0.99245
135,25,0.99275
135,26,0.993
135,27,0.993
135,28,0.99335
135,29,0.9935
135,30,0.9934833333333334
135,31,0.993275
135,32,0.9932
135,33,0.99285
135,34,0.99245
135,35,0.9927
135,36,0.9928
135,37,0.9929
135,38,0.993
135,39,0.99255
135,40,0.99235
135,41,0.9924
135,42,0.9925
135,43,0.99275
135,44,0.99295
135,45,0.99295
135,46,0.99285
135,47,0.9927
135,48,0.99275
135,49,0.993
135,50,0.99305
136,1,0.9485
136,2,0.94825
136,3,0.9793666666666672
136,4,0.9811
136,5,0.9862200000000001
136,6,0.9862
136,7,0.9870904761904763
136,8,0.9889166666666668
136,9,0.9892333333333332
136,10,0.9894500000000002
136,11,0.9903666666666668
136,12,0.9902
136,13,0.99085
136,14,0.9906
136,15,0.99065
136,16,0.99085
136,17,0.9913
136,18,0.9913
136,19,0.9912
136,20,0.9913
136,21,0.99215
136,22,0.99235
136,23,0.9919
136,24,0.9919
136,25,0.99165
136,26,0.99195
136,27,0.9919
136,28,0.992
136,29,0.9921
136,30,0.9924166666666668
136,31,0.99225
136,32,0.99285
136,33,0.99275
136,34,0.993
136,35,0.993025
136,36,0.9932416666666668
136,37,0.9931200000000001
136,38,0.99335
136,39,0.9932
136,40,0.9932333333333334
136,41,0.9931833333333334
136,42,0.99295
136,43,0.9928
136,44,0.9927
136,45,0.9928
136,46,0.9927
136,47,0.99275
136,48,0.99255
136,49,0.9927
136,50,0.9927
137,1,0.9438
137,2,0.94185
137,3,0.9740666666666672
137,4,0.97745
137,5,0.9799200000000001
137,6,0.9833
137,7,0.9854166666666668
137,8,0.9852833333333334
137,9,0.9864083333333334
137,10,0.98662
137,11,0.9870200000000001
137,12,0.9873333333333334
137,13,0.9878833333333334
137,14,0.98785
137,15,0.9883
137,16,0.9892
137,17,0.9892
137,18,0.98985
137,19,0.9895333333333334
137,20,0.98965
137,21,0.9903
137,22,0.99
137,23,0.9897
137,24,0.98965
137,25,0.99
137,26,0.99005
137,27,0.98975
137,28,0.9895
137,29,0.98985
137,30,0.9898
137,31,0.98975
137,32,0.99
137,33,0.9896
137,34,0.9898
137,35,0.9899
137,36,0.99005
137,37,0.9902
137,38,0.9906
137,39,0.9902
137,40,0.99055
137,41,0.9903
137,42,0.9901166666666668
137,43,0.9902
137,44,0.9901
137,45,0.99025
137,46,0.9901
137,47,0.98975
137,48,0.9897
137,49,0.98965
137,50,0.9899
138,1,0.9498
138,2,0.94845
138,3,0.974966666666667
138,4,0.9807
138,5,0.9845200000000001
138,6,0.98515
138,7,0.9880166666666667
138,8,0.9878166666666668
138,9,0.98865
138,10,0.98825
138,11,0.9892999999999998
138,12,0.9897166666666666
138,13,0.9893
138,14,0.98985
138,15,0.9898
138,16,0.99015
138,17,0.99
138,18,0.99
138,19,0.98975
138,20,0.991
138,21,0.9911
138,22,0.99105
138,23,0.9909
138,24,0.99095
138,25,0.9910833333333332
138,26,0.99105
138,27,0.99155
138,28,0.99165
138,29,0.99125
138,30,0.99155
138,31,0.99165
138,32,0.99115
138,33,0.99115
138,34,0.99105
138,35,0.99165
138,36,0.992
138,37,0.9920333333333334
138,38,0.992
138,39,0.99175
138,40,0.9919
138,41,0.9919
138,42,0.99195
138,43,0.992
138,44,0.99155
138,45,0.9919
138,46,0.9923
138,47,0.99215
138,48,0.9919
138,49,0.9917
138,50,0.99175
139,1,0.9515
139,2,0.9511
139,3,0.978833333333333
139,4,0.982775
139,5,0.9857
139,6,0.9866666666666666
139,7,0.9889333333333332
139,8,0.99025
139,9,0.991025
139,10,0.9914
139,11,0.99175
139,12,0.99195
139,13,0.9917666666666668
139,14,0.99145
139,15,0.992
139,16,0.9922
139,17,0.99295
139,18,0.9923666666666668
139,19,0.9927166666666668
139,20,0.9928
139,21,0.99265
139,22,0.9922
139,23,0.9917
139,24,0.9919
139,25,0.99225
139,26,0.9911833333333334
139,27,0.99165
139,28,0.992
139,29,0.9922
139,30,0.9917
139,31,0.9924
139,32,0.9924
139,33,0.99175
139,34,0.99225
139,35,0.99255
139,36,0.9926
139,37,0.9926
139,38,0.99245
139,39,0.9926
139,40,0.99255
139,41,0.9926666666666668
139,42,0.99255
139,43,0.99285
139,44,0.9932666666666667
139,45,0.99345
139,46,0.99315
139,47,0.9927666666666668
139,48,0.9934
139,49,0.9932
139,50,0.9932
140,1,0.9562
140,2,0.95265
140,3,0.9778999999999998
140,4,0.98095
140,5,0.98465
140,6,0.9869833333333332
140,7,0.9872333333333332
140,8,0.9882999999999998
140,9,0.9892416666666668
140,10,0.989425
140,11,0.9896233333333334
140,12,0.990125
140,13,0.99035
140,14,0.9905166666666668
140,15,0.9906
140,16,0.9906833333333332
140,17,0.9909899999999999
140,18,0.99115
140,19,0.9911
140,20,0.9913166666666667
140,21,0.992
140,22,0.9922
140,23,0.9921166666666668
140,24,0.9921166666666668
140,25,0.9921666666666668
140,26,0.992
140,27,0.9916
140,28,0.99225
140,29,0.9921166666666668
140,30,0.9929333333333334
140,31,0.99255
140,32,0.9928
140,33,0.9924
140,34,0.9926
140,35,0.9924
140,36,0.9927
140,37,0.9922
140,38,0.9923
140,39,0.99235
140,40,0.99265
140,41,0.99285
140,42,0.99275
140,43,0.993
140,44,0.99315
140,45,0.99325
140,46,0.99345
140,47,0.99325
140,48,0.99325
140,49,0.99305
140,50,0.99325
141,1,0.9491
141,2,0.94545
141,3,0.9773666666666663
141,4,0.979775
141,5,0.9843
141,6,0.98535
141,7,0.9855
141,8,0.9866
141,9,0.9874666666666666
141,10,0.9885
141,11,0.9887
141,12,0.98905
141,13,0.99025
141,14,0.98985
141,15,0.9905
141,16,0.9905
141,17,0.9913
141,18,0.99115
141,19,0.99145
141,20,0.99215
141,21,0.9915166666666668
141,22,0.99165
141,23,0.99145
141,24,0.99165
141,25,0.9927
141,26,0.99245
141,27,0.993
141,28,0.99255
141,29,0.9924833333333332
141,30,0.99255
141,31,0.99235
141,32,0.99245
141,33,0.99265
141,34,0.99255
141,35,0.9926
141,36,0.99255
141,37,0.99245
141,38,0.9925
141,39,0.9929
141,40,0.9927
141,41,0.99295
141,42,0.9929
141,43,0.9927
141,44,0.99265
141,45,0.9924833333333332
141,46,0.9925
141,47,0.99225
141,48,0.99205
141,49,0.992
141,50,0.99215
142,1,0.9525
142,2,0.9507
142,3,0.9794999999999998
142,4,0.9824
142,5,0.9863700000000001
142,6,0.98725
142,7,0.9887333333333332
142,8,0.98835
142,9,0.9886333333333334
142,10,0.9888
142,11,0.9903333333333334
142,12,0.9905833333333334
142,13,0.99065
142,14,0.99075
142,15,0.99115
142,16,0.99155
142,17,0.9919
142,18,0.99165
142,19,0.9919
142,20,0.99185
142,21,0.9919
142,22,0.9919
142,23,0.992
142,24,0.99175
142,25,0.9921
142,26,0.9923
142,27,0.9917
142,28,0.9922
142,29,0.9922
142,30,0.99225
142,31,0.99215
142,32,0.99205
142,33,0.9919166666666668
142,34,0.99185
142,35,0.99215
142,36,0.9921166666666668
142,37,0.9923
142,38,0.992
142,39,0.9920666666666668
142,40,0.9925
142,41,0.9922
142,42,0.99185
142,43,0.99195
142,44,0.9922
142,45,0.99225
142,46,0.9923
142,47,0.99245
142,48,0.99235
142,49,0.9923
142,50,0.9925
143,1,0.9498
143,2,0.94855
143,3,0.9781666666666666
143,4,0.979875
143,5,0.98314
143,6,0.9833833333333334
143,7,0.9853833333333334
143,8,0.9859
143,9,0.9868666666666666
143,10,0.9876833333333332
143,11,0.98775
143,12,0.98805
143,13,0.98805
143,14,0.9888166666666666
143,15,0.9895666666666666
143,16,0.98915
143,17,0.98875
143,18,0.9887
143,19,0.98835
143,20,0.98885
143,21,0.9892666666666666
143,22,0.9898166666666666
143,23,0.9892666666666666
143,24,0.9888
143,25,0.98925
143,26,0.9892166666666666
143,27,0.9894166666666666
143,28,0.9895166666666666
143,29,0.9897
143,30,0.98995
143,31,0.9897666666666666
143,32,0.9893666666666666
143,33,0.98945
143,34,0.9894
143,35,0.98955
143,36,0.9896
143,37,0.9892
143,38,0.98905
143,39,0.9895
143,40,0.99035
143,41,0.99045
143,42,0.99015
143,43,0.99
143,44,0.9896
143,45,0.9901
143,46,0.9905
143,47,0.99
143,48,0.9897
143,49,0.9899
143,50,0.98995
144,1,0.944
144,2,0.9468
144,3,0.9775333333333333
144,4,0.9801
144,5,0.9843
144,6,0.9849333333333334
144,7,0.9857666666666668
144,8,0.9872083333333334
144,9,0.9886083333333332
144,10,0.98885
144,11,0.9888333333333333
144,12,0.9897
144,13,0.9892833333333332
144,14,0.9902166666666666
144,15,0.9899333333333334
144,16,0.99075
144,17,0.9905
144,18,0.9914
144,19,0.9916
144,20,0.99125
144,21,0.9915
144,22,0.9914
144,23,0.99175
144,24,0.99205
144,25,0.99215
144,26,0.99185
144,27,0.99215
144,28,0.99225
144,29,0.992
144,30,0.9916
144,31,0.99155
144,32,0.992
144,33,0.9915333333333333
144,34,0.99215
144,35,0.99215
144,36,0.9922833333333332
144,37,0.99255
144,38,0.9925
144,39,0.99255
144,40,0.9920833333333332
144,41,0.9923
144,42,0.9925833333333333
144,43,0.9927
144,44,0.99245
144,45,0.99235
144,46,0.9926
144,47,0.99225
144,48,0.99225
144,49,0.9927
144,50,0.9927
145,1,0.9483
145,2,0.94715
145,3,0.9774999999999998
145,4,0.97825
145,5,0.98506
145,6,0.98645
145,7,0.9878166666666668
145,8,0.9871
145,9,0.9877833333333332
145,10,0.9886833333333332
145,11,0.9896
145,12,0.98985
145,13,0.9902333333333332
145,14,0.99045
145,15,0.9897
145,16,0.9905333333333333
145,17,0.99065
145,18,0.99075
145,19,0.9910666666666667
145,20,0.9908
145,21,0.99075
145,22,0.99125
145,23,0.9918
145,24,0.99175
145,25,0.9917
145,26,0.9918
145,27,0.99185
145,28,0.9917
145,29,0.99135
145,30,0.99115
145,31,0.99095
145,32,0.99165
145,33,0.9912
145,34,0.99215
145,35,0.9918
145,36,0.9917
145,37,0.99185
145,38,0.99135
145,39,0.9912
145,40,0.99115
145,41,0.99175
145,42,0.99195
145,43,0.9924
145,44,0.99265
145,45,0.99235
145,46,0.99225
145,47,0.9923
145,48,0.9923
145,49,0.9924
145,50,0.99225
146,1,0.9489
146,2,0.95
146,3,0.9787333333333332
146,4,0.980275
146,5,0.9846900000000002
146,6,0.9850166666666668
146,7,0.9867833333333333
146,8,0.986825
146,9,0.9874499999999998
146,10,0.98825
146,11,0.98935
146,12,0.9894
146,13,0.9896
146,14,0.9897166666666666
146,15,0.9907
146,16,0.9911
146,17,0.99095
146,18,0.99095
146,19,0.99065
146,20,0.9911
146,21,0.99075
146,22,0.9904
146,23,0.99065
146,24,0.9906
146,25,0.99075
146,26,0.99105
146,27,0.9911
146,28,0.99105
146,29,0.9912
146,30,0.991
146,31,0.9909666666666666
146,32,0.9910166666666667
146,33,0.99135
146,34,0.9914
146,35,0.99095
146,36,0.9911
146,37,0.99065
146,38,0.9913
146,39,0.99155
146,40,0.9916
146,41,0.9914
146,42,0.9916333333333333
146,43,0.9915
146,44,0.9914
146,45,0.9916
146,46,0.9913
146,47,0.9915166666666666
146,48,0.9914666666666666
146,49,0.9915
146,50,0.9914
147,1,0.9439
147,2,0.94605
147,3,0.9749666666666666
147,4,0.979175
147,5,0.9839
147,6,0.98615
147,7,0.9877833333333332
147,8,0.988125
147,9,0.98815
147,10,0.9882166666666667
147,11,0.9894
147,12,0.9896
147,13,0.98915
147,14,0.99
147,15,0.9898
147,16,0.99005
147,17,0.98975
147,18,0.99
147,19,0.9908666666666668
147,20,0.99035
147,21,0.9911
147,22,0.9916
147,23,0.9915
147,24,0.99165
147,25,0.9914
147,26,0.99145
147,27,0.9916
147,28,0.99225
147,29,0.99275
147,30,0.992
147,31,0.99215
147,32,0.9922
147,33,0.99225
147,34,0.9923
147,35,0.99195
147,36,0.99255
147,37,0.99215
147,38,0.9923
147,39,0.9924
147,40,0.99265
147,41,0.99265
147,42,0.99255
147,43,0.99255
147,44,0.99235
147,45,0.9919
147,46,0.9918
147,47,0.992
147,48,0.99225
147,49,0.99255
147,50,0.99265
148,1,0.9478
148,2,0.95
148,3,0.9798666666666666
148,4,0.982375
148,5,0.98585
148,6,0.9865833333333333
148,7,0.9898833333333332
148,8,0.9899
148,9,0.9896833333333332
148,10,0.9902
148,11,0.99045
148,12,0.99085
148,13,0.9912
148,14,0.9915
148,15,0.992
148,16,0.99205
148,17,0.9924
148,18,0.9926
148,19,0.993
148,20,0.9928
148,21,0.99345
148,22,0.99335
148,23,0.99355
148,24,0.9935
148,25,0.9933
148,26,0.9933
148,27,0.99355
148,28,0.99295
148,29,0.99355
148,30,0.99325
148,31,0.99365
148,32,0.99375
148,33,0.99395
148,34,0.99425
148,35,0.9942
148,36,0.994
148,37,0.994
148,38,0.9939
148,39,0.99405
148,40,0.99415
148,41,0.994
148,42,0.994
148,43,0.9942
148,44,0.9942
148,45,0.99395
148,46,0.9938
148,47,0.99375
148,48,0.99355
148,49,0.9937
148,50,0.99385
149,1,0.9494
149,2,0.94635
149,3,0.978633333333333
149,4,0.980275
149,5,0.98341
149,6,0.9861833333333332
149,7,0.9873333333333334
149,8,0.98815
149,9,0.98875
149,10,0.9892
149,11,0.98945
149,12,0.9895833333333333
149,13,0.9907
149,14,0.99055
149,15,0.9906833333333332
149,16,0.99115
149,17,0.9913
149,18,0.9915
149,19,0.9918166666666666
149,20,0.9915
149,21,0.99165
149,22,0.99165
149,23,0.9913666666666666
149,24,0.99145
149,25,0.9914833333333332
149,26,0.9917
149,27,0.99225
149,28,0.9923
149,29,0.99235
149,30,0.9922
149,31,0.9921
149,32,0.9925
149,33,0.99245
149,34,0.9926
149,35,0.99245
149,36,0.9923333333333332
149,37,0.99235
149,38,0.99225
149,39,0.9922833333333332
149,40,0.99195
149,41,0.9914
149,42,0.9914333333333332
149,43,0.992
149,44,0.99225
149,45,0.9921
149,46,0.9925
149,47,0.9924
149,48,0.992
149,49,0.99185
149,50,0.99245
150,1,0.945
150,2,0.9448
150,3,0.9758666666666668
150,4,0.9796
150,5,0.98465
150,6,0.9854333333333334
150,7,0.98745
150,8,0.9882666666666667
150,9,0.9889
150,10,0.989
150,11,0.9897
150,12,0.98905
150,13,0.99025
150,14,0.99
150,15,0.98985
150,16,0.99015
150,17,0.98995
150,18,0.98995
150,19,0.9906
150,20,0.9908
150,21,0.99115
150,22,0.99085
150,23,0.9905
150,24,0.9905166666666668
150,25,0.9906
150,26,0.9907
150,27,0.99035
150,28,0.9907
150,29,0.99095
150,30,0.99155
150,31,0.9917
150,32,0.99205
150,33,0.992
150,34,0.99165
150,35,0.9917
150,36,0.99185
150,37,0.9919
150,38,0.99175
150,39,0.9919
150,40,0.9917
150,41,0.99165
150,42,0.9918
150,43,0.99215
150,44,0.9921
150,45,0.9921
150,46,0.9925
150,47,0.9927
150,48,0.99285
150,49,0.99275
150,50,0.9929
151,1,0.9543
151,2,0.9498
151,3,0.9810666666666664
151,4,0.9827
151,5,0.98577
151,6,0.9864166666666666
151,7,0.9887666666666668
151,8,0.9883166666666668
151,9,0.9884416666666666
151,10,0.9894083333333334
151,11,0.991
151,12,0.9912166666666666
151,13,0.9909666666666668
151,14,0.99145
151,15,0.99015
151,16,0.9904
151,17,0.9904833333333334
151,18,0.9913
151,19,0.99165
151,20,0.9907833333333333
151,21,0.99165
151,22,0.9913
151,23,0.99125
151,24,0.99135
151,25,0.99185
151,26,0.99205
151,27,0.99195
151,28,0.99225
151,29,0.9927
151,30,0.993
151,31,0.9931
151,32,0.99305
151,33,0.99285
151,34,0.99275
151,35,0.9936
151,36,0.9936
151,37,0.9934
151,38,0.9933
151,39,0.99335
151,40,0.99365
151,41,0.9934
151,42,0.99335
151,43,0.99375
151,44,0.9934
151,45,0.9938
151,46,0.99365
151,47,0.9936
151,48,0.9936
151,49,0.9932
151,50,0.99325
152,1,0.9505
152,2,0.9503
152,3,0.9780333333333332
152,4,0.981575
152,5,0.98475
152,6,0.9855
152,7,0.9860833333333334
152,8,0.9873
152,9,0.98805
152,10,0.9881
152,11,0.9887
152,12,0.98845
152,13,0.98885
152,14,0.9888
152,15,0.98865
152,16,0.98915
152,17,0.9891
152,18,0.98935
152,19,0.9897333333333332
152,20,0.98985
152,21,0.98945
152,22,0.98995
152,23,0.99025
152,24,0.99005
152,25,0.99025
152,26,0.9905
152,27,0.99025
152,28,0.9904
152,29,0.99025
152,30,0.99055
152,31,0.9907
152,32,0.9905
152,33,0.9904
152,34,0.99055
152,35,0.99055
152,36,0.99095
152,37,0.9908
152,38,0.99065
152,39,0.9905
152,40,0.99065
152,41,0.9907
152,42,0.99075
152,43,0.9911
152,44,0.99065
152,45,0.9904
152,46,0.99035
152,47,0.99025
152,48,0.9902
152,49,0.9905
152,50,0.99085
153,1,0.9484
153,2,0.94875
153,3,0.9755000000000004
153,4,0.978975
153,5,0.9857100000000001
153,6,0.9862
153,7,0.9869666666666668
153,8,0.98855
153,9,0.9889666666666667
153,10,0.9893666666666666
153,11,0.9897666666666666
153,12,0.98985
153,13,0.9904333333333334
153,14,0.99035
153,15,0.99055
153,16,0.9905333333333334
153,17,0.9910333333333332
153,18,0.9906
153,19,0.9912
153,20,0.99165
153,21,0.99175
153,22,0.99185
153,23,0.99205
153,24,0.99235
153,25,0.9922
153,26,0.99245
153,27,0.99265
153,28,0.9925
153,29,0.9926
153,30,0.9926
153,31,0.99235
153,32,0.99215
153,33,0.99185
153,34,0.99245
153,35,0.99215
153,36,0.99255
153,37,0.9927
153,38,0.99255
153,39,0.9921
153,40,0.99245
153,41,0.9928
153,42,0.99275
153,43,0.99295
153,44,0.9928
153,45,0.99295
153,46,0.9928
153,47,0.9925
153,48,0.99225
153,49,0.9922
153,50,0.99235
154,1,0.9421
154,2,0.9443
154,3,0.9743666666666666
154,4,0.979275
154,5,0.9846
154,6,0.9857333333333334
154,7,0.9877666666666668
154,8,0.9875
154,9,0.98885
154,10,0.98885
154,11,0.9892833333333332
154,12,0.98995
154,13,0.991
154,14,0.9905833333333333
154,15,0.99075
154,16,0.99065
154,17,0.9912
154,18,0.9912
154,19,0.9912
154,20,0.9916
154,21,0.99135
154,22,0.99165
154,23,0.99195
154,24,0.9917
154,25,0.9922
154,26,0.99245
154,27,0.9924
154,28,0.99275
154,29,0.9928
154,30,0.99275
154,31,0.99265
154,32,0.9929
154,33,0.9931
154,34,0.99285
154,35,0.99295
154,36,0.99275
154,37,0.9924
154,38,0.99265
154,39,0.99295
154,40,0.9927
154,41,0.9926
154,42,0.9925
154,43,0.9929333333333332
154,44,0.99245
154,45,0.9923
154,46,0.99205
154,47,0.99225
154,48,0.99225
154,49,0.99255
154,50,0.99245
155,1,0.9462
155,2,0.9475
155,3,0.9791333333333335
155,4,0.98185
155,5,0.98545
155,6,0.9862166666666667
155,7,0.98795
155,8,0.9890166666666668
155,9,0.9888333333333333
155,10,0.98925
155,11,0.9901333333333334
155,12,0.9899166666666666
155,13,0.9906
155,14,0.99135
155,15,0.9916666666666666
155,16,0.9912
155,17,0.991225
155,18,0.9915666666666666
155,19,0.99165
155,20,0.99165
155,21,0.99155
155,22,0.9917
155,23,0.9913
155,24,0.99115
155,25,0.9911
155,26,0.99105
155,27,0.9911
155,28,0.9915
155,29,0.9912
155,30,0.99155
155,31,0.99175
155,32,0.99205
155,33,0.99185
155,34,0.99175
155,35,0.9921
155,36,0.99245
155,37,0.99215
155,38,0.99265
155,39,0.99265
155,40,0.9926833333333333
155,41,0.99245
155,42,0.9928
155,43,0.99325
155,44,0.9931
155,45,0.99275
155,46,0.99265
155,47,0.9929
155,48,0.99285
155,49,0.99275
155,50,0.99285
156,1,0.9447
156,2,0.9494
156,3,0.9785333333333327
156,4,0.981325
156,5,0.9847899999999999
156,6,0.9872666666666667
156,7,0.9885333333333333
156,8,0.9893166666666666
156,9,0.99015
156,10,0.99125
156,11,0.9919333333333332
156,12,0.9917666666666666
156,13,0.9922
156,14,0.99205
156,15,0.9925
156,16,0.99285
156,17,0.99275
156,18,0.99355
156,19,0.9933
156,20,0.9939
156,21,0.9935
156,22,0.99345
156,23,0.9931
156,24,0.993
156,25,0.99305
156,26,0.9921333333333332
156,27,0.9924833333333334
156,28,0.9929
156,29,0.99275
156,30,0.993
156,31,0.99265
156,32,0.9932
156,33,0.9931833333333334
156,34,0.994
156,35,0.99345
156,36,0.99355
156,37,0.9937
156,38,0.99425
156,39,0.99415
156,40,0.9942
156,41,0.9938
156,42,0.9936
156,43,0.99325
156,44,0.9936
156,45,0.99395
156,46,0.9935
156,47,0.9935
156,48,0.9931
156,49,0.99335
156,50,0.99355
157,1,0.9536
157,2,0.95295
157,3,0.9778
157,4,0.981425
157,5,0.98475
157,6,0.9854333333333334
157,7,0.9878666666666666
157,8,0.9883333333333332
157,9,0.98845
157,10,0.9888
157,11,0.99005
157,12,0.99035
157,13,0.9905333333333333
157,14,0.99055
157,15,0.9904
157,16,0.9918333333333332
157,17,0.9927
157,18,0.99235
157,19,0.993
157,20,0.99215
157,21,0.9926
157,22,0.99225
157,23,0.99145
157,24,0.99165
157,25,0.99215
157,26,0.99165
157,27,0.99175
157,28,0.9916
157,29,0.9917
157,30,0.99205
157,31,0.9923
157,32,0.99205
157,33,0.99205
157,34,0.99195
157,35,0.99205
157,36,0.99225
157,37,0.99215
157,38,0.9924
157,39,0.99245
157,40,0.99295
157,41,0.9931
157,42,0.9931
157,43,0.99305
157,44,0.99275
157,45,0.99215
157,46,0.99255
157,47,0.9921
157,48,0.9918
157,49,0.99235
157,50,0.99245
158,1,0.9446
158,2,0.9474
158,3,0.9774333333333334
158,4,0.98045
158,5,0.9843
158,6,0.9852666666666667
158,7,0.9861
158,8,0.98665
158,9,0.9888833333333334
158,10,0.9885166666666668
158,11,0.98885
158,12,0.9891833333333334
158,13,0.9895666666666666
158,14,0.9892666666666666
158,15,0.9901
158,16,0.9903
158,17,0.9902
158,18,0.9910166666666668
158,19,0.9912
158,20,0.9913333333333334
158,21,0.9919666666666666
158,22,0.99225
158,23,0.9926
158,24,0.99245
158,25,0.99255
158,26,0.9924
158,27,0.9927
158,28,0.9927
158,29,0.99295
158,30,0.9929
158,31,0.99305
158,32,0.9931
158,33,0.99305
158,34,0.993
158,35,0.993
158,36,0.99305
158,37,0.99275
158,38,0.9928
158,39,0.99295
158,40,0.99275
158,41,0.993
158,42,0.993
158,43,0.9932
158,44,0.9932
158,45,0.99295
158,46,0.993
158,47,0.993
158,48,0.993
158,49,0.99295
158,50,0.9928
159,1,0.9482
159,2,0.9495
159,3,0.9809333333333334
159,4,0.98365
159,5,0.98655
159,6,0.9878333333333333
159,7,0.9877166666666666
159,8,0.9887166666666668
159,9,0.9902083333333332
159,10,0.9898833333333332
159,11,0.99045
159,12,0.9902666666666667
159,13,0.9907833333333332
159,14,0.99105
159,15,0.9918
159,16,0.9912166666666667
159,17,0.9912
159,18,0.9912
159,19,0.99205
159,20,0.9915333333333333
159,21,0.9917333333333332
159,22,0.9919833333333332
159,23,0.9926
159,24,0.99255
159,25,0.99245
159,26,0.9924666666666668
159,27,0.9919
159,28,0.99205
159,29,0.99195
159,30,0.99255
159,31,0.9925
159,32,0.9927166666666668
159,33,0.99265
159,34,0.9928833333333332
159,35,0.9933666666666668
159,36,0.99325
159,37,0.9933
159,38,0.9932166666666667
159,39,0.9933666666666668
159,40,0.9931666666666668
159,41,0.99305
159,42,0.99345
159,43,0.9937
159,44,0.99355
159,45,0.9934
159,46,0.99345
159,47,0.99365
159,48,0.9934
159,49,0.9933
159,50,0.993
160,1,0.9469
160,2,0.94985
160,3,0.9772666666666668
160,4,0.98005
160,5,0.98345
160,6,0.9834166666666666
160,7,0.9860000000000002
160,8,0.98665
160,9,0.9865833333333334
160,10,0.9875
160,11,0.98865
160,12,0.9885333333333334
160,13,0.98895
160,14,0.9889333333333332
160,15,0.98885
160,16,0.9890166666666667
160,17,0.98925
160,18,0.9892
160,19,0.9893
160,20,0.98935
160,21,0.98935
160,22,0.99
160,23,0.98965
160,24,0.9893166666666666
160,25,0.9899166666666666
160,26,0.9901
160,27,0.98985
160,28,0.9902
160,29,0.99075
160,30,0.9905
160,31,0.9908
160,32,0.99105
160,33,0.9909
160,34,0.991
160,35,0.9907
160,36,0.99065
160,37,0.99065
160,38,0.9904
160,39,0.99045
160,40,0.99045
160,41,0.99015
160,42,0.99055
160,43,0.99045
160,44,0.99045
160,45,0.99035
160,46,0.9908
160,47,0.99085
160,48,0.99085
160,49,0.9912
160,50,0.99105
161,1,0.9489
161,2,0.94625
161,3,0.9780000000000003
161,4,0.981175
161,5,0.98524
161,6,0.98665
161,7,0.9883666666666666
161,8,0.9889083333333332
161,9,0.9893166666666667
161,10,0.9893
161,11,0.9896
161,12,0.9894583333333332
161,13,0.9892
161,14,0.9893
161,15,0.98945
161,16,0.98955
161,17,0.9892833333333334
161,18,0.9902
161,19,0.9907
161,20,0.9910333333333334
161,21,0.991
161,22,0.9912
161,23,0.991
161,24,0.9915333333333333
161,25,0.99165
161,26,0.9915
161,27,0.9921333333333332
161,28,0.99215
161,29,0.9916
161,30,0.99165
161,31,0.99165
161,32,0.99195
161,33,0.99235
161,34,0.99205
161,35,0.9919
161,36,0.9917
161,37,0.9918
161,38,0.992
161,39,0.9917
161,40,0.99195
161,41,0.9919
161,42,0.992
161,43,0.9918
161,44,0.99185
161,45,0.992
161,46,0.9919
161,47,0.99165
161,48,0.9916
161,49,0.99165
161,50,0.992
162,1,0.9493
162,2,0.9482
162,3,0.9797
162,4,0.98265
162,5,0.98535
162,6,0.9868333333333332
162,7,0.9883333333333334
162,8,0.9894
162,9,0.9901833333333332
162,10,0.98965
162,11,0.99035
162,12,0.98985
162,13,0.99005
162,14,0.9911
162,15,0.9915
162,16,0.99165
162,17,0.99095
162,18,0.99125
162,19,0.99125
162,20,0.9911
162,21,0.991
162,22,0.9911
162,23,0.99115
162,24,0.9915
162,25,0.9915
162,26,0.99155
162,27,0.9916
162,28,0.99145
162,29,0.9912
162,30,0.9912
162,31,0.99155
162,32,0.9921
162,33,0.99185
162,34,0.99185
162,35,0.9917333333333332
162,36,0.99225
162,37,0.9924
162,38,0.99275
162,39,0.9927
162,40,0.9923
162,41,0.99215
162,42,0.99235
162,43,0.99205
162,44,0.9925
162,45,0.99235
162,46,0.9921
162,47,0.9923
162,48,0.99215
162,49,0.99235
162,50,0.99275
163,1,0.9447
163,2,0.94755
163,3,0.9749333333333335
163,4,0.97955
163,5,0.9845099999999999
163,6,0.9859833333333334
163,7,0.98715
163,8,0.9882333333333334
163,9,0.9896333333333333
163,10,0.9901499999999999
163,11,0.9903333333333334
163,12,0.9908166666666668
163,13,0.9910666666666667
163,14,0.9914166666666668
163,15,0.99135
163,16,0.99115
163,17,0.9909
163,18,0.9914
163,19,0.99185
163,20,0.99175
163,21,0.991
163,22,0.9918
163,23,0.9922
163,24,0.99195
163,25,0.9918
163,26,0.9921
163,27,0.99205
163,28,0.99195
163,29,0.99145
163,30,0.99185
163,31,0.99175
163,32,0.99185
163,33,0.9918
163,34,0.992
163,35,0.9915
163,36,0.99145
163,37,0.99145
163,38,0.99225
163,39,0.99215
163,40,0.9923
163,41,0.99245
163,42,0.9923
163,43,0.9925
163,44,0.99255
163,45,0.99255
163,46,0.99255
163,47,0.99265
163,48,0.9923
163,49,0.9919
163,50,0.99215
164,1,0.9516
164,2,0.9504
164,3,0.9780333333333335
164,4,0.982925
164,5,0.9854200000000001
164,6,0.9869499999999998
164,7,0.9890833333333334
164,8,0.98915
164,9,0.98975
164,10,0.9895833333333333
164,11,0.98905
164,12,0.9903
164,13,0.9915
164,14,0.9913
164,15,0.9912
164,16,0.9914
164,17,0.99195
164,18,0.9925
164,19,0.99275
164,20,0.9928
164,21,0.99305
164,22,0.99275
164,23,0.9921833333333334
164,24,0.99265
164,25,0.99285
164,26,0.99285
164,27,0.99285
164,28,0.9927
164,29,0.99255
164,30,0.9927
164,31,0.9927333333333332
164,32,0.9925
164,33,0.9923
164,34,0.99265
164,35,0.9923
164,36,0.9928
164,37,0.99245
164,38,0.9925
164,39,0.99225
164,40,0.99265
164,41,0.993
164,42,0.99245
164,43,0.99255
164,44,0.9923
164,45,0.99205
164,46,0.9922
164,47,0.9919
164,48,0.9922
164,49,0.9922
164,50,0.9924
165,1,0.946
165,2,0.9443
165,3,0.9760333333333334
165,4,0.980675
165,5,0.98467
165,6,0.9859666666666668
165,7,0.9879166666666668
165,8,0.9882
165,9,0.9892
165,10,0.9896166666666668
165,11,0.9902
165,12,0.9904833333333334
165,13,0.9906
165,14,0.99005
165,15,0.99025
165,16,0.9898
165,17,0.99075
165,18,0.99075
165,19,0.9916
165,20,0.99105
165,21,0.9906833333333332
165,22,0.9908
165,23,0.9912
165,24,0.9914833333333332
165,25,0.9911833333333332
165,26,0.99175
165,27,0.9914
165,28,0.99135
165,29,0.9916
165,30,0.9917
165,31,0.99175
165,32,0.9916
165,33,0.9919
165,34,0.9919
165,35,0.99265
165,36,0.9924
165,37,0.9925
165,38,0.99235
165,39,0.9927
165,40,0.99255
165,41,0.9924
165,42,0.99255
165,43,0.99215
165,44,0.99215
165,45,0.99215
165,46,0.9919
165,47,0.99205
165,48,0.9921
165,49,0.99215
165,50,0.99185
166,1,0.9536
166,2,0.9523
166,3,0.9799666666666667
166,4,0.984475
166,5,0.9881
166,6,0.9895666666666666
166,7,0.9910500000000002
166,8,0.9908
166,9,0.9912833333333332
166,10,0.9914166666666666
166,11,0.9916666666666668
166,12,0.99115
166,13,0.99145
166,14,0.9914
166,15,0.992
166,16,0.99195
166,17,0.9922
166,18,0.9919
166,19,0.9922833333333334
166,20,0.9924333333333334
166,21,0.992925
166,22,0.99305
166,23,0.9928833333333333
166,24,0.9927
166,25,0.9927
166,26,0.9924
166,27,0.9929
166,28,0.99305
166,29,0.993
166,30,0.99305
166,31,0.993
166,32,0.99295
166,33,0.99295
166,34,0.99285
166,35,0.993
166,36,0.99315
166,37,0.99325
166,38,0.99355
166,39,0.99335
166,40,0.99305
166,41,0.9925
166,42,0.99285
166,43,0.99235
166,44,0.9926
166,45,0.9925
166,46,0.99245
166,47,0.99265
166,48,0.99275
166,49,0.99275
166,50,0.9932
167,1,0.9479
167,2,0.9461
167,3,0.9748999999999998
167,4,0.979925
167,5,0.9837
167,6,0.9848166666666666
167,7,0.9855166666666666
167,8,0.98645
167,9,0.9877
167,10,0.9874
167,11,0.9886366666666667
167,12,0.9885
167,13,0.98925
167,14,0.98955
167,15,0.98935
167,16,0.99075
167,17,0.99095
167,18,0.99085
167,19,0.99095
167,20,0.99125
167,21,0.99125
167,22,0.99195
167,23,0.99115
167,24,0.9912
167,25,0.99075
167,26,0.991
167,27,0.99145
167,28,0.9913
167,29,0.9909
167,30,0.99115
167,31,0.99095
167,32,0.991
167,33,0.9917
167,34,0.99125
167,35,0.9912
167,36,0.9913
167,37,0.9913
167,38,0.99135
167,39,0.9914
167,40,0.992
167,41,0.9923
167,42,0.99205
167,43,0.99235
167,44,0.99215
167,45,0.99205
167,46,0.99175
167,47,0.9918
167,48,0.99125
167,49,0.99175
167,50,0.9917
168,1,0.9487
168,2,0.9504
168,3,0.9790999999999996
168,4,0.983125
168,5,0.98669
168,6,0.9867166666666668
168,7,0.9888666666666666
168,8,0.9896166666666666
168,9,0.99085
168,10,0.99035
168,11,0.9903833333333332
168,12,0.9902
168,13,0.991
168,14,0.9912
168,15,0.9908
168,16,0.9909166666666666
168,17,0.9907
168,18,0.99095
168,19,0.991
168,20,0.9914
168,21,0.9914666666666666
168,22,0.99205
168,23,0.9919
168,24,0.9921
168,25,0.992
168,26,0.99215
168,27,0.99185
168,28,0.99225
168,29,0.99255
168,30,0.9926
168,31,0.9926
168,32,0.99245
168,33,0.99275
168,34,0.9926
168,35,0.9924
168,36,0.9926
168,37,0.99255
168,38,0.99255
168,39,0.99265
168,40,0.9926
168,41,0.9925
168,42,0.99265
168,43,0.9925
168,44,0.9927
168,45,0.99285
168,46,0.99295
168,47,0.993
168,48,0.9927
168,49,0.9929
168,50,0.9931
169,1,0.9458
169,2,0.9486
169,3,0.9806666666666668
169,4,0.98365
169,5,0.9849
169,6,0.9858666666666668
169,7,0.98735
169,8,0.9876833333333332
169,9,0.9891916666666666
169,10,0.9893833333333332
169,11,0.9897166666666666
169,12,0.9896833333333332
169,13,0.99015
169,14,0.9902333333333334
169,15,0.9903833333333332
169,16,0.99025
169,17,0.99045
169,18,0.9901333333333332
169,19,0.9903
169,20,0.99
169,21,0.9901
169,22,0.99025
169,23,0.9904
169,24,0.9904333333333334
169,25,0.9896833333333332
169,26,0.98985
169,27,0.98985
169,28,0.99015
169,29,0.99045
169,30,0.9905
169,31,0.99045
169,32,0.9904
169,33,0.99055
169,34,0.991
169,35,0.991
169,36,0.99075
169,37,0.99125
169,38,0.99135
169,39,0.99165
169,40,0.9915
169,41,0.9915
169,42,0.9916
169,43,0.99185
169,44,0.99165
169,45,0.9917
169,46,0.99155
169,47,0.99165
169,48,0.9915
169,49,0.9916
169,50,0.99195
170,1,0.9504
170,2,0.9485
170,3,0.9783333333333336
170,4,0.98145
170,5,0.9840200000000001
170,6,0.9851833333333332
170,7,0.9859833333333332
170,8,0.9859166666666668
170,9,0.9873833333333332
170,10,0.9887
170,11,0.9890166666666668
170,12,0.98955
170,13,0.98975
170,14,0.9892
170,15,0.99005
170,16,0.99025
170,17,0.99
170,18,0.9906
170,19,0.99065
170,20,0.9909
170,21,0.9909
170,22,0.99045
170,23,0.9909
170,24,0.99125
170,25,0.99085
170,26,0.9910166666666667
170,27,0.9905666666666666
170,28,0.9909166666666666
170,29,0.9912166666666666
170,30,0.9916166666666666
170,31,0.9918166666666666
170,32,0.992
170,33,0.99245
170,34,0.99175
170,35,0.99135
170,36,0.99175
170,37,0.99195
170,38,0.9921
170,39,0.9919
170,40,0.9919
170,41,0.99195
170,42,0.99205
170,43,0.99195
170,44,0.9921
170,45,0.9918
170,46,0.9919
170,47,0.99205
170,48,0.992
170,49,0.99235
170,50,0.9922
171,1,0.9461
171,2,0.9455
171,3,0.9775333333333333
171,4,0.9805
171,5,0.98365
171,6,0.9848666666666668
171,7,0.9858
171,8,0.9867833333333333
171,9,0.9883166666666666
171,10,0.9877333333333332
171,11,0.98825
171,12,0.9891833333333334
171,13,0.9900166666666667
171,14,0.98965
171,15,0.99015
171,16,0.98935
171,17,0.98975
171,18,0.98995
171,19,0.9901333333333332
171,20,0.98995
171,21,0.99065
171,22,0.99115
171,23,0.9909
171,24,0.99065
171,25,0.9908
171,26,0.99085
171,27,0.9907
171,28,0.9906333333333333
171,29,0.9907
171,30,0.9905
171,31,0.99055
171,32,0.9908
171,33,0.99025
171,34,0.99035
171,35,0.9904
171,36,0.9908833333333332
171,37,0.9912
171,38,0.99115
171,39,0.9913
171,40,0.9916
171,41,0.9923
171,42,0.9925
171,43,0.9925
171,44,0.9924
171,45,0.9924
171,46,0.99225
171,47,0.9926
171,48,0.99245
171,49,0.99265
171,50,0.99285
172,1,0.949
172,2,0.947
172,3,0.9773999999999998
172,4,0.980225
172,5,0.9834
172,6,0.9852166666666666
172,7,0.9872666666666666
172,8,0.9876
172,9,0.9878666666666666
172,10,0.9886333333333333
172,11,0.98935
172,12,0.98935
172,13,0.98975
172,14,0.98915
172,15,0.9889833333333332
172,16,0.9893
172,17,0.98945
172,18,0.98995
172,19,0.9904
172,20,0.99045
172,21,0.99025
172,22,0.9902
172,23,0.9901
172,24,0.98975
172,25,0.99
172,26,0.99055
172,27,0.9904
172,28,0.9906833333333332
172,29,0.99075
172,30,0.99075
172,31,0.99025
172,32,0.99075
172,33,0.9905
172,34,0.99055
172,35,0.99095
172,36,0.99095
172,37,0.99125
172,38,0.99165
172,39,0.99135
172,40,0.99175
172,41,0.99165
172,42,0.99155
172,43,0.9917
172,44,0.9919
172,45,0.99205
172,46,0.992
172,47,0.99175
172,48,0.9913
172,49,0.99175
172,50,0.99195
173,1,0.9475
173,2,0.94675
173,3,0.9747333333333333
173,4,0.979775
173,5,0.9839899999999999
173,6,0.9841166666666666
173,7,0.98775
173,8,0.9897166666666668
173,9,0.9902666666666666
173,10,0.9911833333333334
173,11,0.9912833333333334
173,12,0.9906916666666667
173,13,0.990975
173,14,0.9913200000000001
173,15,0.99125
173,16,0.9907
173,17,0.9903
173,18,0.9909
173,19,0.99135
173,20,0.99095
173,21,0.9915333333333333
173,22,0.99135
173,23,0.99115
173,24,0.9913166666666667
173,25,0.99145
173,26,0.9919
173,27,0.99185
173,28,0.99205
173,29,0.9919
173,30,0.99215
173,31,0.992
173,32,0.99175
173,33,0.99135
173,34,0.99145
173,35,0.99195
173,36,0.99205
173,37,0.992
173,38,0.9918
173,39,0.9918
173,40,0.992
173,41,0.99205
173,42,0.9917
173,43,0.9914
173,44,0.99135
173,45,0.99165
173,46,0.99185
173,47,0.9922
173,48,0.992
173,49,0.99195
173,50,0.9919
174,1,0.951
174,2,0.9504
174,3,0.9789333333333335
174,4,0.98125
174,5,0.9834700000000001
174,6,0.9852499999999998
174,7,0.9867333333333332
174,8,0.9866166666666668
174,9,0.9880833333333332
174,10,0.9885666666666666
174,11,0.98915
174,12,0.9894
174,13,0.99005
174,14,0.9897
174,15,0.98975
174,16,0.9897833333333332
174,17,0.9894
174,18,0.98975
174,19,0.9903
174,20,0.9901
174,21,0.99045
174,22,0.99015
174,23,0.9899833333333334
174,24,0.9899333333333332
174,25,0.9901333333333332
174,26,0.99045
174,27,0.99075
174,28,0.9904
174,29,0.99045
174,30,0.9905
174,31,0.9907
174,32,0.9903
174,33,0.9904
174,34,0.99025
174,35,0.99045
174,36,0.99085
174,37,0.9907
174,38,0.99055
174,39,0.9908
174,40,0.99095
174,41,0.99095
174,42,0.9909
174,43,0.9911
174,44,0.99125
174,45,0.9916
174,46,0.99135
174,47,0.99105
174,48,0.9916
174,49,0.99155
174,50,0.99185
175,1,0.9511
175,2,0.9515
175,3,0.9767000000000002
175,4,0.980125
175,5,0.98455
175,6,0.9851666666666666
175,7,0.9863833333333332
175,8,0.987
175,9,0.9875916666666668
175,10,0.9880733333333334
175,11,0.9881666666666667
175,12,0.98815
175,13,0.98945
175,14,0.9897666666666668
175,15,0.98945
175,16,0.9907
175,17,0.9913
175,18,0.99075
175,19,0.9913
175,20,0.9917
175,21,0.9913
175,22,0.99135
175,23,0.99225
175,24,0.9911333333333334
175,25,0.9916833333333334
175,26,0.99175
175,27,0.9911
175,28,0.9922
175,29,0.99205
175,30,0.99185
175,31,0.9919
175,32,0.9928
175,33,0.99265
175,34,0.9926
175,35,0.99255
175,36,0.99265
175,37,0.9926
175,38,0.9931
175,39,0.99285
175,40,0.993
175,41,0.99305
175,42,0.9931
175,43,0.99285
175,44,0.99285
175,45,0.99255
175,46,0.9923
175,47,0.99225
175,48,0.9924
175,49,0.9924
175,50,0.992
176,1,0.9485
176,2,0.9475
176,3,0.9773666666666666
176,4,0.982
176,5,0.9840899999999999
176,6,0.9850666666666668
176,7,0.9861833333333332
176,8,0.987875
176,9,0.9883833333333332
176,10,0.989
176,11,0.98925
176,12,0.9901
176,13,0.9905333333333333
176,14,0.9904833333333332
176,15,0.9904833333333334
176,16,0.99015
176,17,0.9909833333333332
176,18,0.9908833333333334
176,19,0.9909
176,20,0.99075
176,21,0.9908
176,22,0.9907833333333333
176,23,0.991
176,24,0.9911
176,25,0.99155
176,26,0.9915
176,27,0.99135
176,28,0.9915
176,29,0.99155
176,30,0.9915
176,31,0.9914
176,32,0.9912
176,33,0.9917
176,34,0.99175
176,35,0.9919
176,36,0.9918
176,37,0.9919
176,38,0.9921
176,39,0.99225
176,40,0.99205
176,41,0.99225
176,42,0.9922
176,43,0.99245
176,44,0.99235
176,45,0.9925
176,46,0.9925
176,47,0.99225
176,48,0.9925
176,49,0.99265
176,50,0.99265
177,1,0.9498
177,2,0.9476
177,3,0.9754333333333333
177,4,0.981125
177,5,0.9853
177,6,0.9864666666666666
177,7,0.9874833333333332
177,8,0.9882
177,9,0.9886166666666666
177,10,0.98905
177,11,0.9891833333333334
177,12,0.9900666666666667
177,13,0.99025
177,14,0.99065
177,15,0.9908
177,16,0.9909
177,17,0.99115
177,18,0.9909
177,19,0.99065
177,20,0.99075
177,21,0.9911833333333334
177,22,0.9906
177,23,0.99115
177,24,0.9908
177,25,0.9905
177,26,0.9909
177,27,0.9912
177,28,0.99145
177,29,0.99145
177,30,0.99105
177,31,0.9911
177,32,0.99165
177,33,0.99165
177,34,0.9918
177,35,0.99185
177,36,0.9918
177,37,0.9918
177,38,0.9919
177,39,0.99185
177,40,0.9924
177,41,0.9923
177,42,0.9924
177,43,0.9921
177,44,0.992
177,45,0.9921
177,46,0.9922
177,47,0.99245
177,48,0.9925
177,49,0.9926
177,50,0.99255
178,1,0.9553
178,2,0.9515
178,3,0.9772
178,4,0.98035
178,5,0.9845700000000001
178,6,0.9848666666666666
178,7,0.98545
178,8,0.9867
178,9,0.9870666666666666
178,10,0.9877166666666668
178,11,0.98855
178,12,0.9891333333333332
178,13,0.9895
178,14,0.9902833333333334
178,15,0.99035
178,16,0.9906
178,17,0.9905
178,18,0.9906
178,19,0.99115
178,20,0.9908
178,21,0.99045
178,22,0.99105
178,23,0.991
178,24,0.99135
178,25,0.99125
178,26,0.99095
178,27,0.99125
178,28,0.9908833333333332
178,29,0.9911333333333332
178,30,0.99165
178,31,0.99145
178,32,0.9918
178,33,0.9919
178,34,0.9916
178,35,0.9918
178,36,0.9913
178,37,0.99105
178,38,0.9915
178,39,0.9921
178,40,0.99205
178,41,0.992
178,42,0.9917
178,43,0.9918
178,44,0.99175
178,45,0.99175
178,46,0.9915
178,47,0.9916
178,48,0.9918
178,49,0.9921
178,50,0.9921
179,1,0.9507
179,2,0.95195
179,3,0.9782333333333331
179,4,0.98035
179,5,0.98435
179,6,0.9861666666666666
179,7,0.9882833333333334
179,8,0.98905
179,9,0.9898000000000002
179,10,0.9908333333333333
179,11,0.99115
179,12,0.9912
179,13,0.99155
179,14,0.99165
179,15,0.99155
179,16,0.99165
179,17,0.9918
179,18,0.99205
179,19,0.99235
179,20,0.99185
179,21,0.992
179,22,0.9923
179,23,0.99195
179,24,0.9921
179,25,0.9921
179,26,0.99235
179,27,0.9928
179,28,0.99345
179,29,0.99315
179,30,0.99345
179,31,0.99305
179,32,0.9932
179,33,0.9935
179,34,0.9933
179,35,0.9934
179,36,0.99345
179,37,0.99345
179,38,0.99355
179,39,0.9937
179,40,0.99345
179,41,0.9932
179,42,0.9933
179,43,0.99305
179,44,0.99305
179,45,0.9931
179,46,0.9933
179,47,0.99335
179,48,0.9935
179,49,0.99345
179,50,0.9936
180,1,0.9446
180,2,0.94635
180,3,0.9764333333333337
180,4,0.978325
180,5,0.98221
180,6,0.98455
180,7,0.9875
180,8,0.98825
180,9,0.9895
180,10,0.98935
180,11,0.9895
180,12,0.9888666666666668
180,13,0.98935
180,14,0.9897833333333333
180,15,0.99005
180,16,0.9901
180,17,0.99075
180,18,0.9905
180,19,0.99045
180,20,0.9904333333333332
180,21,0.99055
180,22,0.9908
180,23,0.99075
180,24,0.99115
180,25,0.99185
180,26,0.99195
180,27,0.9921
180,28,0.9918
180,29,0.9917
180,30,0.9917
180,31,0.99125
180,32,0.9921
180,33,0.9926
180,34,0.9922833333333332
180,35,0.99235
180,36,0.99225
180,37,0.9929
180,38,0.99245
180,39,0.99225
180,40,0.9925
180,41,0.9919
180,42,0.99185
180,43,0.99205
180,44,0.9921
180,45,0.9919
180,46,0.99235
180,47,0.9925
180,48,0.99235
180,49,0.99195
180,50,0.99205
181,1,0.9477
181,2,0.94765
181,3,0.9781333333333335
181,4,0.98095
181,5,0.98545
181,6,0.9861333333333332
181,7,0.9865
181,8,0.9875
181,9,0.9889416666666666
181,10,0.9885
181,11,0.98905
181,12,0.9894
181,13,0.9898
181,14,0.99055
181,15,0.9906166666666668
181,16,0.9908
181,17,0.99085
181,18,0.99075
181,19,0.99135
181,20,0.99145
181,21,0.99175
181,22,0.9917
181,23,0.992
181,24,0.99175
181,25,0.99165
181,26,0.9913
181,27,0.99155
181,28,0.99155
181,29,0.99165
181,30,0.9916
181,31,0.9915
181,32,0.9913
181,33,0.9915
181,34,0.99095
181,35,0.99115
181,36,0.9913
181,37,0.9915
181,38,0.99165
181,39,0.9916
181,40,0.99165
181,41,0.99195
181,42,0.99205
181,43,0.99185
181,44,0.99185
181,45,0.9919
181,46,0.9923
181,47,0.9922
181,48,0.9916
181,49,0.99145
181,50,0.99155
182,1,0.9497
182,2,0.94945
182,3,0.9783666666666664
182,4,0.981175
182,5,0.9851200000000001
182,6,0.9853666666666664
182,7,0.9874
182,8,0.98695
182,9,0.9877666666666668
182,10,0.98855
182,11,0.9897666666666666
182,12,0.9895833333333334
182,13,0.9897333333333332
182,14,0.9899
182,15,0.98975
182,16,0.98975
182,17,0.9903833333333334
182,18,0.9906
182,19,0.9905
182,20,0.9906
182,21,0.991
182,22,0.9914
182,23,0.9913
182,24,0.99165
182,25,0.9916
182,26,0.9917
182,27,0.99185
182,28,0.99215
182,29,0.9920666666666668
182,30,0.9916333333333333
182,31,0.9917
182,32,0.9915666666666668
182,33,0.9918
182,34,0.99175
182,35,0.9921
182,36,0.992
182,37,0.9920833333333332
182,38,0.9918
182,39,0.99185
182,40,0.9921
182,41,0.99215
182,42,0.99275
182,43,0.9929
182,44,0.99315
182,45,0.99315
182,46,0.99305
182,47,0.99285
182,48,0.9931
182,49,0.9929
182,50,0.99305
183,1,0.9528
183,2,0.9506
183,3,0.9785666666666668
183,4,0.981325
183,5,0.9859399999999999
183,6,0.9859833333333332
183,7,0.9864666666666666
183,8,0.98675
183,9,0.9867166666666666
183,10,0.98665
183,11,0.98745
183,12,0.9886
183,13,0.98925
183,14,0.98975
183,15,0.9901333333333334
183,16,0.9896833333333332
183,17,0.9903833333333332
183,18,0.99125
183,19,0.991
183,20,0.99085
183,21,0.9908
183,22,0.9905166666666666
183,23,0.991
183,24,0.9913666666666668
183,25,0.992
183,26,0.9918666666666666
183,27,0.99155
183,28,0.9913
183,29,0.99145
183,30,0.99175
183,31,0.9921666666666666
183,32,0.9921
183,33,0.9923666666666668
183,34,0.99215
183,35,0.9921
183,36,0.9922
183,37,0.99205
183,38,0.992
183,39,0.99195
183,40,0.9921
183,41,0.99195
183,42,0.99195
183,43,0.99225
183,44,0.9922
183,45,0.99215
183,46,0.99185
183,47,0.99195
183,48,0.99215
183,49,0.9922
183,50,0.9925
184,1,0.9481
184,2,0.948
184,3,0.9772999999999998
184,4,0.98085
184,5,0.9842700000000001
184,6,0.9855666666666664
184,7,0.98715
184,8,0.9867
184,9,0.9888333333333332
184,10,0.9885
184,11,0.9897333333333334
184,12,0.9906
184,13,0.9906
184,14,0.991
184,15,0.99125
184,16,0.99055
184,17,0.99095
184,18,0.99155
184,19,0.99145
184,20,0.9914
184,21,0.9911
184,22,0.99165
184,23,0.99195
184,24,0.99195
184,25,0.9915
184,26,0.99175
184,27,0.99195
184,28,0.99205
184,29,0.9916
184,30,0.99175
184,31,0.99195
184,32,0.992
184,33,0.99195
184,34,0.9921
184,35,0.99215
184,36,0.99235
184,37,0.99215
184,38,0.99205
184,39,0.99185
184,40,0.992
184,41,0.99195
184,42,0.99165
184,43,0.99185
184,44,0.99195
184,45,0.9923
184,46,0.99205
184,47,0.99205
184,48,0.9919
184,49,0.99175
184,50,0.99185
185,1,0.9491
185,2,0.94725
185,3,0.976766666666667
185,4,0.981375
185,5,0.9836
185,6,0.9853833333333334
185,7,0.9870166666666667
185,8,0.9874
185,9,0.9884166666666666
185,10,0.9892166666666666
185,11,0.9899
185,12,0.9912333333333334
185,13,0.9916166666666668
185,14,0.9907
185,15,0.99095
185,16,0.9908666666666668
185,17,0.99055
185,18,0.99055
185,19,0.9906
185,20,0.99095
185,21,0.99085
185,22,0.991
185,23,0.9914
185,24,0.9909
185,25,0.99075
185,26,0.9911
185,27,0.9914
185,28,0.9917
185,29,0.9917
185,30,0.99145
185,31,0.992
185,32,0.99145
185,33,0.9915
185,34,0.9917
185,35,0.99145
185,36,0.99135
185,37,0.99175
185,38,0.9918
185,39,0.99185
185,40,0.9921
185,41,0.9921
185,42,0.9922
185,43,0.99185
185,44,0.99205
185,45,0.9923
185,46,0.9926
185,47,0.99235
185,48,0.99215
185,49,0.99245
185,50,0.9927
186,1,0.9515
186,2,0.95235
186,3,0.9815333333333334
186,4,0.9841
186,5,0.9877
186,6,0.9885166666666668
186,7,0.9909166666666668
186,8,0.9912833333333334
186,9,0.9911833333333332
186,10,0.99195
186,11,0.9929833333333334
186,12,0.992825
186,13,0.9932
186,14,0.993
186,15,0.9928
186,16,0.99345
186,17,0.99335
186,18,0.99395
186,19,0.9944
186,20,0.9945
186,21,0.9945
186,22,0.99435
186,23,0.99445
186,24,0.9944
186,25,0.99445
186,26,0.99475
186,27,0.9947
186,28,0.9944
186,29,0.99415
186,30,0.9948833333333332
186,31,0.99465
186,32,0.9947
186,33,0.9945
186,34,0.9945
186,35,0.99445
186,36,0.99465
186,37,0.99465
186,38,0.99505
186,39,0.99495
186,40,0.99475
186,41,0.9948
186,42,0.9949
186,43,0.9949333333333332
186,44,0.99485
186,45,0.99485
186,46,0.9949
186,47,0.995
186,48,0.99455
186,49,0.9949
186,50,0.99475
187,1,0.9505
187,2,0.94755
187,3,0.9784000000000004
187,4,0.980675
187,5,0.9849
187,6,0.9870333333333334
187,7,0.9879833333333334
187,8,0.9876166666666666
187,9,0.9885083333333332
187,10,0.9887333333333332
187,11,0.9896
187,12,0.9906
187,13,0.9905333333333334
187,14,0.9907
187,15,0.99055
187,16,0.9911
187,17,0.99135
187,18,0.9915
187,19,0.99135
187,20,0.99145
187,21,0.9918
187,22,0.9916
187,23,0.99195
187,24,0.99175
187,25,0.9921
187,26,0.99205
187,27,0.99195
187,28,0.99205
187,29,0.99205
187,30,0.992
187,31,0.9923
187,32,0.99255
187,33,0.9920333333333332
187,34,0.9923
187,35,0.99235
187,36,0.9922
187,37,0.9923
187,38,0.9923
187,39,0.9924
187,40,0.9922
187,41,0.99195
187,42,0.9917
187,43,0.9918
187,44,0.99165
187,45,0.99225
187,46,0.99215
187,47,0.99215
187,48,0.99225
187,49,0.99255
187,50,0.9923
188,1,0.9451
188,2,0.94475
188,3,0.978933333333333
188,4,0.98155
188,5,0.98495
188,6,0.9849833333333334
188,7,0.9867666666666668
188,8,0.986
188,9,0.9862166666666667
188,10,0.98679
188,11,0.98735
188,12,0.9879
188,13,0.9875833333333334
188,14,0.9878833333333334
188,15,0.98775
188,16,0.989
188,17,0.98865
188,18,0.9895833333333334
188,19,0.9894666666666668
188,20,0.9893666666666666
188,21,0.9892
188,22,0.98885
188,23,0.9893666666666668
188,24,0.9891
188,25,0.9894
188,26,0.98905
188,27,0.98875
188,28,0.9891
188,29,0.9897
188,30,0.9894
188,31,0.98945
188,32,0.9892
188,33,0.98955
188,34,0.99
188,35,0.9906
188,36,0.9908
188,37,0.9905
188,38,0.9905
188,39,0.99035
188,40,0.9906
188,41,0.9908
188,42,0.9906
188,43,0.99075
188,44,0.99065
188,45,0.99035
188,46,0.9906
188,47,0.99105
188,48,0.9911
188,49,0.99095
188,50,0.9911
189,1,0.9427
189,2,0.9479
189,3,0.9780666666666664
189,4,0.9815
189,5,0.9844200000000001
189,6,0.9851666666666667
189,7,0.9862166666666666
189,8,0.987325
189,9,0.9875666666666668
189,10,0.9885166666666668
189,11,0.9895
189,12,0.9901
189,13,0.99065
189,14,0.9908
189,15,0.9907833333333332
189,16,0.9912
189,17,0.9913
189,18,0.9915
189,19,0.99125
189,20,0.9911
189,21,0.9910333333333332
189,22,0.9913
189,23,0.99165
189,24,0.9920333333333332
189,25,0.99195
189,26,0.99205
189,27,0.9922333333333332
189,28,0.9924
189,29,0.9926
189,30,0.99255
189,31,0.9925
189,32,0.9927
189,33,0.99255
189,34,0.9927
189,35,0.9925
189,36,0.99225
189,37,0.9924
189,38,0.99235
189,39,0.99275
189,40,0.99275
189,41,0.99265
189,42,0.9926
189,43,0.9927
189,44,0.9926
189,45,0.9929
189,46,0.9929
189,47,0.9929
189,48,0.99315
189,49,0.99295
189,50,0.9928
190,1,0.9515
190,2,0.948
190,3,0.9783666666666669
190,4,0.98245
190,5,0.986
190,6,0.98705
190,7,0.9884833333333334
190,8,0.98875
190,9,0.9899
190,10,0.9892166666666666
190,11,0.9894
190,12,0.98965
190,13,0.9896833333333332
190,14,0.98965
190,15,0.9899
190,16,0.9901
190,17,0.99035
190,18,0.99005
190,19,0.99065
190,20,0.9908
190,21,0.9912
190,22,0.99095
190,23,0.9911
190,24,0.9911
190,25,0.9906
190,26,0.9908
190,27,0.99095
190,28,0.99085
190,29,0.99065
190,30,0.991
190,31,0.991
190,32,0.9911
190,33,0.99145
190,34,0.99135
190,35,0.99125
190,36,0.99115
190,37,0.9913
190,38,0.9911
190,39,0.99135
190,40,0.99125
190,41,0.99135
190,42,0.9912
190,43,0.9912
190,44,0.99095
190,45,0.99105
190,46,0.9911
190,47,0.9911
190,48,0.99085
190,49,0.99105
190,50,0.99085
191,1,0.9496
191,2,0.95055
191,3,0.978633333333333
191,4,0.981725
191,5,0.98424
191,6,0.9857
191,7,0.9871499999999999
191,8,0.98775
191,9,0.9889
191,10,0.9902999999999998
191,11,0.98965
191,12,0.9894
191,13,0.9895999999999998
191,14,0.9904
191,15,0.991
191,16,0.9900166666666667
191,17,0.9893333333333332
191,18,0.9894
191,19,0.98915
191,20,0.9898
191,21,0.99
191,22,0.99025
191,23,0.9902
191,24,0.99005
191,25,0.9903
191,26,0.9901
191,27,0.9902
191,28,0.99065
191,29,0.991
191,30,0.9912
191,31,0.99145
191,32,0.99185
191,33,0.99125
191,34,0.9909833333333332
191,35,0.9909
191,36,0.99065
191,37,0.9907
191,38,0.9909
191,39,0.9911
191,40,0.9909
191,41,0.9907
191,42,0.9912833333333332
191,43,0.9912
191,44,0.99125
191,45,0.9913
191,46,0.99135
191,47,0.9915
191,48,0.9915
191,49,0.9917
191,50,0.9915
192,1,0.9485
192,2,0.94635
192,3,0.9796
192,4,0.98235
192,5,0.9869099999999998
192,6,0.9873333333333334
192,7,0.9877833333333333
192,8,0.9882333333333334
192,9,0.99065
192,10,0.9904833333333332
192,11,0.9906166666666666
192,12,0.9906166666666666
192,13,0.99095
192,14,0.99085
192,15,0.9909166666666666
192,16,0.9914666666666666
192,17,0.9914
192,18,0.99155
192,19,0.99185
192,20,0.9913166666666666
192,21,0.99155
192,22,0.99145
192,23,0.9915166666666668
192,24,0.99145
192,25,0.9914
192,26,0.9913666666666668
192,27,0.9913
192,28,0.9918
192,29,0.9917
192,30,0.9923666666666668
192,31,0.99225
192,32,0.99225
192,33,0.9918
192,34,0.992
192,35,0.99205
192,36,0.99205
192,37,0.99215
192,38,0.9921
192,39,0.9919666666666668
192,40,0.9919
192,41,0.99185
192,42,0.99185
192,43,0.9922
192,44,0.9923
192,45,0.9919
192,46,0.99225
192,47,0.9924
192,48,0.9924
192,49,0.9924
192,50,0.9926
193,1,0.9465
193,2,0.9507
193,3,0.9768999999999998
193,4,0.979725
193,5,0.9845200000000001
193,6,0.9852000000000002
193,7,0.9861833333333334
193,8,0.9871666666666667
193,9,0.9880333333333334
193,10,0.9881333333333334
193,11,0.98854
193,12,0.98885
193,13,0.9891833333333334
193,14,0.9892333333333334
193,15,0.99005
193,16,0.9894666666666668
193,17,0.98965
193,18,0.99005
193,19,0.9905166666666668
193,20,0.99025
193,21,0.9902333333333332
193,22,0.9906
193,23,0.9903
193,24,0.99005
193,25,0.9902
193,26,0.9902
193,27,0.99075
193,28,0.9912
193,29,0.9919
193,30,0.99235
193,31,0.9927
193,32,0.9928
193,33,0.9928
193,34,0.99305
193,35,0.99305
193,36,0.9933
193,37,0.99325
193,38,0.99315
193,39,0.9932
193,40,0.9933
193,41,0.99345
193,42,0.9934
193,43,0.99325
193,44,0.9931
193,45,0.99295
193,46,0.99305
193,47,0.99305
193,48,0.99295
193,49,0.9931
193,50,0.9931
194,1,0.9481
194,2,0.94925
194,3,0.9781999999999994
194,4,0.9833
194,5,0.9863
194,6,0.9870333333333332
194,7,0.98845
194,8,0.989575
194,9,0.9903083333333332
194,10,0.9908
194,11,0.9916
194,12,0.9914833333333334
194,13,0.9919333333333332
194,14,0.99205
194,15,0.99215
194,16,0.9924
194,17,0.9921
194,18,0.99205
194,19,0.9921166666666668
194,20,0.99185
194,21,0.99165
194,22,0.992
194,23,0.9918
194,24,0.9918
194,25,0.9918
194,26,0.99205
194,27,0.99225
194,28,0.99235
194,29,0.992
194,30,0.99165
194,31,0.9915166666666668
194,32,0.99205
194,33,0.99205
194,34,0.9922
194,35,0.99225
194,36,0.99225
194,37,0.9921666666666668
194,38,0.99195
194,39,0.9921
194,40,0.9925
194,41,0.99275
194,42,0.9924
194,43,0.99235
194,44,0.9924
194,45,0.99235
194,46,0.99235
194,47,0.9921
194,48,0.9921
194,49,0.9922
194,50,0.99235
195,1,0.9443
195,2,0.94715
195,3,0.9777333333333336
195,4,0.98135
195,5,0.9852
195,6,0.9853833333333332
195,7,0.98715
195,8,0.9877
195,9,0.9884333333333334
195,10,0.98895
195,11,0.9898
195,12,0.99045
195,13,0.991
195,14,0.9906
195,15,0.9909833333333334
195,16,0.9905333333333334
195,17,0.9911333333333334
195,18,0.9912
195,19,0.9917
195,20,0.9913
195,21,0.99195
195,22,0.9921
195,23,0.99245
195,24,0.99255
195,25,0.99255
195,26,0.99295
195,27,0.99285
195,28,0.99315
195,29,0.99305
195,30,0.9931
195,31,0.99325
195,32,0.99325
195,33,0.99345
195,34,0.9931
195,35,0.99295
195,36,0.9927
195,37,0.99275
195,38,0.99265
195,39,0.99295
195,40,0.99285
195,41,0.9929
195,42,0.9931
195,43,0.99265
195,44,0.99285
195,45,0.99295
195,46,0.9931
195,47,0.99335
195,48,0.9934
195,49,0.99335
195,50,0.99355
196,1,0.949
196,2,0.9477
196,3,0.9785000000000004
196,4,0.98055
196,5,0.9843099999999999
196,6,0.9860833333333332
196,7,0.9877166666666666
196,8,0.9884333333333332
196,9,0.9888833333333332
196,10,0.9895166666666668
196,11,0.9893833333333332
196,12,0.9896666666666666
196,13,0.98975
196,14,0.99035
196,15,0.98995
196,16,0.99015
196,17,0.99015
196,18,0.9901
196,19,0.99005
196,20,0.9903
196,21,0.9905
196,22,0.99035
196,23,0.99045
196,24,0.99125
196,25,0.9912
196,26,0.9911
196,27,0.9912
196,28,0.99085
196,29,0.99145
196,30,0.9913
196,31,0.9912833333333334
196,32,0.9914
196,33,0.991
196,34,0.9905
196,35,0.9911
196,36,0.99095
196,37,0.99105
196,38,0.99135
196,39,0.99135
196,40,0.9915
196,41,0.9914
196,42,0.9913
196,43,0.9911
196,44,0.9911
196,45,0.9914
196,46,0.9918
196,47,0.99155
196,48,0.9919
196,49,0.992
196,50,0.9919
197,1,0.9543
197,2,0.95245
197,3,0.9800999999999999
197,4,0.9821
197,5,0.98645
197,6,0.9873666666666666
197,7,0.9891500000000002
197,8,0.989275
197,9,0.9900166666666668
197,10,0.9903666666666668
197,11,0.99135
197,12,0.99115
197,13,0.99155
197,14,0.9918
197,15,0.9919
197,16,0.9921
197,17,0.99225
197,18,0.9927
197,19,0.9923166666666667
197,20,0.9928
197,21,0.9932
197,22,0.9928
197,23,0.99295
197,24,0.99295
197,25,0.9933
197,26,0.9931
197,27,0.9932
197,28,0.9933
197,29,0.9931
197,30,0.99315
197,31,0.99345
197,32,0.9937
197,33,0.9935
197,34,0.9935
197,35,0.9934
197,36,0.9934
197,37,0.9934
197,38,0.9935
197,39,0.9933
197,40,0.99315
197,41,0.99335
197,42,0.99335
197,43,0.9931
197,44,0.99305
197,45,0.9929
197,46,0.99305
197,47,0.9932
197,48,0.99295
197,49,0.99315
197,50,0.9931
198,1,0.9487
198,2,0.95005
198,3,0.9774333333333333
198,4,0.9816
198,5,0.9851200000000001
198,6,0.98655
198,7,0.9878833333333334
198,8,0.988375
198,9,0.9891083333333334
198,10,0.9901533333333333
198,11,0.9909
198,12,0.99045
198,13,0.99065
198,14,0.9908
198,15,0.9911
198,16,0.99155
198,17,0.9917
198,18,0.99225
198,19,0.9926833333333334
198,20,0.99295
198,21,0.9927
198,22,0.99235
198,23,0.9922
198,24,0.9925
198,25,0.99285
198,26,0.99255
198,27,0.99245
198,28,0.9922
198,29,0.9921
198,30,0.992
198,31,0.99175
198,32,0.99205
198,33,0.9923
198,34,0.99155
198,35,0.99195
198,36,0.99215
198,37,0.9919
198,38,0.9925
198,39,0.99265
198,40,0.99245
198,41,0.9926
198,42,0.99285
198,43,0.99255
198,44,0.99255
198,45,0.9925
198,46,0.9928
198,47,0.99225
198,48,0.99255
198,49,0.99235
198,50,0.9923
199,1,0.9463
199,2,0.9454
199,3,0.9791
199,4,0.982
199,5,0.98524
199,6,0.98635
199,7,0.9878
199,8,0.9888916666666668
199,9,0.9897916666666667
199,10,0.990125
199,11,0.990425
199,12,0.99095
199,13,0.9915
199,14,0.99145
199,15,0.9912
199,16,0.9916
199,17,0.99205
199,18,0.99205
199,19,0.99135
199,20,0.99135
199,21,0.9914
199,22,0.9922
199,23,0.9923166666666666
199,24,0.99275
199,25,0.99285
199,26,0.99275
199,27,0.9927
199,28,0.9927
199,29,0.9928
199,30,0.9925
199,31,0.9926
199,32,0.99285
199,33,0.99275
199,34,0.99255
199,35,0.99295
199,36,0.99325
199,37,0.99335
199,38,0.99325
199,39,0.99325
199,40,0.99335
199,41,0.9934
199,42,0.9934
199,43,0.9936
199,44,0.9934
199,45,0.99325
199,46,0.9933
199,47,0.9932
199,48,0.99325
199,49,0.9933
199,50,0.9933
